0.1	0.1.1
1	AAGAACGUCAAACAUCUGGCAAGGUCGGAAUGAUUUUGCGA
0	AGCACUGAACCUUAAUUCGAAAAUUGUUAAAGCAACCAAAU
0	GCAACCUCCGCUUUAAUGAAAAUGCUCUUCUUCUGAACAAU
0	UGCUCCACAUCCUCACCAACACUUGGUAUGUCAGUCUUUUU
0	AGCCUUAGAGGGGUGGUGAAAGUAUUGGCUUUUAACUCUUU
0	ACCCAUUUUUUAAUGUAAUAAAAGUAGCUCUUAAGCUUUUG
1	AACAGACUGGGGCAGUGGAAAAGGUGGAAGAGCAGUGCCAU
0	GACUAUCAGAGGCAAAAGGAACUUUAAAGAUCUUUCUGUCA
1	GCCAAUGUUGGUGCUGGCAAAAAGGUAUAGUUCAUUAAGGA
0	AUGAUUCCUAUUUUGUGCAUAAUAACAUUGAGGCUCAGAAG
0	AGAUGCAGUUCAAAAAAAAAAGACAGCUUCUUAUAUUAGUA
0	UUUCAUUCUUUUCAUCGACAAAUAAUAUUCCAUUGAAUGAA
1	AAAAUGACAUCAGUUUCUGGAAGAAGAAGAAGAGCAUGAUC
0	GGCCAGAAAAAUUGCAAGUAAAAUAGAUAUAUUUGGGCGUG
1	CGAAGGCCAAGGAAUCACUGAAGAUCGGCGAGGGAGGACAG
0	GGAAGUUUUACCAGGGCCACAUCUUAAGGUUUUACACAGUA
0	UACAAAGUGUAAUUUUAAAAAAUCUCAGUUUUAAAUUAGUG
0	AUCUUCCUAGAUAACUCUCAACUUAGCUUUCUAGUUCCUAG
1	UUAAGGAUUAGUUCAGGUCAAACUGGGACACAGUCAAAAUU
1	CCGACUGUGGGCUGAACCUGAAGAUGCGCGGGCACUUCUGG
0	UGCCUGGGUCUGUGGAUUAGAGGGAUCAUGGUUUUUGCCUC
1	UGUUAGUCGCUUAAACGGAGAUGGUAGCGAAUAAGCAGGCG
0	AUACAGACACAUACCACUGCACCUGGCUAGUGUAUAACAUU
1	GAACCUGGAGAACUUCAAACAAGGUACAUGAUAAAGAUCCA
0	GAAACACCAUGUAUUUCACAAUGAAAUGAGCCUUAUAAGUA
1	CCCCCUAUUCUCUUCCUCCUAGGUCAGUUCUUCCACUGCAC
0	CCAAAAAAUAAAUAUAGUGGAAUGCAAGUUUGAGGGAUGGA
0	CACAUGGACACAGGAAAGGGAACAUCACAUUCUGGGGACUG
1	ACAAAGCGCCUUCCCCCGUAAAUGAUAUCAUCUCAACUUAG
0	UAAAGCAUGACUUCUGGCAUAAAACACAUGCUUAAGUAGAA
1	UGGAAAGCCAGUAGGACACGAAGGUGGUAAGUGCGCACGUG
0	CCAGGAUGUCAUAAAAAAAGACCUUUAAGAUACUUUCUUAG
1	UUCUGCACUGACUCUGAAGCAAGAUGACGGAAGAUUCUACU
1	UUCAGUCAAAUUUGAGGGCGAGGGAUAUACGUAGCGCGCUU
0	CAACCUGAAGAUUCUUAACAAAAAGCUGUUCGCUUUUAUUA
0	UGACAAUAGUAAAUUUGGGCAAAGCCAAUGCAAGCUUAAUC
1	UCAAGGGCAGUAACCUGUUCAAGUUGGAAGUGCGUCUUUUG
1	AGUAAUUGGCUGUGCUCUUGAAGAUCAGAAGAAAAUUAAGA
0	UCUCCCGAUCUGAGGGUUGCACAGUUCUGUGGAAAAGCACU
0	UAGAAUACUACUCAGCCAAAAAGAUGAAAUACUGAUACAUG
1	CUUUUCUAGACAUAGGUCGGAGGUCAAAAUCAGAAUAUCUA
0	CCCUACUGAGUGACUUCACCAUUUGUGUGGGAUGGCAGUUC
1	GAAAUUUUGAACAGAUCACCAAGAAACAGAAAGCCACGAAG
0	AAAUAUCAAAAGAAUCAACUAAAAGAGCUAAAAGUGGUUUC
1	GGAGAUCCGGUAGUAGGCGGAAAUCCACAAGCAAGUUAGAC
1	CCUAGGGUUCAUGUAGAGUUAAGACCUGGAAGAGACUUUGG
0	AGCGGGAGGGCGGAGGAAGGAGAGAGAAGGAGGGCCCACAG
0	GCCUAAGGUGCUAUUUGGGCAAGGUCCAGUGGAAAUCCUGA
0	AUUAUUCGUUCUGUACUGAAAGGUAGAUGGAAGCUUGUUGC
1	GAGAUUUCCUCUGAGAUAAAAAGAAAGAAGGGCAGACAACA
0	UCAUGUUCUCCUAAGAUGGAAGAGACUUAUUUCCCAAUGCU
1	ACUGUCUGGAAGAAGAAAAAAAGACCGGAGGAACCCUCCCC
1	AGUAAGCGAUGAUGAGGCUGAAGAAAAGGAAGACAAAGAAG
1	CAUAGGACAGUAUGCACCUUAAGAUCCUGAAGAAACGGCAC
1	GCAACAGCAACUCAGACAACAAGAGGAGGAGCACACUGCAA
0	GCUUCCGCACUCUGAAGCUGACCACACCAACCUACGGGGAU
1	GAAUGAUGUGUCGGAAGAAAAAGACCAGAAGAAACCAGAAA
0	CUAUGAACCCUGUUGUUAAUACCUCUGUGUUUCCACCAGUU
1	CUGCCAAUGCGGAGGACAUCAAGGUGCGGCUGGGGGAGUGG
0	ACACAAUACUAAAAACACGAAGCCUAAAAAUGACACAAUGU
0	UACCUUAGGCCCUUAUAGGCACCCGGCCCUGACUCCACACC
0	CUGACUCCAAAAAAAGAAAAAAAAAAAAAAAAGCUGGGCAC
0	CAUUCAGAAAACUUCAAGACAUCACCAUCAGCAGGCUCCAG
1	CAUGUAAUAAAGGAUUCACCAUGAUUGGAGAGCACUCUAUU
1	UUACAGAUUGUAUAACACUCACAAGAACCGCACGUGGCUUC
1	ACAGAUAGCUGGCGUGGAUAAAGAUGGAAGGGUGAGUGGCA
1	GUGGAAAGAGAGCAAGGGGAAGGAUCGGGAGUACACAGACA
1	GGAUCCCAUUGAGAAUGAAGAAGACCGGAAGAAGGUGAGGC
1	CUGAGAAGGAUGCUGAACAGAAGAUUGAAGAACAGAAGACU
0	UCCCUAUUCAAGACAAAAGCAGCUCUCAGGAGUACCUUAAA
1	CUGUGUGAAAGCUCUUAGCAAAAAUCGAGAAGGAGGCUCAG
1	CUUAAAUUCAGCGGGUCGCCACGUCUGAUCUGAGGUCGCGG
1	UUGAAGAACUGUCAGGAGCAAAGAUCUCAGAUCUCCACAGA
1	CUGUAUCAAAGUCUGGACGGAAGAUUAAAGGAAGGGGCACA
0	UGGCGGUGACACGGGUGGGCAGGUACAGGCCGUGCUUGGCC
1	GACAAAGAUAUUGUUGCACUAAUGGUCAGAAGAGCAUAUGA
1	AAGCGGACAAAAUGCAUCCCAAGAUCAAGGAAGGGACAGGC
0	CUUGAGCCUGGGAAGCUUCAACUGCAGUGGGCUGAGAUUGC
1	GGUGCGAGAAUCAAGGGCGCAUGUAUUAGCUGCGCAUAGAG
0	CAAAUGGUAUUUCUAGUUCUAGAUCCUUGAGGAAUCGCCAC
0	GUCUUAUUGUUAAUCUGGAAAAUACACAAUAAAUGCAUUAC
1	CAUCGAGCGACGGCCUGUCAAAGACGGUGUGUGUGUGUUCA
1	GACUCUAGAGAAGAUGCGAAAAGAUCAAGAGGAAAGAGAAC
1	GGUACACGAGCACAAAUUUCAAUGGAAGGCUACAUCACAGA
1	UUGACUUUCAUUAAAAUCUAAUUUGGUAGUUCAGCGAUGAG
0	GAGGGAGAAAAUUAACUGGAAGCAGAAUCACCUGAGAGGAC
1	CAAGGGCCACGUCAUCUACGAAGGCAAGAAGGGCCACGUCU
1	AGAUCGAUCAUUAGUUAGUAACAUUAUCGGCUUUAAUUUGG
0	UUGAUUCCUUUAUAGUACUUAUUACAACUUAUAAUUAUUUA
0	CACAGAGAAUUUACUAUAAGAAAUUACACAACACAGGGAAG
0	AUAAGGCUAUAUAGCAUAAAAUGAUGAUGCAUUUUCUCCUG
0	ACCUCUACCAAAUGUUUUUGAAUAAUUGAAUACGGAUAUAA
1	GUUAUCCACCUGAGUUUUGGAGGGUACUGUGUUUGUGUGUC
0	UUAUUUUGAUUAUAUGUUGAAGUGAAAAUAUUUUGGACAUA
1	ACAAUAAAAACUCUGUCCUCAAGUUUGAACAGGCACAGAUG
1	UGACAAUGUGAAUGCCCUGAAAGAUCGAGCAGAGGCCUAUU
1	UGGUGCUUCAGGUAGAGGUUAACAUGAACCACGAGCUGCUC
0	CAUCUGUUAAAUUUCAUGCAAUGAAGUAUUUGCACAACUAU
1	AUCGAAGUCUGAAGCCUGUGAAGAUCGCUGAGAGCGACACU
0	UAUAAUCCCAGCCCUUUGUGAGGCCUAGGUGGGUGGAUCAC
1	CGGUGACUAAGGCUCAGAAGAAGGACGGGAAGAAGCGCAAG
1	AAGGGCCCAGCACAAUUCAGAAGAUCAAAGAGGCCCUGGGC
1	GGGGCUACAGCUCUGAGAUGAAGACGGAGGACGAGCUGCGG
0	GGGGCGGUAUUCAACUCAUCACUGGUGAGCAGCAAUUCAUC
0	GUUUUCAUGCCUGCUAACACAACAUCUAUUUUGCAGCCCAU
0	CAUCCCUGGAGCUCCAAGUGAACCCUCUGUGUGAGCAAGCC
0	AUAUAUACAAGUCACUAAACAAACCACUACAACCCACAGCA
0	GCGAAACCCCAUCUAUACAAAACAUACAAAAAUUAACCAGG
0	AUGAAGCCCCAGGUUGUUUUACCUGUGCUUUUGACCAACCA
1	UAGUGAAGAAAGUGGCUCAGAAGAAGAGGAAGAGGUAAGAG
1	UGCCAAGAAAUUUUCGCAUUAGUCGGACCUGCAGAAGCUAG
0	CUUCCCCUCCCGCCCCGGCCAGCGUUCCGCACCUUGACGAU
0	AUUUAAUAAUAUUUGACUCCAGUUGUAGCUAUGUGACUGUA
1	AUUGUCAAAAUAUCAGAUAUAGUGAGACAGGCGCCACAUGG
0	AAUCACCAAUGGGAGUAGCCAGAUCAGCCUUGGUGAGAAAU
0	AGAGAGAGAGAGAGAAAAAAAAAAUAACACUAGGUCUCUCA
1	CGUAACGGGGAGAGAGAGAAAAGAUCUCCUCAGGACCUCGG
0	UCUGGACACUGACUGGCUAUACUUAGGUCGUUUGAACAUUC
0	UACCUUGGGUGCGUUUUCUCAGGACUUUUUAAGACUGUGUU
0	CUGAGCUUUCAAGGUAAAACAUGUUCAAACUGCUGCCCACU
0	GAGAAUCCCUUGAACCUGGGAGGUGGAGGUUGCAGUGAGCU
0	GAAAGGGAAUACAGUUUGAGAAAUAUGGUAGUAAUGCCAAU
0	CUUCUCAAUUUCUGCUCCACACUGAGGUGACUUUAGAUGUU
0	CUGUCCCCGGGAGGUGCUUCACUGCCCCUUUCUUUACUGUC
0	UCCUAUUUUAAAAUUAAGAAACAUUUUAACAAUUUGGUAUU
1	GGAAGAAGAACCGAAAUGUCAAGAUUGGGAAGAUCACAGUG
1	CUUGGACCUGGAGCCUGGUGAGGCACCCUCAGGGUUGUUUU
0	CCUGGUCUGCCUGGGCACCUACUCUGGGUGACUGGGGCAGC
0	AUAUUAUAUGUCUUUGAAUAACUUGCAUAUGUAAGGGCCUA
1	CUGUGACCCCAGCUACGUAAAAGAUCGGGUAGAAAAAGUGG
0	AUUCUGUAAUAUUUUACUUAAUACUAUGGAAUCAAGGAAAU
1	UGGACAAACUCAAGCUUGAUAAGGUAGGUUAGUAAUGGAUU
1	GAAGUCCCCCUUCAUCAUCUAACUGGUCCAUGGGCUCCAUA
0	UCCAGCAGUGUGUCGAAAUCAUGGAGAAGCUUCCAGCUUUC
1	GUCGGAGAAGGACAUCCAGGAUCUGAAGUUUGGGGUCGAGC
0	GAUUUUUCCAAUAUGAAUUAAAGUAUCUUAUGAUGUCUGAA
1	GACCCCGAAAAGAACCACGCAAGAUCAUUGCCACAGUGUUA
1	GUAUUCGCUAUUGUCGUUGUAGGUGGUGCUGUGCUUGGCGC
0	UCCCUGGAUGAUGGUAGAGGAGGGAUUAAAAAGGCAGAGUA
1	AACUUUGAAGGCCGAAGUGGAGAAGGGUUCCAUGUGAACAG
1	AAGUUUUAGUUACUCUGGAGAGGAGAAAGGGCCGGCGCGCG
1	AUGCUCGAAGUAAAAAGAGAAAAGGUGAAUGGACAUUAUUC
1	CGCAGCGUGAGGCCAACAAAAAGAUCGAGAAGCAGCUGCAG
1	CAGUGGUUGGUGAAGUACAUAUAUAAAUAGUUUCGUUGUUA
1	GACGGAGGACUAUUAGGUAUAUUAGAAGUAAUAAUUGAUUG
0	ACACUCUGAGAAUGCAGACCAGGCACGUCAUUUUAGGCUAG
0	UGCACCCAGCACCAUACCUAAAGAGAUCAGGUACAGAUUUU
0	UACAGGUAUCGGCCUACAAAAACAAAAACCAGUUAUCUUCA
1	CAGCAGCGCCACUCUUGCCCAUGAUCGAGGAGCUCAAACCC
1	CUGUGUCGUGCUAGAAGGGGAAGAAGAAGAUGACCACACGG
0	AAAGAAGUGGGGAGAUAAAAACUAGAAGAAGCAAGAGAGGU
0	CCAAAACAUAUCCCAAAUCCAUUGGCUUCACCUGCUCCUCC
0	UUUGUGAUGGGUAUUCCAUGAGAGUGAGAUGGAUCUCCCAC
1	ACGAUCGGAUUCGUGGGUCAAGUCGAAGGUGGCAAUCCGAG
1	UGAAUAAUAGAACUCAGGCCAAGGUAGCGGAGGAGCUGGGC
1	UAAAGUGGGCUCUAAGAUCUAAGAUGGCCCGGCGCGGUGGC
0	AGCCUCUCGGCUCACCCCCAAGCAUUCCUGUGGGGCCUUCU
0	GUUCAGCUGGCACUUCUUCCAUGCCAGGGGCUGUGCAAAUG
1	GGAUGUGAAGGAAGAGGAAGAAGAGAAGGAAGAGGAAAAGG
1	GCACCAAGAACUGGACAGAGAAGAUCUUGAGGCAGACAGAG
0	GACACCAUUUCUUAUUUGACAAUGUUUCCUACAUAAUUUUA
0	GAGGGCAAACUGGCCAUCUGAGGAGAUAACCACAUCACUAA
0	AGGACCCCCAGGCCUUGCCCAGCUGGGGUCCCCGGCGCUGG
1	GUCAUCACUCCUCACUGAUGAUGUGUUGUUGCCAUGGUGAU
1	AGGAAUGUCUCUGAAUGAUUAAGAUCUAAGAGUGGAUAAUG
1	AUCUGGAAACUGAGUUGGAAAAGAUGGAAGCAAGGCUAAAU
0	AACUGCCCAUGGCUGAGCAAAGUUCCUGCAAUGACUCUAGG
1	UAGGCACCAAAAGAUGAUAAACUAUGCCUGGGCAGGGCGAA
1	UAGGUCAGAUGGGACAGAACAAGAUCAAUGCCACACGUGCU
1	CGGACUGUUCUAUGACUGCAAAGAUGGAAACGACCUUCUAU
1	UUGUGCGCCGUCGAGUUUCAACCGCCUUCCCUUACGAGCUC
1	GCACCUGCCAUCGUGACUGGAAGAUCCGGCAAGAGCACAAG
0	GCCCGGGGCACGUGCUUGCCAGCGCCCGUCUCACUGAAGAA
0	GAAAGAAUCCACACUCUUACAGAACAGCAAAUCAUAAAUGG
1	CUGAGAUUUGUGAUAAUGCAAAGAAAGGAAGAGAAUAUGCC
0	AUUCAGCAGCUGAAGAUGCCAGUGAUUCUCUUUUUACCUCC
1	GGACGAAGAUGGAGACGAGAAAGUAAAGGCGGGUUAUUUGU
1	GCGCUAGCAGGGCUGAAGAGAAGAUGGAGGAGCUGGUGGUG
0	AGUUGUCCCAGGGGACUGGAAAUCAAGGGUGCUGAGUAAAC
1	UAUUCAAGAAUGAAUAGGAUACUGUCCAAAUCGAGCAAGCG
1	UUACGGAUCUGGCUUCUGAGAUGGACCGUUAUAAGGACAAU
1	AAAUUUAUGAACUCGAAAUGAAGCGGAAAGCAGAUAUGCGC
0	AGCCAUGAUCACGCCAUUGCACUCCAGCCUGGGUGACAGGG
0	AGCUAUAAAUGAUUAUACUUAGUGAAGAAGGCAUGUUGAAA
1	UGUACCAUAGCUUCCAGUGUAAUAAGUAGUCAACGUUCGAG
0	GGUGUUCUCACCACAAAAAAAUAGAUGAUAACUAUGUGAGG
0	CAGUAAAAAUUUUAACUUAUAAUAAAGCCAAUUAUAAUGUA
0	CUUUUUAAAAAAUCUUUUAAAGUGCAGGGACCAAAUUUCUG
0	GUUUAAUUUAUAAAUGAGGCACAGUAAGAGAUUAACACCAA
1	AUUUAGCGUGUUGUAUGGAUAAGUUUGAUGCAAAUAUCAUA
1	GAUCCACAUCCUGAAGAAUAAAGGCCGGAAGAGAAAGGUGA
0	GUGUUUUCUGGGGAUGAUGGAAAUAUUCCAUUCUGAAAAGA
1	GGAGAGGAGGAUAGCAGCAGAAGAGAAGAAGAAGCAGGAUG
1	AGAAUACUCUGAAAGCAAGCAAGAAGAAGAAGAGGGCAUCC
1	ACUGCAGCCCUGGCAAGAUGAAGAUCAAGGACCAUAUCACC
0	GCCUGGAGAGAGAAAGACACACGUUCCAUAAUAUUUAGAGU
0	UGAAUUUCUUUCCAGAAUUAAGUGUAUAAUGCCAGGGAUAC
0	GGGCCCUUUGAACCAUGGCUAGAGCUGGAGCAGCCGGGAUG
0	AUUUCCUUAAACCUUAUAACAACCUUCUGUGAACCAAGUGC
0	AUCAUGAGGUCAGGAAAUUGAGACCAUCCUGGCUGACUAAA
0	GAACCGUACUUAGUGAAGAUACGAACAUUUUAAACCAUGCC
0	GCAUUCCUGUUUUGUAUAUGAAAUUAGAGUUUAAAUUGCUC
0	CUUAAGAUGGCAACAAAGUAAGAGGCAUUUCUUCUAGCACU
0	AAUAGAAAAAGAAAAUCGCCACCAAAUAAAACCUAUAAAAA
0	AGCUAUAUAUUCCAGGUGUCAGCUGGGGCUGUGGUGUGUCU
0	CCUUACUUUGAGCACGUUUCAAACACUCUUUUGGAAGAAUC
1	AGGACUUCAGUGACUCGACGAAGAUCCCGGUCAAGAGCAUC
1	AACUGCAGGAGUCCGUCAGCAAGAAGGGGAGAGUCGGCUCA
1	ACAGAAUCGGACACAGCUGUAAGAUUGAGGAAGAGUCACAC
0	UCAUGCACAGAUCAAGCCUAAUUUUCCAUGUGGCACCCCCC
0	GAGCCAAGUUCUUUAGCGUUAACUCAUGGUAGGCAAAGCCA
1	UCAUUCACGACACAGAAACCAAGAUGGAAGAAUUCAAGGAC
0	CCUGGUUUUCUUCCUCCCUCACUGACCAUUCCUGUCCCAUC
1	GGCGUCUUGCGCCCACACUCACUUGGCAAGUUUCUGCAGCA
0	AGAUCUUUAAAUCAUGUCUGAAGCAAAAAGGCUAUUCCAGG
1	GGAGAUCGACGUGUGGACCGAGGAGCGGAAGGGCACCCUCA
0	GCAGGGAAGCCUGGUUGGCGACUUUGACAGCCAAAUGCAAG
1	UUUCUCAGGUGGAUGAGAAGAGGAAGGUGAGUGUGUGUCGC
0	UGCCCUGAAAACAGUCAUAAAAUACAUUUGAAAGUGACAAA
1	UCUGAUGUCUGUGCCGACAGAAGGUGGGAAGGCAACAAUAG
1	CUCCUCGCGAAGUGAACCUGAAGGGCGGAAAGGCACUAUUU
0	UAAGUGAAAAAUAAAAGUUAACUUUUUUUUUUCCCUGAGAC
1	CACGCGUUAUUGUUUGUUUCACGUCCGGGUUCCGUCUGUGA
0	CCUAGUCAAUAUAUGUAAGCAGUUUAAUUACCAGGGAUGUU
0	UGUCCCUCUUCCGUGUCAUCACAGCCUGCAAUUGUGUGUUU
1	GAGUUGAAGAGGCAGAGAAAAAGAUGGAAGAAGAAGGUGUG
0	UCUUCAGAAAAUAAGGAGUGAAAUAGGUCAUUUUAUGUCCA
1	UCUCAUAGAAAAAACAAACGAAGAGCGCAAGACACUGCUCA
0	CUGGGAGGAGAAUGGAGUUCACCUUCUUCAAGGAAGACAGA
1	GCCUGGAGCCAGAACCUGUGAAGAGCGGAAGGGCCAAGGGA
1	UGUUCGUGCGGACAAAACACAAGAUCGACAAAAGCCACGAG
1	CCAGCCAUUCUCCAAGUGACAAGGUAGGAAGAGCAGAUGCA
1	AUGGAGAACCUGCUGAAAUUAAGAUCAUCAGAGAAGCAUAU
1	GAGGAAUGAGUUCAGAUUAAAAGAGACGAAGGGACACGCUC
0	CUCUAGAUGGAUAUUUUUUGAGACAAGGUCUUGCUCUGUCG
0	UUUGUUUUUAAAGCAUAUAUACUUGUAUACUGUCUAGCUAA
1	CUCUCUGAAAGCCUUAAAUUAAGGUACAGAUAUUAUGAAAU
1	GAAUACGCGAAACUCUAAUAAAGCCACCUCAGAACAAGCAG
1	GGUAACCUGGCCUGGGCCUGAAGUGAGUGAGAGGCACAUGA
1	UGACCCUGGGUGACCUGACCAAGAUUGGGAAGUCACAGAAG
1	GGGGCAUGAACUCUCCAACGAAGAGAGAAAUCUGCUCUCUG
1	UCGUUUGGAGCAGAUUCGCAAAGAACAAGAAGAGGAACGUG
0	UCCUAUCUGGCCCUUUACAAAAAACAUUUGCCAAUCCCUGG
0	CCCAUAAUCCCAGCAUGAUGAUUGGAAAGAAAGAUUUUGGC
0	AGCAGAGGAGGUGGCAAGGGACCACAGGGGACCUGCCCCAG
1	CAGGCAUGGCUCAGAGCUUGAAGAUUAGGAGAAACACAUUC
0	GAUUAUCCAUGAAUUGUUGAAGGUAGGUGAUCAGUACAAAG
1	UACUGUCUGGAGAACUCGAGAAGAUGGGAAUGGGCACUGUC
0	AAGCAGUUGGUUACUCUGGAAUGCCUGGCCCUGGAACUGGA
1	GGCUUGAUUAGAUCUGGUGGAAUGGUGGGCGCGCCGGUCGA
0	UGGUGCACUACCCUCCAAGAACCUCUCUGUGUUCGGCUCUC
0	AUUAAGGAGAUGGUUAAUGAAAGUUCAGUCACUCAGUGGAA
0	GAGGGCAUAAACCAGCAGAGAACUGACAGGUAGGGCCUGCA
1	AGAACUUCCAAAAGGUGGAAAAGAUCGGAGAGGGCACGUAC
1	GGCAGGCUCUUCCUCUACCUACUGGCGUCUUAAGUCCUGGA
0	AUACUCCUAGAUAUUGUGAGAUAAACCAAAAAGCGGGAGAG
1	CUUCUCUGAAAGAUUAUAUUAAGGCAGAAGAGGACAAGUUA
1	UGCUGGCCGAGUACCUGAGGAGGAUCUGAAGAGGACAAUGA
0	CCUGAUCAAUCAUAAUAGUUAUUAGUCAUUGCUGUUUGCCA
1	UAGAAGGCUAUGGCAGCAAGAAGAUCGAUGCUGAGCGGCAG
0	AAUUCAUUAGCUGGGGCGUAAUCAAAUUGAAUUUUAUUCUC
0	GGCCACUGUUAGCCCCUACAAGCUGGCUUCUGUGUCCUUUU
1	GGAGCAGCUCUGAAGAUGCAAAGGUAAGAGCUUAGUUAAGC
1	UGAUGCCGAGUUUGAUCGAAAUGGAUGAGGGUAAGUUGGAG
0	UAUUAAUAUAUAAUCUAUUAAUAUAUAUUAUUAUUAUAUAU
1	GGCCACUGGAGCUGAGGACAAAGAUAAGAAGAAGAAAGAAA
1	CUAUCAAAAUUUGCGCGAGGAGUAGAGUUAGGCAAGAGCGU
0	UAUGCCUCUCUGAAAAACUAAUAAAAGCAUAAAUGGAAAAU
0	GAUGGGGACAGAAAGGUAAAAGACCAAAAAAGGAUAAGGGG
1	CCCUGCCCAGUGGAGGCGGAAAGAUCGGCAGAAGCAGCACA
1	GGCUCAGAACCUGACGGGGCAAGACGGAAGAGGUUAACAGU
1	AGGCUGAGCACUGGAAACAUAAGAAGGAAGAAUCUGGCCGG
0	AACGAAUGGACGAUGUCAUCAAAGGUGCUCUCGUCUGUGCU
1	UGUGGAAAUUCUUUUUGAACAAGAUAAUGAAGAGCAAUCAG
1	UUUCCACUAGGACUUGGAAGAACAAAGUCGGUUGAUAGCUG
0	UAGAGUAUUGUAUUUUAAAUACAAAAUUGUAUUUUACAAUU
0	AGCCACACCCAGGUCUCAGGAUCAUCCAUAGCUGCUUGGUU
1	GCGAGCUGGCUGGAUCGCCGAGCGCGAGUGAGGGAGCCGAG
1	CGUGCUCAAAUCACUGCUGGAAUAUUGGAAGAGCCAACAGA
1	GUGAACAAGUAGAGAAGAACAAGAUCAACAACCGGUGAGAG
1	CGGGCAAGAUGCUGAUGAGCAAGAUGAACAAGAGCCGCCAG
1	CGAGGAUCAGGCACCGCGGCACCAAGUAGCUUCUCCAAGCC
0	GAGAAAGAAAUGCAGUCAAGAGAACAAGAGAUAGAGAGAAA
1	AUUACUGGGAGAUGUACUCAAAGAUCGGCCCCAGGAAGCAG
0	UAAAUAACAAUAUGAAUAAAAAAAUACAAAUUUUAAGAUAC
0	GAAAGGGCCAGGCUGCUACCAGCUGAGAGUAAAAAGGCUGC
0	CAAUCUGGGGAAAAGCAGGGAAGGGAGUUUCAGGAUAACAG
1	GGAGCGAGGAACAGAAGAAGAAGAACCGGAAGAAACUGUCC
0	AAUAUGAAUGUAUACUUGUUAAUGUUCCUAUUGCAAAGGCU
0	CGGGAGAGGGGCGGGACCAGAAUGGGGCAGGAGUUGGGGCA
0	UAUAACAUAUAAGGUGAGUGAUGACUGGGGCAAAGGCCAGA
1	GCUCAAUGAGAGACAAAGCCAAGGUAAGCUCACAUUAGUGA
0	AAAGGAUUUGUAAGUUUUCCAAGAUCAUUAGAGCAUAUUCU
0	AAAGCCCUAGAAGAUAACCUAGGCAAUACCAUUCAGGACAU
0	AAAUACUUUUUCAAAAUGGAAAAAUUUAAAAGCUGUCUGGA
1	UGCAGAACCCGAAAGUUUGUAAGAGGAAGAGAGCGCGCGGC
0	GAGGUUUCACCGUGUUGCCAAGGCUUGGACCGAGGGAUCCA
1	UGUAUCGAAAUCGGAGAACAAUCCCAGAGUUCGCAUCCCCG
0	AUCCUCUAUAAGCGGCUGAAAGUGCCUCCUGCGAUUAACCA
1	UUGUAGAUUUCAUUCAAUCAAAGAUCAGCCAGCGUGAUGAA
1	CGGUUUGGGUCUCUGAAGGAAAGGUAUGUGGCAUAGAUAUG
0	CCUCAUUCCACAGAGUUUUGAUUUUUUUUUUUUUUUUAAUG
1	GCUGGGAGAGCCGCAAGCGGAAGCUAUCGGGAGACCAGCCA
0	UGUCUGGCACGUACGCUUAUAUGUACAUGUGUGGGGGCUUG
1	CCAGCCAUGCUCAAUGUUACAAUCUUGAAAUUAGUCUAAGU
1	GAUUGUAGGGUGGACUCGAUAACCUGGUCAUUAUUUUUUUG
0	AGCGCUGAACACUGCACGAAAGCUGAGUUCUCCUCUCCUGA
0	AUCAACCUCUGCUGGUCAGGAGGGAUGCCUUCCUUGUCUUG
0	AACUUAGCUAUCCUGAUUUGACCCAGUAUUUUAGAAAUCGU
1	UGGUAGAACAGAACAAGCAAAAGAUUAAGAGUUCAAAAGUA
0	CACACAGCUAAGUCAAGGAAAGGAGGAAACCAUGCAAGUGU
0	AACCUGUUUUACACACAUGCAAUUGGAAAUCCAGAAGAAAU
0	GAGCUGUUUUCUUCUAGAUCAGAGACUGGGGCAUGUCAAAG
1	ACGCGGUUAUUGACGACGUGAGCUUAAUACUCCGCCUAUAU
0	GGGCGGGAGGAAAGAAGCAAAGGACUGCCAGGCUUGGUGGC
0	UGUUACCCAGACACCCCCAAAUUCUUCUAACAAGUCUUCAG
1	ACUCUGUAGGCUGAUUAAUGAAGAUGUGAAUGAGCAGGUUA
1	AGAAUCCCUGAAAAAAAUUGAAGAACUGAAGGCACACUGGA
0	ACCUGCAUAGGGCACUUACCACGAAUGGAACUUACAAGACU
0	ACAAUUUAAAUCUACUAAAAAAUAUUUCAAAAAGUUGCUCA
0	AAGACUCCAUCUCAAAAAAUAAUAAUAAUAAAAAAUAAAGA
1	CAAAGUGGAGCCUGAGAAGAAAGAUCCUGAGAAGGAACCUC
1	AGCUCAGGGAAUACUUCAAGAAGUUCGGAGUGGUGAGUUUC
0	UCAGCCAGUCACAAAAGGACAAAUGUGAUUCCACUUAUAUG
1	CGUUUUGCCUUCUGAAAUCUAAAUGUUCACGUUUCUUUUUC
1	GACCCGUGGCUAGUGCAGGCACGAUAAAGUCUCUUAUUAGG
1	GACUGCUUUGGCAGAUCAUUAAGAUCGGUUUGUUCGCUGAC
1	AGACAAGACUCUGCGGAAGAAAGGUAAGGCCUAACAGGCUG
1	CCAGGUUCAAUUCGGACUGGAAAGGUCCACUCGCACCAGGC
1	UUGUGGAGAACUCUAAGGUUAAGAUCAGGAAAUAAAAGACU
1	UGGACAGAAAGGCUCUGGAAAAGGUCCGGAAGCAAAUCGAG
0	GAGAGAGAGAGGACAGUAACAAUGCUGGCAUGGGGAGAUGU
0	AGCAGAAGUUGGGAAACAUAACUUGUGGGAAAAAGUAACGA
1	UUGGGAGGAAAUUAUUCCAGAAGAUCAAAGAAGACGAUUAG
1	UUAACUGUUGAGAAAAGUGAAAGAUCAGUAUGAUUAUUAUG
1	CUCAGGGUGCCGGCACCAUGAAGAUCUGGACUUCGGAGCAC
1	GCAGGAGCUGUGAACUGAUAAGAACCGGAGUUCAUCAGAGA
0	UGGGGGCUGGUGGCUACAACAGCCACACCCAGGUGCCGCCA
0	GCAGUCCAAGAUCAAACUGCAAGGCAGCAGCCUGGCUGGGG
1	UACCUGGUUAAACACUUUGGAAGAGCGGAUGAAGAGCACAG
0	ACACAUUAGAGGCAAAAAGUAUUUCCUAGGCAUAUAACUUU
0	AAGACUUGCUCAGGAAUGUAACUGCUACCAGCCUAGUGUGA
1	CGGAGAAGAUCCAGGAGAAGAAGAUCAAGAAAGGUGGGAGG
0	UUUAAACACCAUGACAAACUAAAAGAAUACAGGAGAAAAGA
1	ACAGAUUGAACGAACACCUAAGGCGGAUGAUGGCCUAGAGG
1	CAUGGGUCAAGUGUGGCAAAACAGACAUCGCGAGCCAGCCA
1	GGUCAACGAAUAGGAGGUCGAGUCCAUGUCGUGGUAGCCAA
0	AAAUGUCCUAGAGACGCAGAACCAAAGCUGGAGCUGGGCUG
1	GGUAGAAGACUCAAAACCAGAUACCACUGCUCCUCCUUCAU
1	AAGAUGGACUGCGGAUGAGGAAGACAGUGCAGAGCAACAGC
0	GGAGCUCGUUGUUGAGGAUGAUGCCUGUCCGUGGUGAAUAC
1	CCGUUAUUGGUAGGCGGGUAAAGCAAACAUUCAUCCUGAUU
0	UGUACCCUUAAGUUAAAAUGAGAAAUUGUGUCUGUUAAGCU
1	GAUAGUCUCUGAUGUGCUACAAGAUCGAAGAAGGAGUUAAG
0	CCCCUGAGUGCUUCAGAUCCAAACUGAUUCAUCCCACUGCC
1	GCUGUGCGGGCUGUAACCGCAAGAUCAAGGACCGCUAUCUG
1	GGAGGGCACUCUUAGAACAAAAGGUAUAAGUAAUAGAAGGA
0	AGAUUACAAGACUGCUUUCAAAUAACAGUAUCAAAUAUAAA
1	GUCCCUGUGGGAAUGGCGACAAUGCCAAUGGCUUAGCUGAU
1	CUGUGGCCCGGACGUUUGAGAAGAUCGAGGAGGUGUCUGCU
1	UGUAGUGACACAGCCCAGGAAAGAGCGAAGAGCAGAGUCAG
1	GAGGAGAAAAAGACAGAACAAAGAUGGAAGUGGCCUGGGCC
0	UCUGAAGAAGGUCAUCUCACACCAUAAAAGAGCAGUAUUCU
0	CUUUAGUAGACUUUGUCAUAAUUGUUUUCCCCCAAAGCAUU
0	AGGAGGAAGAUCUGUAACCCAAGAGAAGUUGCUAUGUGGUG
0	CUGACAUCCAUCCACCAUUUAGCAGGCAAGCCCACACAAAC
1	CAAAAAACGGGACCGAGAAGAAGAUGAAGAAGAUGCAUACG
0	AUGCCCUGCUCUGAGCCCUCAUUCCUAGUGAAGGUGGAAAC
0	CCUCUUGGAUCUCCUUCUGAACCCAGGUCUCCAACUGAUGG
0	UGAAUGUAUAACCAACUGAAACAAACAGUCCCAAUACUAAA
0	AAAGACUUGACACCAGCCCAAGAUUGAGGUAUGAACUAUGG
1	UGGAAAGAAUGUCUAUGCCAAAGAUUGGAUGGUGAUGAAUA
1	UAACGCGAAUUCGAGGAGGUACUAUUUACUGUGAUAAUUUU
0	AGCCAAGUUUGUUGAAUGAAACCAUUCAUUCAAAGUACUGU
1	CUGAGAUCUCUGUUGUUAGGAAGAUCGAUGGAAGAGCAGCU
1	ACAAACUGAAAGAAAAAGCGAAGAAACAGAAGGGUCGCGGC
1	AAAUAAAAGAACUCAAUGAGAAGAUCACCCGACUGACUUAU
0	UCAUGAUACGCUUGCGUCAGAUGUUAUCCUCUGAGGAAGCC
1	UGAGGCUGUUCCUGAACAGAAAGAUCCGGAUCCUGAGUUUC
1	CAAGGACUCCGACACUGCCUAAGAUCGGAAUUGUGGGCAUG
1	AAACGGAAGCAGGAUGAAUAAAGAAAGGGAGAGCACAUGAA
0	CUCGAUCUCUUGACCUCGUGAUCUGCCCGCCUCGGCCUUCC
1	CUUUGGGAAUGAGAACAUGCAAAAUCAGGAAAGGCUGUAGA
1	CGGCUGCUGGAACUGGAGACAAGAUUGCGGGAGGUGAGAGC
0	GGCUGAUGGAUGCCAUCUCUACAGAGGUCUGGGCCUUGUGU
0	UUGACAUUCUCAAUGGUGUCACUCGGCUCCACUUCGAGAGU
1	ACUGUGUGUACUCCAGGACGAAGAAGGAAGAUCAUGCUUGA
1	AGGCAGUCCGAGCCCUGAAGAACAGUAAUGAUAUUGUAAAU
0	AUAAAAACAAAGAUUGAACAAUGAAAAAAAUCUAAAACCUG
1	UAAUGACCUAUUGAGCCGUCAAGAAAGGGGAGAGUGAAAAC
1	UCAGGAAGAAGAAAGACCUGAAGAUCAGGAAGAAGUAAAGC
1	AGGUGGCAUUGAAGAGCACUAAGAUCGGAAGAUGAGUGAGC
1	GUAUCGAAGAUUGCUAGUCGAUUACAACCGGGAAGAGUCUG
0	UACAGGUCAGCAAAAAAAAAAAAAAAAGAACACCCACGCAG
0	AGAAAAUGAGGGCUCAGAGAAGUUCAGAAACUGCCCAAGGU
0	UGUUCGUGUCAUGCGGAUCAAUCCUGCCCAAACAUUAGUGU
0	UACAUUUUUAAACAUUGUGUAUCACUUAAAAAUUAUUGUAG
0	ACUAAUUAGGAGGAGUCUUAAAAAUGUGGAAUAGGCCGGGU
0	UGUUUUUCUUGCUGAAGUUAAAAAGAAAAUAUCUCUGUGAA
1	UCAGAACUGCCACUGAGCUAAAGAUGGUGGGGCCACAUGCU
0	CAUCUUUGUGAUGCACAAUGACCUCUUAGCUUCACUUGGCC
0	AGUCCAUUUUCUGCUGCUACAACAGAAUACCAUAGACUGGG
1	CAAAGAACCGAGAUCACAGGAAGAUCGGGAAGGUAUGCCCC
0	AAUUCCUAUUAAUUGGUUAUAGUUGAUGGUUUAAUUUUUUA
1	ACAGCGCAUGCAGACGACCUAGUGCAAUUGCACCCAUAGGC
1	CUGCCGAGAAGACUCCCGUGAAGAAGAAGGCCCGCAAGUCU
1	UGAUCAUCGCAGACUGCGGCAAGAUCGAGGUGGAGAAGCCC
1	CUUCAGGGUCAGAGGAGGUUAAGGUUAGUUCAGCAAAUGAA
1	AUGUCGUGAUUUUGCUUCGAACAAAGAUAGUACGCUCACGC
0	GUCAGAAGCAAUUCUUUGGUAUUUGAUUCACAUAGAGACUU
0	CCAGCUACUCAGGAGGUUGAAGAAAGAGGAUUGCCUGAGCU
1	UCGCAUUACUUGUAGAAAACAGGAUCAAGGAAGAGAUGGAG
1	AUGCAGCCGGGCUGAGGCUGAAGCCUGGUACCAGACCAAGG
0	UUCUUUAUCUAGAUCUUUAAAAGUGAGUAGAUGUUAGUAGU
1	GUGGAUCAGGACACCUGAAGAAGAGAAGCUUCCGGCAACCC
0	UUUCAUUAUAUCCAACAUAUAUUGCUUUAAAUAAUAUAUGU
0	AGUAAACAUGUACAAGUUGUAAAAGAAGAAAUAGCUUUAAU
1	ACUCCUGCAGAGCUCAUUGAAAGAUUGGAGCAGGUAAGCAU
0	GGGGGAGGCGAAGAGGAGUAAAAGGAGAUAAAGAGACAAUG
1	AGUUCAAGGAGGCUGAGCUGAAGAUGCGGAAGCAGUUUGGG
1	GCUCCAAGGACUGCACUGUGAAGGUGAGGACGGCCAGGUGU
0	CAAGUUAGUCAUCAGAAAGGACCAGAAACUGAUUAUGUAUG
1	AUGCGGAUGCCAUCGUGGAGAAGAUCGUGCAGAGCCAGGAU
1	AAAUUAGGCCAUUAUGAGACAGGUUAGUUUUACCCUACUGA
1	UUGUAGGACAUAAUAAUAACAAUUGAAUGUCUGCACAGCCA
0	AACCAUAGUUUUGUAUUUGCAUAGAGAACAGAUAUCUUAGC
0	UUCUCCUGAAAGAGCCCCAUAUGUGACUGAGUAAUACUCUG
0	GGAAAAGAAGUCAUUAUUCGAAAAAGAUACUUGCACAUGCA
1	GGCUGGCUUCCUCUGUUCCCAAGAUGGAAGAACCUGGGCCC
1	AGCUGAAGAACCUAUGCAGCAAGACAAUCGGAGAGAAAAUG
1	GCAAUUUCGCUAGAAGAACUAGCUGUUGCUUACAGUUUUUU
0	CUAGUGUUGACAAAGGUGACACUUUCUUGCCUCAUUUUUUC
0	GCAUAAGUAUGAUGUACAUGACUUGGUAAAUCCCCACAUCC
1	UUGUUUUAGUUACAGGUACAACGACUUGAUCGGUGCCGCGG
1	AUGCGAACCAUAAAGAUGGUAAGAAGGAAGACUGCGUGAAG
0	AGGAGGCCUAUCAAACACGAACAGAGAAAUCUCGUGAAGUA
0	AAUUCCUCCAGAGUACUGUUAAAAAAGUUUCUACUCUAAGU
0	AAACAACUUCAUGUGAACUUAGGUGUACUCUCUAUGUUCCC
0	GACCCUCUGGCCUUCAUGACAUAGUCUUUUAAUGUGUUAAA
1	CACUCGCCAUUACUGAGGGAAUCCUGGUUAGUUUCUUUUCC
0	UAAUAGAUAAUGUUGCAAUUAACAUCUCUGCAUAAAGUUUU
1	CAGGGCUGGACUGAGGCCUGAGCGCUCCUGCCGCAGAGCUG
0	ACAUGGAUGUUUGUACUGUUAUUAAAUUCUGUGUAAUCAAA
1	CCGUGUGCAAUCCCAAGAACACCAAGCUGAGAGCCUAAAUC
0	ACACAUCCCCCAUAUAGAAUAUAGAUCUUAAACAAGUUAGA
0	UCAUGCCAGCCUUGUAUCCCAGGAAGGCUGUGAGGUGGACC
1	AGACUGACAAAAAGUACCUGAUGAUCGAAGAGUAUUUGACC
0	GCAUAUUUUAGGAUCAGCAAAAACCCACAAUGCCUUUGGCC
1	ACUGGCAACAGCUCAUGCUCAAGAUGGAAGAUCGCCUCAAG
0	UAGUGAGAAUGUGACUCUAUAAAAAAAUUAAAAACCCUGGG
0	AUGCCAGUUAAUUUUUAAAUAAUUUUUAGUAGAGAAGAGGU
0	CGGUUGGGAGGGUGUAAUUUAAAGAGUGUGAGAAACUAAAC
1	AGCUGGCAGUGGACACAGGGAAGGCCGAGGAGCCCGUCAAG
1	CUGGGCGGCCAGGCUCACCGAAGAUGGAAGGGACAGGCAAG
0	AGGCUGGUAGGCAGGGCAAGAAGCCAAGGGCCCAACUUAUA
0	CCCAGUGCUCAUCUGAUUGCACCUGGAUGAGAGACUCAAAG
1	CGCAUGACAGUAACGGCUAUAGACACGCUAGCUACGCCCGU
0	CUCUGUAAAAUGGACCAAUCAGCAGCAUGUGGGUGGGGCCA
0	UGGUGCUGUGAGGGAGACGAAGAUGAGUCAUGCCUGUACUG
1	UGCAUGUUGGACUAAAGCUCAAGAUGGAAGCCACCCUUUGU
1	GUUAGUGACUGCAAUGGACCAGGAUGAGGAAGAGCAGACGG
1	GAUUGUCUCUGGAUCUCGAGAUAAAACCAUCAAGCUAUGGA
0	ACUUAUGUCUACUCUUUACCAAUGAUCUUUCUCAAAAUCAU
0	GAGUUGUGUGAAUUUGUCACAUCUGCCCAGGUCCAAUGUCA
0	AGAGAGCCAAAUCAUGAGUAAACUCCCAUUUACAACUGCUA
0	GUAUAUGAGGUGAUUAACACAGACCUUGGGUUGUUAGGGUG
1	CGGUUGUGAUCAAUCAGGUGAGGGUGGUGGCCUACCGGCAA
0	GGAAAUACUGAAUAAAAUUGAGAGAUUUACUAAGUUAAGAC
0	CCCUGCUGAACUGGCACUCCAAGGCUGGGCAGCUAACGGAG
0	ACUAUAUAUAAAUCUGAAACAACCUAUUUAGUUUGAAUAUA
1	GCCGGCUCUACCUAGAGAACAAGAUCCACACACUGGAGCUG
0	AAUCCACCCCUGACUCUCCCAGCCAGACUAGGUGACUUUCC
0	UUUAAAGCCAGUGGCUCCAAAUGUCAGGGAGCCAAAGGCGG
0	AUAAUAAACACCUUCUAAAAAAAGGAACCUUGUGAAGGUCA
0	AUGCAUUUCCCUGCCCAAACAUUUGAGUAUAUCUUUGAUUC
0	UAGGUUACCUUUUUUAAUGAAGAGUAGUCAGUCUUCUAGAU
0	GCAAAAGCCCUAACUACCUAAUGAGUGAAUGACAAAUCAUU
1	GAACCUGUAAAGCCAAGAAGAAGAAUGGAGAGCCGUGCACG
0	GUCUUCUCUCUACAGUAGGGAGUUACAAGCCUGAAAACUGC
1	GCUAUGACGUGGAGAAGAACAACAGCCGCAUCAAGCUGGGU
1	AGAGACUGCCUCUUAACAUGAAGAUCAUUGGACAAGCCACA
1	CUGUUGACGCUGUAGCGACAAUAUUACUGACUAUUAGGAAU
1	UGGCCCUGCCAGAAGAAGCAAAGAUCAAAGACGCCUACCAC
0	AAAUAAUAGAUUUUAAAAAUAAAAAUAAGAAUUUGGAGGUG
1	CGGAAAUGGAGCUCAGAGCUAAGGUUAGUAAGGAUCCUAGG
1	CAUCUGGGGAUGAGCUAGACAAGAUGGAGAGCUCACUGGUA
1	AAAACCUUUUUCCAAGGACAAAUCAGAGAAAAAGUCUUUAA
1	GGUAGGGGACUGUGGCAUUUAAGAAUGUAGAGAGCGCAUCC
0	UCCCCUUCAUGAAGAAACCAACCACACAGCUGGUGAUUCAG
0	CAAGACUCUGUCUCCAAAAAAAAAAAAUAUAUAUAUAUGUA
1	GGAUUAGAGUAAUGACACUAAAGAUGGAGAGAAAUAGUAAG
1	UCUUGGAGCCUUCUGGAUCUACAAAGCACAGUCCCACUAAC
0	UGGUCUGGAGCAUUUUGGAUAAAGGAUAGUCAACCUGGCUG
0	GGCAAAAUCUCUAAAUUUUGAUGAAGUUCAAUUUAUCGAUU
0	CCCGACGCUGUUCGGAUUAGAUUGCUAAUGAAAAGGCACAA
1	GCUAGCGACACGGAUUCUACAAUCUCGGAGGACGGUAUCGG
1	GCGCAGAGAACUUAGGAGAGAAGCACGGAGGAGCCCCCGGC
0	UACUCACACAUUCAAGGAAUAGAUAGUAAGCGCCUGUUUUA
1	AGCACAACCCGAAAAGGAGAAAGAUCACCUCGAACUGCACC
0	CGGGCAUAGUUAUUGGCAGCAUCUUCUUUGCCUGUGAUAAG
1	GAUCUGGACAGAAUCGCCGGACAGGUAAGGCCUGCGUUUGG
0	ACCCUAGGUGAAGUCUCCCCAGGAAGCUCUGGACCCCUUAC
0	CAGGGAAUCCCACCCUCUCCAGCUCUACACCUGAGAGCAGC
1	CACUGAUAUAUCGUAGAACAAAAUGAUACACCGUCCGUCGC
0	UGGGGCAGGCAAUGUCCCAAAAGGCACUCGUGUUCCGGUGA
1	UGAUGACAUUUUAAACCACCAAGAUCGCUGAUGCACCAACA
1	AAGAAAGAGAACGUCUGCAAAAGGAGGAAGAGAAACGUAGG
0	ACUAAAGGAGGAACAGGUGUAGAGAAAUGGAAAGAAUCAAA
1	ACUGCUUGUAUGAGCAACAAAAAAUCAGAAAAGAGCCUUGA
1	GUGGGCCCGUUGCGGGUUGAAAGUUCUGACGCCCAUAGUGG
1	UUGAACAGAGUGGACUUGUCAAUAUCAGAGCAGAGCACCAA
1	CUGGACAUAUUCAGCAUCAGAAACCCCGGACGCGCCUCAUC
0	UCAAGUGAUCCUCCUAUGUCAGUCUCCCAAGUUGCUAGGAC
1	GUUAAACUGUGGAAGGCUGGAAGAUGUGAGAGGACUUUUUC
0	UAAUGCCUCUUAGAGCCUAAAGAAUCCGGCCAGGCGCGGUG
1	CAUUCCAGAGAAAGAGGUAGAAGGUCAAGGAGCACAUCAAA
0	GGUCAUAGAAGCAGCUGAAAAUGUUAUCUAAGACUACCUCU
0	UGUGAAAGAUUUUAAGACUUAGGGAUAUUAUCUUUCCUUGU
0	UUAUGUUGAAUAGGCAGGACAAAGGAAAAUAUUCUUCAAAA
0	ACUGUCAAUGAUGAUAAAUUAUUUGGCUCUAUAAAUCUCUU
0	UACAAUGAUGAGUUUUGAAAAUACAUUUAGUGUUUCUGUAU
1	CGACGUGUAUCGCUGCCGUCAAGAUGGAGGGGCCUUUGUCC
1	CCAGGACCGUCUGGAUCUGGAAGAACGGAAGAAAGUAGAGA
1	GGUACUCGCCAUGAAACUCAAAGAUCGAGAGGUAGGAAGUU
0	CAGCUUUGCUGCUGUAGCAGAAAAACGGCCAUAGACAAUAA
0	UGGCAUGGAGCCCAGCCUGCAGGAGGUGCUCCUCUGGGCCG
1	CUGCAGGCUAAGAAAUGAAAAAGUGAGUUGAUAGUAGGAUG
1	UAGGUGAGCUCUGUGAAACCAAGUUUGGGAAGACACACCCU
0	GGGAGGUCUAGGGCCAAGGCACUCUGAAGACCUUUAUGGUA
1	GAACAAAAGGACGCACUCCAAAGGUAACAUCCAAGUUUGAA
0	CAAGAAUACAGGAUAGUCAAAAGCAAUAGGUAAAUCCUAAA
1	CUGAGCCAGAAUCUGAAACAAAGACUGAAGAGCUGAAACCA
0	CAAUGAAGUGGAAUUUCAUCACUACUGUAAAGCAGUCCCUA
0	UGCAGGGAAAAAGUAAGCAGAAGAUCCCUCACCAGCACUCC
1	AUAGACCCGGCUAGAAUCUGAAGUGCGGGAGAGUGCUGGAC
0	UUAGACUCCCACACAAUGAUAGUGGGAGACUUUAACGCUUC
0	GGGGCUUUUGCUUCUGGACAAGGCUAAGAUUUACUUGGAUA
1	GGGACAAAGAACAAAAAGGGAAGAUUGGAAAUGGAUAAAUA
0	CUUCCCAUGCACACUACCUGAGGGAGUGAGAGUGACCUCAA
0	AGUAGAGUUCGUUUGAAAAUACACACACGCACCACACGCAC
0	UCAAAAUAAAUGAAGAGCUCAAGAUGACAUCAGUCCCAUUU
1	ACAACUCGGAGUGAACAAUGAAGAUUCAAAGGUAAGAAAUG
1	AUUCUCUGAACAAGAAGAUUAGCAUGGCCCCUGCGCAAGGA
1	CCAUCAACGGGCGCUUCCAGAAGAUCAAGAGCAUGGCGGCC
1	UCUGGAGAAUCAGUACCGGAAAGAAAAGGAAGAAGCCGAUC
1	AAAAGGGCUGAGAAACACUCAAGGAGGAAGAGCUGAAAGCG
0	CAGGCCCCUGAAUCUUAUGAAGAUGGCCUCUUCCUUUGCCU
0	UCUACCCAGCGUAUAUGCAAAGAACAUUCACUUGAGCCUGU
1	UCGCCUGCUGGGCCAUACCCAUAUUUGCAGCAGGUCUCCAA
1	AUGCAGAACAAAGCAACGGAAAGAUGAACGGUAGCACCUUA
1	AGAUCCAGGCUGCUCUGAGCAAGAUGCAGGAUGACAAUCAG
0	CUUCACAUUUUUCUCUAGAGAGCCUGGCACUUUUUUUUCCC
1	CUGUCAACUGGUGGAGGAAGAAGGUCGUGUAAGAGCCAUGC
1	UCAGCUCUAACUAGGCGAGGAAAAAUCUGCGAAGUCCUGCG
1	UUGAUGCGAUCAUGAAUUUCAAGAAAGAGGAGACAGCAAAA
1	GCCCAGGACUGAGUGAACUCAAGAUGGAAAGAUGCAUGUGU
1	GAGCCGGCUGCAAGACCUGAAAGAUCGCCUGGAGCAGUCCG
1	GUCUCAACAUUAACGUCUGCAACUUGCGUGGGCAAGGUGUC
0	AUGGUGCCUGGGAAGAAAGAAAAAGCAGGUGAGGAUAGUGC
0	CCUCAAACUCGGCUCCGCUCACUCGGCCACUGGUGGCGGCU
1	GGUCUUAAUAUAGAAUCUCUAAGAUGGAGAGCACCCUUUCA
0	CUGUCUCAAAAAAAAAAAAAAAAGAAAAAAGUCCGGGUGUG
0	CUAAGAGCACUGAUAGCCUAAUAUUCUAUAAUUAUAUCAUU
1	CUGGGCACCGGCGGACAGUCAAGGUAGGCAGCGUGCAGCCU
1	UGAUGUGUGGAUCCUGAGGAAAGACUUGGAAGAGACCAGCA
1	GCCCAGUGAACUGCAAUGAAAAGAUCGUGGUCCUUCUGCAG
0	AGCUAAUGUGUGCACUAAGUAACACGGGUGAAUCCAAACCA
1	ACGUGAAAUUGAGGACCCAGAAGACCGGAAGCCCGAGGAUU
0	UUCUGGGAAUGCUUCAAGAUACAUCUGACCCAAACACCUGC
1	UGAAGCCCCGGCAGCGGGGAAAGAAGGAGAGCAAGGAGGAG
1	AAUGCUGUAGAACCCUAAAUAAGUGGUAGAAGAGUGUCACU
0	UCCGCCUCCUUCACCGUGAGAGGAAAGGAAGCGGGAUGACA
0	AAACUAAAGAGCUUCUGCACAGCAAAAGAAACUACCAUCAG
1	UGAGAUCUACGAUGAACUUUAAGAUUGGAGGUGUGACAGAA
1	UGUAGGGGAACUGACCGAUGAAGAUGUGAAGAUGAUCACUA
0	AGCUCAGUCAGGUACUGGCAAGACAGCCACAUUUGCUAUUU
0	CAAAGUGGUUGUAGCAUUUUAUAUUCCCACAAAAGUUAUAG
0	UCUGAGAUGCCAACUGACGUAGCUCAUGAGUAGCGUAUCCU
1	CAAUGCUGAGAUUGAUCUGGAAGAUUUAAAGUAAGAGGCGG
0	AAACCUCAUUUUUACCUUAUAAAGUGUUAAGUUUCACGUGC
1	UCAAGGCUGAGUCUGAGCACAAGAGGAAGAAGCUCGACGCG
0	GACCACAGGUGUGCACAACCACAUCCAGCUAAUUUUUAAAA
1	UACAGGCUGAACAGGACAGAAAGGUAAGAGAAAUGAGAAUU
1	GUGGAGGAAGAGCCACCUGCAAGAUGGACACGAGCCACAAG
1	AGCGUGGAAACACAGAGAGCAAGACGGAUGGAGAUGACACC
0	AAGUGCAAAGAACACGGCUAAGUGUGCUGGGGUCUUGGGAU
0	GUUUUAAAAUAAAAUAACAUAAUGUCUUAACAGUAGAUUUU
0	CCCUACAUCUCAGUUAUUGGAAGAAAAUAAUUAUUGAGAAC
1	UUCGAGUCCUGCCGCGGUCGAAGGGAGGUUAUGAUUAACUU
0	UAGAUUGGGUUCUUUAAUUUAGUAACAUGGAUUAAGUUUCC
1	GAGAAGACGGAGAUAAGGUAAGGCAAAUCCAGAGUGACCCA
1	GAUGGGAAUCUCUCUGAGAAAGAAAAUGGAGAUUAAUCUUA
1	GAAAAAGACAGAACUAGACAAAGAUCAGAAUCAAAACACAA
0	UCUACUUUUGCAGAAAUUCCAUAAUAAAAAGUUGUAAAGAA
1	ACAGGGUCCUCUGCAGCUUCAAGAUCAAUGACUCGGUCACA
1	AGUUCGGAGUGUCCCCUGACAAGAUCAGUCUCCAGCAAGGC
0	GCUGGUCUCGAACCCUAGGCAUAAGGCUUCUUCCCUCAUUU
1	AUUAUCUGCACUCCGAACGCAAGAUCCACCGAGACAUCAAA
1	UCAUCUGGAACUCAGAGAAGAAGGAGUUUCUGGGCAGGACC
1	AGGCUGGAGAUGGAUCAAAGAAGAUCAAAGGCUGCUGGGAU
0	UGGGACCACAGGUGUGUGCCACCACACCUGGCUAAUUUUUA
0	UUUGAGGUAAGGUUUAUUUUACAUUAUAGAAGAGUAGAUAC
0	AAAGAGUACUUUUGAAAUACAUUUUAAAAUACAUUCUUGAU
1	AGAAGUCAUGACGUUUGCAGAAGAUGGAGGGUAAGAAAAGC
0	UUAAGUUGACUGAUAAUGGAAAUAAGGAGAUUAUCCUAGAU
0	AGAGUUCUUAGAAUCCCCCAAAGCAGGGGCCAAGUAGGAAU
1	CGCGCUGUACUCUUUCUUGGAGGUAGCCCUUGUGAUACAUC
0	UACAUGAAGAAACAAUAAAAAUAAGAACCAAAAAAUGUGAU
1	AUAAGAUAGAAGAACUUAAAAAGAACAGAGAAGAGCAAGUC
0	AAUAUUCAAAAAUAAAAACCAGUUCAUAAAAUAGCUGAAAG
0	ACUUCUGCCAUUUCCUAAAAACUCGGCCAUAACAUUAUGGA
1	AUCAUUGUGGAACUGAGGGUAAGAUUGAGAGAGCAAGCCAC
0	UGCAACUACACAUCCUCCUUAUAGUUCUUGCUUUCCUUUCA
1	UCGCGUUUAACAGUGUUCGAACUUGUCCGGACCGACAUUCU
1	AUUGAAAAGGACUCUGUUUGAAGAAGGAAGAAACUAGUGAG
0	CUUUUUCUCUAUUGAUUUGCAUAUUCUGAAUAUUUUAAACA
1	GAGUAAGUGCUACGGGCAGGACGACAUGGUCGACAUGGAGC
0	ACAGGAUUCCUGCUGAAGAUAGGCCAGGGUGAUCAGUCAUU
0	CCUUCCUCUCUCUCCACUGGAGGAUGAAGCUGAGAGUUGGC
0	AGCCUAAAACUAUGAAGUACAAACCUGGCCGUCUAAUGCUG
1	ACGUGAAGAAGCUGGCGCACAAGCACAAGAAGAGCCGCGAG
0	AUUGAUACAGUAGGCAAUGCAAGAUUUGAUCUCAAGGAGAA
1	GCCUGGGGAACAGGAGAGCAAAGAAGGGGAGCACUUAGAUU
1	UUAUGGACUCCGUGGCUCGGAAGUCGGAAGAGCACUGGACC
1	GGUGGGGCUGUAAGACCAGAAAGACAGGUUGAGCACUGCUG
1	UUUUGGCUUUGUGCUAUUUAAAGAAUCGGAGAGUGUAGAUA
0	AGAUUUUUAUUUUUUAAAGUACACAGCACAAUCAAUGUUUA
1	GUUGUUACCGCCUCGUUUAGAUAUCCAAGUAAAUGGGCGAG
0	UGAAGCCAUUUAAGCUAGUAAACUUACCAUAUAAUGGUUAA
1	AAGAAACUAAAGAACAAUCAAAGAUGGAAGACACUCUAGAG
1	GGAAGAAAUAAAGAGCAGCAAAGUAAGUUUCUUUGUGACAA
0	GGAUUUGGCUCUGAUCACAGAGUCAAGUGACUGAGUAUAUG
0	AUAUAACCCACGGUUGGCACAACAUAAGCACCUCCUGGGGG
1	GCCUGGAAUCCAUAUAUAUAAAGUGAAGGAGGGCAGACCAC
1	AGGAGCGUCUUAUAGCUCCCAUCAGACACUUCCUUUGCAUG
1	AAGAGAUGCCAGAACACUAGAAGAUGAAGAAGAGAUGUGGU
0	GGGGCCAGCCUAUCCCUUGAAUCCUUGGAGGAGAUAAAAAU
1	GAGGGCACCGUGGAGCUCAGAAGGUGGGUGCAGAGAGGGCU
1	ACACAGACAGGGAAACUGGCAAGCUGAAGGGAGAGGCAACG
1	CAGCACGGUUUUUCCGCAUGAAGAGAUUGUGGCACUCUGGC
1	AGCCUAGAGAUGGGUAUUAAACCCAGGAGUAGCGUUGGCAC
0	UUUAGUUUGAAUUAUGUGACAGUUGGCAUGGCAUAGUGGUA
1	AGCAUGAACUUGCAGGAAAGAAGAAUCCGGGAGCAGCACGG
1	ACACAGCUAUCGCGAAUAACAAGAAUGGAGUGCACCUUAUU
1	UGGACUUGAUGAAGAAGAUGAAGAUGAGGAUGAGGAUGAAG
0	AGAGUCACUUGGUUAGAUUCAACACACACACAGAGGCAUGC
0	CUUGCUAUGGGGCUCUUAACACCCCACCCACCCUUGGUUUA
1	AGAGGAAGUGUGAGGGUCUGAAGAUUGGGGACACGGUAAGU
0	CAUAUAUAUCUAAUAUACAUAUAUGUAAAUAUUUAUUUAUA
1	UACUAAAAAUGAGACUGAUGAAGAUGGAUGGACCACAGUAC
0	UUCAACCUAAUGGCAUAAUGAUGAUGGUUCUACUUAAGCAA
0	GAGGUUACCAUCAAAUGAACAGCAACGGCAUCGCCUGUACU
0	CUGGGAUUACAGGCUAUUACACGUCCUUUUAUACUGACUGG
1	ACAGUCUGGACUUCAACAAGAAGAUCCUGCACACAGCCUGG
0	GCGCAGUAUCCCAGCGUUACACAGUAUGGUGACUGUUACAU
0	CGGGGUCCCCCAGCUUCCGGACUGGCCGCACCCCGGAGGAG
1	GAAGGCUCUACGCCUCGUGUAGUGCAUAGCCAGCCCGUUGC
0	AGAUGGAGUUGAAAGGAUGCACAUACAUCCCAGGCAAAUGC
0	UGUUAUCCAUACAUAGGGGAAAGAAGCAAGCAAGCAUGCAU
0	CUAAAAUUGCAGACACUAGGACCAUGUCUUGGUUUUUGCAA
0	CAUCCAUCUUAAAGUUAUAAAUAGUGCCUUGAAAGGAACAA
0	CUAACUUUUAUUAUACACACAAUGUGACUGGCAUUAUUCUA
1	GGCCUGGUCUUGUGGAACUGAACUUAGCUCGACGGGGCUGA
1	CGCAGGCGCUGCAGAAAGUGAAGAUCGAGGUGAACGAGAGU
0	CAGGAAAUGAAAUCAAGGAUAUUGGUAAGAUAAAAAAAUCA
0	UAUAUAUAUAUAUUUAAAUAAGCAUUAGUGUCUUAGAAAUA
1	UCAGAUGAUGAAGAUAAAGAAAGUGAAGAGGAGGUAAAAUA
0	GGGUCUCAGGGCACAGCCUGAAGGCAGGGGAGACGCACAUC
1	UAGAAGUCGGAAUCCGGAAGAAGAUCGAACAUGACGUGGUG
0	UCCCCCUUUGGUGUGGAUGCAUCGCUGCACUCACCCUCCGU
0	UCUGCCUUCUGCUUAGAAGGAUGUGUUACCUGAAAGACAAU
0	AGAUUAGGGAACUCAGAAAUAAAGCCACCAUCUACAGCCAU
1	AUGAUGGCCAAAGUAUUAGAAAGAAACGAAGAGCCACUGGA
0	AAUGAAAGGCCACAAGGUUAAGAUUAUGGGGAGGACCUGAA
0	UUUUUCUCUUCUUCAACCCCAAGCACGAACCUACCCUUAUU
0	UCAGCAAGGUUGCAGUACACAAAAUCAAUACAUAAAAAUCA
0	UCACCUAGUUUGAUGUGUUGAUCUUGAGUCUUACUUAUUUU
1	GAAGAAUACAAUGAGACGAGAAGUAACGGUGGAGCUAAGUA
1	AGAAAAAGUAGACACAGAAGAAGACGGAAAGGCAGAGGUUG
0	UUUGUCAAAGACCUAAAAGUAGAGCUAUCAUUUGACCCAGC
0	AAAAGAUAUUUUAGGAAGCAAAAAAGUAAUCACAGUGAUGA
1	CCCUAAACCACGCAAUAGCAAUAGAAAGACAGACGGUGUUU
1	CUUUAACUUGGAAGGACCAAAAGUGAAAGGGAGCCUUGGGG
1	GAGAAGCCCUGACACACAGGAAGAUCAUCGCCAAGGGGGAG
1	UAAGGACUCUGUCCCCAAGGAAGAUGGGAAGGAAAGCACAA
1	GCCACCACAGUACUUCUGGGAAGAGGAGGAAGAGCUGAAUG
0	UUCUUGUGAUUGGUCAAGCAAGGCCCUCUUGUUUGUAUUUG
1	AGCAAUGUGUGCACAGAACAAAGACCAGGAGAGGACACAGU
1	ACUUUCUGAACUCCCUGGAGAAGAUGGAGGACGGCAAGUUG
0	CUGUGUGUCACUUCUCCAAAAAAGCCCCCACAGCUCCCUCC
0	CAUCCUCUCCUCCUAGGAGGAGAUGCCAUAGCAAAGGCAUA
0	AGAACUCCUGAGAUUCUAGGAUUCUACGUAAAUCGCUGGUC
0	GGAAGGUUUAUAAUAUCUGUAUUCAUACUUGCCCAAACUGA
0	AUAAGUUAACAGGAAACAUCAGGUAAGAAAUGAAGUAAAAA
1	GUUGAACUCAACAAACAGGGAAGAUGAAGACACCCCACCCA
1	GCUGAUUAAGCCUGGCGCCAACGCUUAAGCAACGCCUACCU
0	CCGGGACUCAAAUGUUAGGAAGUUGGGCACAAUCCCAGAGC
0	AGAGGUGCCCCAUGGAGGCCACUGGGUGACGGGCCCAGGGG
0	GGGAGGAUUGAAGGCAUGGGACGGACCCUGGAGAGGGUCCC
0	CUGGGUUGGAAGUCAGAGUAAUAGUUAAUAGUCAGGAACCA
1	GUAAUGAUACUGAAGAAGAAAAGAUCCAUUGGAGCUUCACC
1	CAGAAGACCGACCUCUUGGGAAGGAUGGAAGAGCUGCUGUU
0	UAAUAAGGUAGAAGAGAACCAGAAGAGUCUACAGUCAUAGA
1	AACGUGAAAGUGAACCUGAAAAGAAAGGAAGAAAUAAAAAA
0	GUUUUACAGUUGUUAAGUCCAGAGUGCUAACCUGCAAGCAU
0	AAAUUAAAAGAUUGUAAAGAAAAGAAAAUAGGUUCUAAGCU
1	AUUCAGAAGGCUGGACAAUCAAGCUUAGGAGGAGGGCACGU
0	UGGAAUUACAGGCACACACCACCGAGCCCAGCUAAUUUCUA
1	CAGGCAUCGCAGGACUCAUGAAGGUUAGUUGGGCAGGUUUU
1	GACAGAUGACAACCUGACAAAAAAUAGAAAGAGCACAUAAG
1	GGACAAGGAUCUGCAAAUUGAAGUGCAGGUAAGAGGGCACA
1	ACAUGUCAAGAGCCUCUGAAAAGAUGAAGGGCACUGUCUAU
1	GAGGCGACUAGCCACUGUGGAAGAGAGGAAGAAAAUAGUUG
0	UCUUGAUCUCUUGCUUUAAUAGGAAAGCAACGGCCCUCCUU
0	UGGAGAUAUACAAACAGUAGAGGAAAUAAAGUAUGUGUGUA
1	AGGCUGUGGCUCGCAUCAAGAAGAUUUAUGAGGAGAAGGUA
0	CUUUUAUAGAAAUUACACUGAAACAGAUAGGCAAAUGUGGA
0	CUGAAAGGAAAUAGACAUGAAUGAAUGAAUUAAUUUUUUUG
0	AAUUCUGCAAGUUACCUUCCACUUUCUGUUUCUUGGCUUCA
0	UAAAGAAAAUAGAUAGCUAAAUAUUGCAGUGUGAAGAAAAA
1	UGGAGAAACUGAGAAGCCUGAAGUGAGGAAGAGCAUUGAUG
1	GUUCUGGCAGUCGUAACAAUAGAAAGCGGUGUCAGUCGUGA
1	UGCUCCCUCCCCCCAGAACGAGCGGGAGAAUACUAGCUAUG
0	UCUAGAUUUUAUGUGAAGAUAUUCCCUUUUCCACCAUAGGC
1	UUUGUGAAUAUUGUUUAUUAAACAAUUACUCCGCCAAAGGC
1	UGUACCUCAACACCCCCGACAAGAUGGUGCGUGCACACCCU
1	AAAGCUUGACGGCUUGGACGAAGAUGGGGAGAAGGAAGCGA
0	ACCUUUACUCCUGCCCUUUGAGUUUGAUGAUGCUGAGUGUA
0	AAAUAGAAUACUAUAAAACAAUACACAGCAACAGAAUAAUG
0	AAACCAGCUGAAUCUUGAUAAGAGAACUUUCUGGUGUUGUA
1	CCAGUGCGGUAACGCGACCGAUCCCGGAGAAGCCGGCGGGA
1	UGAAGGAAACUGAAUUCAAAAAGAUCAAAGUGCUGGGCUCC
1	AAAGUGGACUGGAAGUGGCAAAGAUGGAAAGACAGACCAAU
1	CCCCGGACGAGCUGACGGUCAAGACCAAGGAUGGCGUGGUG
1	UACAGGAUGAAGAACGCCGAAAGAAGGAAGAACAAGUCAUA
0	AACUUACAAUUUGGUGCCAGAUUUUCAUCUUAGGAGACACU
1	AGAACCUGAUGUCAGAAAUGAAGACCGGAGGGGCUUUUAGA
0	UAUAGUAUUGAAAAGGGGGAAUAUGCAUCCAACUUGUGUUA
1	AUUACUGAUAUUGCCGAUCUAUGGGCAGGUCAGUUUGCUAC
0	AUGGACAAUGUCCUGUUACCAUUUUUUAUUUUGUACAAAGU
0	AAAACCAAAAAAAAAAAAAAAAAAAAAACGGGCUGGGAGCU
0	AGAGGAAGCUGAGCAGGGACAGCACGGGGUGGAAGGUCUGC
1	GGAUGAGCUCAAACAAAAGGAAGACCGAGAAAAGGAGCAAC
1	CGUGGUAGAGCUGCCUGGGAAAGGGUGGAAGACACACUAAG
1	AACUGUGGAUCAGGAACCCAAGGAUCAGAAGAGGAAAUCCU
0	ACUUCCUUUUAUUAAACAGUAAAUGCUAAACAAUCCCUUAG
1	UGACCUCAAGAGAGCUCAGAAAGGUGAGCUGGGGGAGUGAC
1	CUACGCACGUAAUAAGCUGAAAAUCGAAGAUGAAUGUCUGU
1	CAGCAGUUGGUUUUGCGAUUAAGAUCAGGUAUGGAAGCCCA
0	GCAUUUAGACAAAUGUAUACAUCUGUGUAGCCACACCACAA
0	UUUCCCAUGUAGUCAAGUCUACCACAGUAAAAACUAUGUUG
1	AUCUGAAGAGCAAGAUAGAGAAGAUGGGAAAUGUCAUAAAA
0	GGAAAUACCAGUUAAAGAAGAGCACUUGAAUUGAUUUAGAG
1	UCAAAGGAACUUAGUCUACAAAAGAUACACGGACAAUGCAC
0	CCCAUCUUCCCAGGUGCAGAAUAAAGGCAAGAUCCAUCACU
1	GGAAAGAUUCAAAGGAAAAGAAGGCAAGUUGCUUAAUUCUU
0	AGGCUUUCUCAGCAGAGAUGACAGGGGCAUAUGUGGCCAGA
0	GUUGGGAAAGAUUAUUUUAAAACUUUUUUAUAGAGACAGGG
1	AAGGUGAAGUCGGGCCCCCUAAGAUCAACGGAGAGGCCCAG
0	GUCCAUUCAAAUGGUAAAGAAGGGAGGAGGGUGUUUUUUUU
1	CUUGUUUCCGCCUGGUUUUGAUCCAGGGACCUUUCGCGUGU
0	AAGUGGGGGCCAGACAGAUAAUAUAUCAACAGGUGAAUAAA
1	CCCAGGCCAAAGAGAACGAGAAGAAGCUGAAGAGCAUGGAG
1	UAGAGACUGUGACAAGCUGGAAGAUGUAAGAGCAUCCGCCU
0	UAAUUUCUUGAGGUGUACAUAGAGCAAAUAGGGAUAUUCAA
0	AAUAAUGGACGUUUUGAUUAACUUUUCUAUAAUUAUGAUAA
1	GAAGGAGAAGACCAAACACAAAGAUGGAAGCUCAGAAAAGC
0	AGAGGCUACAUCUCAAAAAAAAAAAAAAAAAAAAAAGAAGG
1	AUGACCUACGGACGCGCAUCAAGAGCGGGGAGACGGUCAUC
0	AUUUGCUCAUCUUGCCAUUCAAACCCCUCUUAUUCAUGUUG
1	AUGACAAUGGUGUGAACUACAAGAUUGGAGAGAAGUGGGAC
0	AGAGAGUAAUGAGUAGAACAAUCUGUGUUUUCUGGAACACU
1	AUCUAUGACAUCUGUCGUAGAAACCUCGAUAUCGAGCGCCC
1	CCGGCGCAUUGAUAAGGACCAGGAUGGGAAGAUAACACGUC
1	CCUUCGGGAGAGACUCAAAAAAGCAGAGAGGAGCACAAAGU
0	ACGUUGCUACCAGCGACUUCAUGAGACUCUGAUCUGGAGCC
1	GCGUGGGCCAUAUGGAGCUGAAGGAAGGCAAGAAGCACACC
0	GUACAUUUUAACACAAACACACACUCACGCACGCACACAUC
1	AGGUUUGAUAGAAAGCUGAAAAGAUGGGAAGAACCUAAGGA
0	CAGGAGUGCUGUGAGGUUUUAAUUGGGUAAUGGCUGUGGAG
0	GAGACACUGAGUGGGGUGAGAGUUAUGAGGAGACACUGAAU
0	UGUGUGUGGUGGUAUGGGGAAAGAGGGAGGGGAAAGGAGGG
1	ACCCACUAAUAGGGAACGUGAGCUGGGUUUAGACCGUCGUG
1	GCCGCGUGAAUAUAUUGUUUACGAAGGCAGCGGAUAUGCUC
1	GCAUUGGCUUUUGAUAGUCAAAGAUGAGGAAGGGCAUUCAG
0	CAGGCAAACCCUUUUUGAUUAGCUUCUGCAGCCAAAUCCAG
0	GUAGAUCACUAUAUAACCAAAAUACUUUUAGAAAAGUGAAU
0	CUUGAAGUAAAAAACAAUAAAAAGAGACAAGAUAUAUUAGU
0	CGGAAAUAGUAAAAUAGUUCAACAUGUGCUGUUCAACUGAU
0	GCGGAGCCUGGAUGGAGCUCAUCGGGCAGAGCCGAGCGGAG
1	UACUGUGGAAGGUGGACUUGAAGGUCGAAGACAUGAACUUG
0	CCACCAGCCUCCAUAUACACAGCCCCAUUGUUCUCCUAGAC
1	ACUCGAGCCUGACUCGGGAGAAGAUCGAGGCCAAGAUUAAG
1	AGGUAGCAAUGUGGGCAUGGAAGAUGGGGAGCGACCCCGAA
1	AGUCAAAGUCCUGGGCUGGAAAGAUGGUGAAAGCACAAAAA
0	GGUUGUAAGCUGCUCUCUUCAAACCCAAUUUUCAGGCCCUA
0	AAGAUAAAGAGGCAAAUGGAAAGUCUGAAAUCCCUAGGGUC
1	UCACUGACCAGGGACUUCUGAAGACAGGAGGAGCAUCGAAU
0	AGCGCCCGUCUCACUGAAGAAGGUGUUGAAGGAGUCAUCUC
1	GAAACAGUAUUAGGAACUGAAAGAUCGGUUAAAAAUACCCA
1	AGAACAGGCACAAGAACAAGAAGAUUGGAAGAAAUAUAUUA
1	UGGGCUUCGACUACCAGGGCAAGACGGAGAAGCACGAGUCA
0	UUUAGUUGAGGCCACGACCCACAGGAUGGAGUGGUUCCUUU
0	GAUGUCCCUUUUCUUUCUGCACAAUUAUCCUUUUUCCCAUU
0	CUUGCUGCAGUGACAGGCAGAGCUUUCAAAAAUAUCACAUC
1	CCACGUUGGCUGUAGACACCAAGGAGGAAGAGAGUGAGGAU
0	CCCUAAAUUUACUCUAAUUCAUUCCCAGGGUGGCCUUGCCU
0	UGUAGUCAUCACCAUAGUCUAAAUUUACCACAUUUUUGCCA
1	GGCCUGUAGCUCUUGGCACAAAGUAAGGAAGUGCACCAGAG
1	CCGAGCCACAUCGCUCAGACACCAUGGGGAAGGUGAAGGUC
1	UCAUAGAGCAAAAAUUCUGGAAUAUCGGAAGUGCCUGAAGA
0	GCUAGUAGCGGAGAGAGUAUAUUUCUUCUUAUGUUACAGUG
0	CACACAGCUCCCUUCAAUCAAGUGAUACCAGUCUCCCGGCC
1	AGCAGAAGAUCCUGAAGAUUAAGACGGAAGAGAUCGCGGCA
0	UGGUCCCAACUCUGGAGUACACCAGUUAUCAAUUAACUGCC
1	GAAGAAAGAUGGAAAUUCUGAAAACUGAAUGUCAAGAAAAG
1	UGUUUCUGUGAUUGAUGAACAAGAUGGAAAGCCCUACUAUG
0	GGAAGGAACACAGUGGCCUCAACUCAUUCCAGGGAGAAGAC
1	AAUGCGGAUAUGGGACUGAGACCAGCUCCUAGGAAAAUGUC
0	CUACCAGUAAUAUAAUAUGUAAAUAAAUUUAAAAAUCAGAA
1	AGCUCAGAGCUGGAGGAUGAAGGAUCGGGUAAGUGGAUUCU
0	GGUGGUCCGCCUCUCGUUGAAGUCUUCUUUCCUCUAUUUCU
0	CCAUCUGGUUGGCUGGCUCAAAGCAAGCAUUGGUGAUCUCU
1	ACCAGGUGCUGAGUAAUCUCAAGAUUGGAAGCACAGCUGUG
0	AGCAAAGCCUAUGUUAGAGCAGAAGCCUUCAGCAAUGCCUG
0	CACUAUGCAAAGAACUCACCACAAGCCACCUUUUGUAGUGU
0	UGCAGUAACUGUGCUCAAUCAAAUAAUUUGGUUAUACAAAU
0	UGGUUCUGCUAAUUGAUGUAAGAAACUACUUACAUGUUUUG
1	CUCCAUGAGCUUGGCAAAGAAAGAUGAGAAGACAGACACCC
0	UCACAGAAAUUGGACCACCAAGGCCAUCUAAUUCAACCUGA
0	CUGAGCAGCUGGCAUCAUAGACACCUACCACCAUGACCAGU
0	GGUUGUUCAGGUUCUCCGUGACUGUCCUUCUGCCCUUCCAG
0	GACUGUUGAGAAAUCCAAACAAAACUUCCCCUAGAAGCAAU
1	GCGCAAGCGGAACGACUCCGAAGAGGAAGAGCGGGAACGCG
0	AUGCUUAGUAUACUACUAUUACUGUAUAAUAGAAAUAAUCA
0	CAAGAUGACACUUUACCUACAGCAAAUUUUUUCAUUAAUAC
1	GAGCAGCGUUUUGGUAGAAGAUUAAUGCAGUCUCUAGCAUA
1	GGAAAUAUAAACUGGUACGGAAGAUCGGGUCUGGCUCCUUC
1	CCCAUGUGUAGGUAUUGAAAAAGUUUGGAAGCACUGAUCAC
1	GACAGGAGAAGAGCGAGAAGAAGAGGAAGAAGAGCAGAUCA
0	AAAAAGAAGUUGGGAAAUUGAACCAUUCUCUUUCUUUUCUU
1	GGUACCGAGCAACGCUGUAUAGGGGGCUACGAUUAUUGGUA
1	AGUGUUACAUUUCGAAUCAUAAACGUGAAUAUCGAGCGGAG
0	UAAUUCGCCGCCGCCAAGACACGUGAGCCCUACCACCUGCA
0	UGGGAGGCCGAGGGGGGUGGAUCACCUGAGGUCGGGAGUUG
0	AGGACUGCUCACCACUGCCAAUUUUUCUCCUACGCUGGGGA
1	AAGGACUUCGGGUGUUUGACAAGGAAGGAAAUGGCACCGUC
1	GACUGUGAACCUGCUGGCCGAGUGGCUCAUUCAGACAGGUG
0	GGCUACAAGCAUCAGCUAACAGAACAGAAAGUUUUACAAUG
0	AUUCUCAAUCAUCUCAUAAAAUGAAGGUACUGUUGGCUAUU
0	UUAUUGUAGCACCAUUUACAAUAGCCAAGAUAUAGAAUCAA
0	GCCCCGGGAAUCUGCUGGGAAGAUGGCAAAGGAGCAGCUUU
0	CUCUUUCGGGACAUUGCCCAAGAGUUCUCUGAUGACCUGCA
0	ACAAAAGCCAAAAUUGACAAAUAGGAUCUAAUUAAACUAAA
1	UAGGCCUGUAGCUGGGAAGGAAGAGACGAAGACACAGGGAG
1	GUACGCGCCUCAUUAAACCAAAGGUCAUGGAGGGCACAGUG
0	GCACACACACACGCGCGUGCACAAUGACAACAACAAAACCA
0	UUAACAAUAUUGGACUUUCCAGUUCAUUAACAUGAUACAUC
1	GUAGCCCGCGUGGCCACUGGAAGUUUGAACGGUCGUGUGCC
0	AAUUCAAGUGAUGUCAGAGGAUGCUCCUGCUUCUCAGACUG
1	AAACCUCUGGCGGCACGCAUACUCGUCAAGCAUGCGCUAGC
0	CCUUUGGCAGAAUCAAUCUGAGAAACAAUGAUGAAGUAGAG
1	GAGCUAGAAGAAUGGUAUGCAAGACAGGACGAGCAGCUACA
1	GGAUCGCCCGGAGGCUGGACAAGAUGGUGACCAAGAAGAGC
1	ACGGCUCCGUGGUGCAGUUCAAGAUCAAGAGGCACACGCCG
0	UAGGCAUAGUUAGACAUAGUAAACAUACAAACCUGAAUUUG
1	CUGCGCUGUGGACACUGAGAACAUCCGCCGUGUGUUCAACG
0	GUGCCCUCCAGUCUGCUGUUAACAAGGCUGUGCAAAAGGAA
1	CAUAUAAAUAAUGAACUAAAAAGAAAGGAAGAGCAGUUGUC
1	GGUUGGGAACCAGAACAUGAAAGAUCGUGAUGCCAUGCUGA
1	AUCCGCUGGAAAUCAGGAAGACCUCUCCGGGGCGCCAGCCG
1	CAGGAAAUUGGCUGACAGCAAAGAGCGGAAGGAAGAAGAGG
0	CAUAAAUGGGCUGGACAAGGACUCCUAUAAACAUGGAUGGA
0	GUAUGUGGGAACAGCAAUUAAUUGUCAUGUAGCGAUAAGCU
1	ACCAGUUGAUUAACAAUUAUAAUGGACUAAAUAAAGCGUUG
0	UCUCACCUCCAGAAGGCUACAGCAGAAAAGAAAGCAGAGUC
1	CAGAGACUGUAUGCUCCUUGAAGAUGGAAGCUGUGUUGUGU
0	GUAAGCUCCUUUAUGAUAGGAUGUGGGUGUUUUCAAGGGAA
0	UCAUGUGGAUUCAGUGUAGUACUUAGUGCAUGGCAAAUUCA
1	GGCCAGAACAAGGAGGCUGUAAGGACGGAGGAGUCUGUCUG
0	UGGGGAAUGGUGAAUGUCAGAAGCUUGAGUAGCAAGUGCAC
0	GAUUAAAGACUUAAAUAUAAAACCCAAAACUGUAAAAAUCC
1	AAGGCUGUCAGAGAAGAAGAAGGAUCGGAUUGAUGCCUUCC
0	GCUUGCCAGGAACCAUAUCAACAAUGGCAGCAUCACCAGAC
1	AUGGGUUCUUGAACUCUUGGAAGCCUGGAUGAGCCACCUAA
0	CCUUAUGUCUGUGGAAUGUAACAGGACAUGUAUCAGGUAAA
1	CAGGAGCCGAUGCAGUGCCUACAAGGCGAGAGAUUAUGACA
1	GACUGGAGUUCCAUGCCAGCAAGGUACGAGUGCAGCAUGUG
0	UGACCUGGUUCAGGAAUCGGAAGGUCAGUGAGUUCAUCUGC
1	CCUGUAACUUCUGAGGUGAAAAGAUCAAAAAUGGCUACUUC
1	UACGAUUACGUGCUAUAGAUAAAUGACAAAGAUGGCUGUGC
1	UCGUUGGAGUUCCUGGCUGCAAGGCGGGAGAGCAGACAUCU
1	CAUGUCAGCUGUGACAACUCAAGUAAAGGAAGCACGAAGAA
1	GACAAGAUGAAUGAAAGUACAAGAUCGGUAUUGCAUGAAGU
1	UCGGAAUUGCUUUCAACGCCAAGAUCGGAGGUAUGGGAAAC
1	ACAGGAUGUGAUUGUAAAUGAAGAUGGAAGAAAUAAGCUGA
1	GACCCUGGCUGUAGAGUAGGAAGAUCGGACUUGGUCGGCUU
1	GGGACCAGGACUUCUUCACCAUGAUCGGCAUGGAGCACCCC
0	CACACCCUAACCCUAUAAAGAACUUUAAAAGAGAAAAUUUC
1	AGAGCAACCAGUAGAACAGAAAGGUCUGGAAGCAGCAUUCU
0	UAUCUGCUGACCUUCCCUCCACUAGUGUCCUAUGACCCUGC
0	GAAAUAAUAAGCAUUUAAAAAUUUAUGUAAUGCUUUUUCAC
0	AUUUCUCACCUAAAAGGCCCAAGAAAGAAAAUCUGAUUAAU
1	UGAUAGGAAACUCUGUACAGAAGAUCAGUGAACCUGAAGCU
1	CAUAUUUUGACAAAGUAGAUAAGGUGCAUUUGCAUUAUUGU
1	GGAUUACCCUGCAAAACAGGAAGACAAAGGAAGGGCCAAGG
1	UAGACUGAAAAAUCAAAUUCAAGACCAAGAGCAGCUUGUCU
1	AGCUAACCGAAAGAGAGUCGACUGCGAACGAGAAUCUCGUG
1	CUGGCGGACUUGUCUUCUGGAAGUUCGGGUGAGGACGAUGA
0	GCAUCUGUGAGGGCCAUAGGAGAGAAGCAGAGCUGGGCACC
0	GUACCUGCAAGAUCAUUUGAAUUUAAUAUCAAAGGGCACCA
0	GGUUGGGGCGACCCCACGUCACCGCCGAACUGACCAAUCCC
0	CAAAACAAAAUAGUAGUGAUAAGGCCGGGCACGGUGACUCA
1	UUAUAAAUAAUUUAUAUCUGAAGACGGAGAGCCUGUAAUAU
0	UCUCCUGACUCUGAAGCAGGAAGUCCAGGCCAGCUAGUUCC
1	GACUCUGAUCAUGUAGACAUAAUAUCAGAUGGCACCAAGAA
0	AAACUAAUUUACACUCCCACAAAUAGUGUAAAAGCAUUCCU
0	CAAGGGGAAAAACAGUAGGAAAAGAACAGUAAAAGGAAAAA
0	GUGCAGUCCCAGGUCUUGAAAUAGUGAAGUUCAGUUUCUAA
1	UGGACGGGGAGACCCUGAUCAAGAACAGGAGCGCAGAGCUU
1	ACAAGUAGAAUUGACUGCACAAGAUGUGAAAGAUGCCCACU
0	AUAUGUAUUUAGGGGUCAUUAGCUCACACAGAUGAUAUCUA
0	GACCGCAUGCGACCCCGGGGAGUUGUGGGUAGAGAGUUCCA
0	AGACCCAGACCACCACAGACAGACAGAACCGGGCAUGGCAU
0	AUUCCAGACCCCUGGCCGAAAGCGCGCUUCUCCCAAGCAUU
1	GGGUCUCUGCUCUCCUGUCCAUUUUUCAGAGCUCUUCCCUG
0	CAUUAGUCAUAAUAACCAAAAAGUGGAAACAACACAAAUGU
1	UGGCAAAGACCUGGACUUUGAAAAAGCCAAGGUAGAGGUCC
0	CUUGCAGGAAGAGAUGACCAAGGCUGGAAGCAGCCCAGACA
1	AUCUAGACUGCAGAGCUUCUAAGUUUGGAGAGGCUGGGAAG
0	AGUCGUGUCACUCUAGGAGAAGCGGUUUGUGUUGGUGGCAG
0	ACCGUACUCCUUCUAAAGAGAGUAGUCAACUGAUAUUAAAG
0	CCUAUGCUAGGACUCCCGGGACUCUCGUAAGAAAUUUUGUG
1	GACUCAAGAUCAAGGACCAAAAGAAAGUGGAGAGACAGUUC
1	UGAGGACGAUGAGGAUGACGAAGAUGAUGAGGAUGACGAUG
1	GACCCUUCCCCUGAGCUACCAAGAUCGGAGUGCCCAGUCAG
1	AUGAGGGAUCCUGCAAGCAAAAGAUCAAGAGGAUUUGGUUU
0	CCAGCUGGUAGUUGCCUGGGAGGACUCGGCUCAGUAGUGGC
0	CCACACACCUGGCACCAAGUAGGGACCCAUGGGAGAGGAGU
1	CAGGUAGGACCCCUGCAACUACCUCUGGCAUCAGUUCUAUU
0	GAGAUGAAUGGGGAGCUGGAAAGGGGAUGGAGUGGUAAGAU
1	UAAUUCUAGGGUCUUCCCGGACCUCCAGGAACCAUGGGUCC
1	GAAGGCUGUAGGAAAGGACAACUUCACCCUGAUUCCGGAGG
1	CAGCAGAGGCCAAGAUCAAGAAGAUGGAAGAGGAGAUUCUG
0	CUCCACAGCAACUCCAUGAGAAGGGUGCUAAUAUUACCACU
0	UGUAUUUCCUCUAAAGGUUUAGUGUAAUACUGCUUGUUUGU
1	AGCUCCAGCAGAAGCUUUGAAAGAUGGAGAAGAGCGGCAAA
0	UGGAGUAGGGACAGGCAUUCAUCCUUCAUGAGGGCAUUGGG
0	CAAGCCUGAAAGUAAGCAGAAAAAAAAUAAAUAAAGAGCAC
0	UCUAGUUCCUCAUUUGUAAAAACAGAGAUGAUUGGCCAGGG
1	AGGCUGUGGCUUCUGCAACCAGGACCGGAGGACACUCCCGG
0	AUGGUACUCUGUAAUCAGACACAUUCUUACUUCUGAAGCAA
0	CCCCUGAAAGAACAAGAGUUAGGAAAAUUAUCUAAGACAGG
0	AUCACACCUCACUCAGCCUUAGGCCUGUGGCAGCUGCCUGG
0	UGGCCUGUAGGUAAUAUUACAGGCUCUGCUGGGGUCAUCCC
0	AUUAAGAAAACGGAAUUGAAAGUUGUUAAUAUUUGGUAGAA
0	GUUCGCAGUUUCUGACAGUGAAGGCUCGGAGCAGCCCCUCC
1	CGGCUACGAUUAUUUUAGGUAAUGAAGUGAAGUAUCAUAUA
1	UACGUUUGAUUUCCGUAAGUAGCUUCAGAUGGCAGUUGUUA
1	UUCCAAUGGCUGUGUGUUUAAAGAUUGUGGGAGCUUCGCUG
1	CAUGCGAAACCUGACUGAGGAAGAGAGGAGAGCUGAACUUC
0	ACAUAUUCACAAUUCUAUAAAACUGUGUACUGGAAAUCAAU
1	UACGUCGAUCCACCGGUUCAAGACCUAUCGAUGCAGGGGAG
1	AGACGAAAACGGAAUCUGCCAAGACGGAAGGUCCUAGCCCA
0	UUCUGGAGUGGCACUGACUAAUCAAUGCUUCUUCUUUUGUG
0	UUUUUGUGGGGGUGGGGGCAAAAUAUGUUUUCAGUUCUUUU
0	UUGGGCAGUUGGUGGAAUUAAUACACUGUCUUCAUUAAUUU
0	CUUACAAGAAGAAAUACAAGAGGCCAGGUGUGGUGGCUCAU
1	CUCGUUGAAUUCUGUAUUGGAUUAUGGAGGCGCGAACCUGC
1	AACUGGACAUCAAACUGGACAGCGAGGACAAGGACAAAGAA
1	UGGUGACCGAUCGCCGUGGCACUUGAAAAUGCAACAAGGAG
1	AUUCGGACGCUAUUCCGCGAAGGAAUCGAGAUAAAGAUCUU
0	UUAAAAACCCCAAAAGAAUGACUCAUUCCACUCUUUAUUAA
1	GGCUGUGGCACGAGGAAGCAAAGAUCACAACAUUCGUGCCC
1	UGCUGGCUUUUAUAAACUCUAAGCGAAGGAGGAGCACUGCC
0	CUUUAUUAAGACUAAUCCAGAGAUGUUAGUUUUGCAUCCCU
0	CAGCCACUUCAGGGGAGGGGAGCUGGAACUGGUUUGUCACA
0	AACAAACAAACAAACAAACAAACAAUCAAUCAGAGGCGCUG
1	CUUCGGACUGCACGGUCAUGAACAUCGCAGAGCACUACAUG
1	CAUGGAAUCAUCAGGAAGGUAAGGAAAUAGUAAAAUACUGA
1	AAAGGGGGAACCUGAGAAUGAAGAGAAGGAAGAAAAUAAGU
1	AGGGCUGAAAAUAAAUAGGGAAGAUGGAGACACCCUCUGGG
0	CUUCAUUAUUUCUUUUCAAAAUUUCUUAGUUUUAUGUAUUU
1	CAGAGGUAGAAAUGGUACAAAAGAUGAAGAGCACAGAAGCU
1	CAGCCUAGAGACGCUGACAAAGGAGCGGAGGAGCAGUCGCA
0	CCAGAAUCGAACACCACUAGAACUACCCAAAAACUGAGAUG
0	AGGCUGUGUUGUGUUACAACAAAAUAAGUGCAGUAGUUCCC
1	GCUAGAGGCAUGGAAGAAUGAAGUGAAGGAGAAAGGCCACG
0	UCUUCAUUCAGGUUUCCUACAAAACUUCCAUAUAAUUCUGC
0	UGAGUUUUGAGCAUUUACUAACUCGGGCGAAAAAAGAUGCU
1	GGAGGGCAGAUUAGAACAUGAUGAUUGGAGAUGCAUGAAAC
0	CCGGGCUCCGCCUCGGUGGCAGAGCUCCUGAGGCCUUCACA
1	AGGCAAGACUGUGGAAGUUAAAGUAAGUGAAAUUUUCCUAC
0	CCUAAAAAAACAACCAUUGAAAACAUCCAGCUGCCUCAUAC
0	CAUAGUCUGUGCCACGUAGCACAUUCUCAUUUAACUUCCCA
1	UACUGGGAGCUCUGGGUGCCAAGAUUGUGAACAGCCGAGAU
1	CUCGUGGACGUGGAAUGCCUACUACGCGGACAUUAUUAAAU
0	ACUGUGCUAAGUGCCUUACAAACAUUAUCUCAUUCAUUCCU
0	UUCACGAUUAUCUGGUUCACAGUCUCCAGGGCACCUGAAUA
1	AUAUCGCGCUUCGGAUGAACAGCUAGAAAAAUGAUCGAGGC
0	GAGUGAGUUACUUAACCUAGAAGUCACAAGGGACAGUGGCC
0	UUCUUUAUGACUUCCUUAUGACCAUUAUGGAUUUUCCUUUG
0	CUUUGGUAGCAUACAAGGAAAGAUCAGUUUUCUCUAGGAGA
0	UAUUGCAAUCUCUAACUAAAAUUACUACUUCCUUUUUAAGU
0	UCAUCACCCAGAAUCCCUCCAUAUACAUAUCCAUCCCCAAA
0	AUAAAUACAAAUGAAAAACAAUACAGUAUAAUAAUUAUUUA
0	CUAAUUUUUUUGUAUUUUCAAUAGUGACAGAGUUUCACCAU
0	CUGCUGGCCACGUGCUGGCCAUUUUUCUUCACAUGCACCAG
0	AAAAAAAAAAGUGUGUGUUGACUGCUCCGCCAACCGGCCUU
0	CAAGUACUUCAUUCGAGAUGAGUUUCUGGUGAGUCGAGCCU
1	AAGUUCUGUAGCCUCAGUGUAUGAUGGGAAGCUGCUCAUAG
1	UACUGCGGAUUGAACCUGAGAAGACGCGGAGCACGGCUGAG
1	ACCCGUAGACUUUAUGUAGCAAGUUAUGCCCGAGUCCUCUC
0	CUUGUCUUACUUUCAUAACCAGGAGGGGAAAAAAAUCAUUC
0	UCAGGAGAGUAAGGAGAGUAACUUCGAGGUCUGGAGGAUCA
1	GAUGAAGAUAAGAACUCUAUAAGAUUGGAGGAAGAUUAAGA
0	CCAGGCCCCCUCCCCCCAUGACACUGACGCCCAUUCCCCAA
0	AAAUAAAUCUUCAUUUUCACAUUUUUUGUUGCAGUCCAAAG
1	CCAUCGUCAUCCUGCUGCUGAAGAUCUGGAAGACGCGCUCC
0	AGCAUCUAUCAUUUGGAUCAAAGGGACGUCGGGCAGGUGGU
0	GUCAAUAAAAACUCAGAAUGAAAAGUGGCACUAUAAAUCAA
1	AAGAGGGUUGGAGACUGUUCAAGAUCGACAAGGAGUACUUG
1	GAAGUAGCAAGACAGUUGGAAAGAUCAGCAUUGGAAGAUAA
0	CUGGGUAAAGGGUACAUGGAAUCUCUGUAUUUUUUCUCAAA
1	UAUUGUGGCUGGAAUGGAAGAAGAUCACCUUGGUGUUCCUU
1	UCUUCACACACGUGCUGAGAAAGUACGUCUUCUUUGAUCUG
0	UCACAAUUCAGACUAGCCACACGUCAAGUGCUGAGUAAUUA
1	UGCUGCAUUAACUAAUUUGCAAGAUCGAGCACCUAGCAAGU
1	UACGGGCAAAGAAACCUAUAAAGUACCUGGAAGAGUCAGAU
1	AACUGAAGGAACAGCUGGCUAAGAAAGAAAAGGAGCACGCA
1	UGGCAACACUGAACCUGUGAAAGCCAAGGAAGAGCUCAUAU
1	GUGUGGACUGGGCUCAGAGAAAGGUCGGGAGGCUGCCACAA
1	UGUCGGACAUGAAGAGACACAAGAAGCUGGAGGAGCAGAUC
0	AACUUCAAUACAAGGUCAAAAUCAGCAACAAGUUCUACAAU
1	GAGAAGGAAUCUGUCAUGUGAAGAUCUGGGAAGCAGGUGUA
1	AAUGUGGAUCUGGAGGCCGCAACAAGGAAGGGCAUCUUGGU
1	GAUUUAAUUUCGGCGAUUUGACUCUUAUAAGACCGCGUUAC
0	ACAAAAUAAUAUGUGAACCUAGAGUAGUUGUAAUUUAUGUC
1	CUUCUACACGGACAGGCUGGAAGACAGGAAGGAGCCAGGCC
0	AGAAGACAUGUAUUUGGUUGAUUCUAGGUGUUGAUAGACAA
1	ACCUGCAGAAUGUGGACAUGAAGAUUGGGGUGUAACACCUA
1	CUCAGGAUUUAAAAACUGGAAUGGUGAAGGCGAGAGCAGUU
1	UGGUGAAACUGAAUUAUUUGAAGUAGGAAGACCCGAAGUUC
1	CCUCAAGUGAAUGCAGUGCUAGAAGCGGAGAGUCUAGGAUA
1	CAGUGUUGCCUCUAACAAUAAAGAUCAGAAUUCCAUGAAAC
0	UGAACCGGAGCCAGAAGGACAUUGAUGGCAAGAAGGACAUU
0	CCCAUGUAUGUCUUCUUUUGAGAAGUGUCAGUUCGUAUCCU
0	UCCUAAUUUCAAAGAGUAGAACAUGUGAGUUGUGACCAGAC
0	CCUCCCAUUCUAGCUAUUAUAAUGAAGGGAUAAGUUGUUCA
1	UUGGAAUGAGUCCACUUUAAAUCCUUUAACGAAGAUCCAUU
0	AUGACCUAGUCGGGGAGUUAAAUGGCAGAUACCCUUAUUUU
1	UCUCCGUAGAGACUGUCAAAAAUUGCCAGUGCCGACUAUAU
1	AGCUCUUAACGCUGUGACCAAAGAUGGAAGUUCUCUAUAGG
0	AACAUCCCCCACCAUAAAAAAAAAAUUGUUACAAAUGAUGA
1	GCUGGUUGUGGAGCCUGGGAAAGGUGGAAGAGAGAGAGGUC
1	GAUGUGACUUGUAGCUCAUAAAGAUGGAAGAUGAACCACCU
1	CUCAACUGUCAGGCCCUACAAAGAAAAUGGAGAGCCUCUUC
1	GUACCAAUGCUCAUAAACGAAAGUCGACCAGGAUUGCCGCA
0	UUGCCUGUGAUAAGUUGCUCAGGGUGGAAGAGCUGGCGGUA
1	GCGGUUUUGGCUGUGUGAGGAAGACGGAAGAGACGGCGGCG
1	GACUGUGUAAACAACUAGAGAAGAUUGGACAGCAGGUCGAC
1	CUUCAUCCUGGACCACGGCAAAGAUGGGAAAAUCUUUGUCU
1	UACAUCUUUUGAAACUCUACAAGAUCGGUAUUCCCCCUUCU
1	GGGAGCUGUACCUCGCCAAUAAGGACGUGGAAGGUGAGAGG
0	CAACAGAGGAGAUUCUGUCGAAAGAAAGAGAGAGAGAGAGA
1	AGGAUGAAAGAACAGUGCGGAAGAUCUGUGCUUUGGAUGAC
0	CACAGAAAACUACACUAACAAAUAUUUGGCUUAAUGGAUUA
0	AGAUUAUACCAAAUGAGAUGAUUACUACGGUGCUGUGUGUC
0	GGAGGAAGAGGCCAGGAGCCAAGGAACAUGGGCAGCCUCUA
1	UGGAGUUUGUGAACAAGAUGAAGAAGGAAGGGAAGCUGAUC
0	AGUAAGUGCCAUUAAGAUUUAUAUUCUAUCUUGGAAUAUUU
0	CCCUCGUCCUGAGCCUGACCAAGAACCAGCUCCAUGAAAGU
0	UAUCCCACAGCCAGUGCUGAAGAAUGAGUGGACUGGGAAGU
1	GUGAACAAUAUAUGAGAAAAAAAGCAAGGAUCGCAGUGAUU
0	AGAGAAAUGAGGCACAGAGCAUGUCUUUUUAUGGGGACAUU
1	UGGACUGGGGUCUCUUCGAUAAGAAUGCUGGAGAGAACACU
0	UUUGAGAAACAUAGUGUAUGAAAUAUGAAAAAAAAUAUGUA
1	CGACUGGAUGAUAUGAACCAAAGAUGGAAUGACUUAAAAGC
1	AGACCGACUUCGACAAGAAUAAGAUCUGGUAUGAGCACCGG
1	GUUGAUCGCUUACGUAUGAUAUCAACAAUAUGCGUGACAGC
1	CCCUUUUAACUGUCGGGGGAAGUAUAUGCGUGUCGCCGACU
1	UCAUUGAGCUGAGGAAGAAGAAGAUUGAGGAGGCGAUGGAC
0	UCUGGGGUCUCCAAUACUCCAGAAAGGCUUUCCUGACCCUA
1	UCUGUCCGAACAGUAGCGACAAGCACGGCGCAGCUUGAGCU
0	CAGUGAGCUAUGAUCAUGCUACUGCAUUCCAGCCUGGGCAA
0	GGCCUAGGAAUCUGCUUUCUACCAGCAUCCCAGAUAAUUCU
0	CAGAAACCCCAACUUUUCAAACUAAAGCUCCCCCUAAAAAU
1	UGAAGAAGGACCCUGGGAAGAAGAUCAAGAGAAAGAAGAAA
0	GUCAGAGCAGUUCUUCUCUUACCUGUUUUAUAAAUUAGGUA
0	AGAGAGAGAGAGGGGAAAAAAAUACCAAACCCUUGGGAAGA
1	AUACCUGCAACAACGGCCGGACUCUUAACCCCGAUCCACGC
0	UGGAGUAUUGGACACAUACCAACAGUGGGCACAAGAUGAGU
0	UAGUUCCAAUAUAGCAAAGAAAGAAACUCUAGAGUUUAAGA
1	UUUGAGGAUAUUGUGUCUUGAGAACUGAGUGCGACAGUUGU
1	GCGGCUACAUCUAGAACUAUAGCCCUGAUCCACGCGCAGCG
1	GAGAACGGGUUACUGUUGAAAAAUUAUGUACCUCAUUACUG
1	CCAGGGAAUUUAUCAGAGCAAAGUUCGGGAGCUGAUCAGUG
1	ACAGGAACGUGGAGAUCUGGAAGAUCAAGAAGCUCAUUAAG
1	GCAGAACAUGAACCACACAAAAGAUCCACCCUGAAAACCAG
0	CAGUGGAAUCCAUUUUGUUAACACCGACAAUUAGUUGUUUC
0	GAAUUGCACGCUCACUUGAAACUAUCUUGAGGGACUAAGGU
1	ACUCUGUGUGGAAGAAGAUGAAGAUCAGAGGGAGAGGCACG
0	CUUCCACGAGGAACACCGAAACCCUUCUUUUUCCCUAUCAC
1	AGCUGCAGGACUGGGUGAAAAAGAUCCGUGAAGUGGCCCAG
0	GCGGCUCUGCUGCCGCUCUGAGCUGCUUGGAAAGUUGAUGG
1	CGUAAACGAGCUAGUGGUUCACCGCAGGAGCACGUGCAGCU
1	GGAAGAGUGUAGAAACUCUCAAGAAAGGAAGGGUCCGUUUU
1	UCCGUGUGCCACCUCCAUCCACUUCAGCAUGAAAUAGUUUC
1	GCCUGGACCCUUGCUGCCGGAAGAUCUUGCAAGAUGGAGGG
1	AGGACACCUACCAGAUCAUGAAGGUGGAGGGUGAGUCAGGA
0	GCAGAAUCAGUCAGUAUGGAAACCGUGUUCAUCUAUUAAUA
0	ACCUGAGGUCAAGAGUUUAUAAGACCUGCCUGGCCAACAUG
0	AAAAUCAGUGAGGAACCCGCAGCCCGUUUAACACACUGGAU
0	CAUAUUGCUAAGAAAUUUCAAUCAUUUCUCAUCUUUAACCC
1	UGAGCCACAGGAAGCUGAGAAAGAUGCGGAAGAUUCGCUCC
1	CAGCUAGCUUUGCACAGUUUAAGAUGGAAGGAAAUGCAGAA
0	GAAGCUACAUUAGGAAUAUAAUGCGGUGAUAACAACAAGCU
0	UUAUUGAAUUGCUGGUUCUGAUACUUUUUAAUGUGAUUUUU
0	CAUGCCUGCCUGCUCAGGAAAUGCCUCUGCAUCCUGCAACU
1	CGGGACUGGAAUGUAAAGUGAAGUUCGGAGCUCUGAGCACG
0	GAACUGUAGGUCAUCAUGUUAAGUUAAAUAAGCCAGACACA
1	AAUCUGAAUGCAUGAAUGAGACAGAGUGGACAAUUUAUCAA
0	UGUUUUCUUUCUUUGCUGCUAUAGGGAAAUGAGACUUUUAU
0	GCCUGAGGUCAGGAGUUCGAAACCAGAUCUCUACUAAAAAU
1	ACGGAUUCACUACCCCACUAAGGCCAACUUUGCCGACAGAU
0	ACCACACCCGGCUAAUUUUUAUAUUUUUAGUAGAGAUGGGU
1	GGGCCGAGUCACUGUCAGGGAAGGUCGGGAGCUGCACACGC
0	AAUAUAUCAGUAGCAUAUUCACAUCCCUUGUGAUUCUUUGA
1	UUGGACGUAUUGGAACCCCAACUGCAUCUAGGCCGCCGAGG
0	CGUAAGCCACCCACCCACCUACCAGGAUUUUCCCGGGCAGA
0	CAGCUAGGUGGCUUAUUAACAAUAGAAAUGUACUUCUCACA
0	GAGAUCUCAAAAUAAGAGACAGAGCCUGAAUUUAAACUUAG
1	GGCUGCAGGACUAUGAGGAGAAGACAAAGAAGGCAGAGAGA
1	UCACAAAGAGGCUAAAAUAGAAGAACAAGAAGAGCAAAGGA
0	CAUUCCCGGGCCCAGUGGCCAGAUCGUCCACACUUGAAGCA
0	ACUUGAUGAUACCAACCAAAACCUAAUAAGAUUUUUCUUGU
0	AGAUUUUAAAAGAUAUACAAAGUAUGUUCUUAUUGCAACCA
0	UAGUUAGCCAGUUUCAUUCAAAACCAUCUAUAGCUAUAUUG
1	GAUCCAGAACCGGCUGGAGGAAGAUCAGGAAGACAUGAACG
0	UUCUAGGUCUAGGGGCUUUAAGACUAUUACAAGGUGAUAGA
1	CCUAAAAGUACAAGGGUAGGAGAUGGUGUCAAGAUGUACUA
0	CCCACCCCACUCCACGGCACAGACCUUUGUUCCAGCCAAAC
0	AGCUCACCUGCAAAGCUGGUACUAACCGGCACAUGCUGUCC
1	CUGAGAUGGAGAUGAUGAAGAUGAUCGGGAAACACAAAAAC
1	AGAUGCAUCAGGGGGCGAUCAAGAUCAGGAAGAAAGAAGAU
0	CAGAGGCAAACGUUGCCUCUAUAGUACGGAGGCUUGCAUUU
1	CUACUAUCCAGCAAAACCACAGCCAAGGGAACGGGCUUGGU
0	AGACCACCUGUCCUUCGAGCAGGUGAGUAGGCCCCACCUUA
0	UGCUAUCCUAAAUGACAGUUACCUAGUCAAUUGAAACUAGC
1	AGAAAUGGACGCUGUUGGCAAAGAUGGAAGGGUAAGUGCUU
0	CAUUCAAUAUCACUGUAAUGAGAGAGGCAUAUUAAGAUUAA
1	AGCGAAACUGCGGAAGCUGAAAGAAAAAGAAGAGUUAGAAA
0	GGAUUCCCUUCCUUUUUAAGAUUGCACAAUAGUCCAUUGUA
0	ACUUUGGGGAUUAUGAGGACAGCUAUGUGACAUAUUGCCAA
0	UGUGGUGAACAGCUCACAGAAGGAUUACUUUGAGAAGAUAG
0	CAAUGCUGCAGUUCCUGAUGAGAUCCCCCCUCUCGAGGGCG
1	AGUUGAAGAACUGAAGAAGAAAGAUCAGGUGAAUAGAAGUU
0	CCAUCUGCUCUACCUCCUCCAAGUCCCCCACCUGGCUGCAC
0	CACCAGGGAUGUGGGUGCACAGCUGCUUGGGUGUGGGUGAU
0	CCACAGCUGCCCCUUUCCCCAGGUGCUCUGUCCCAGGGAGA
1	UCGGAAGGACCGCUGCGAACAAGAUCAAGGAACAGUGAGUG
1	GAACAUUCAGAAAGGACAUGAAGACGCAGGAAGAGAAGCAG
0	UCUGAGGCAGAGUGCCAUCCAUCAGGGAGACAGCUGGGGUU
0	CCACAGGCGAGCCUCCUGCAAGCAUCCUCUCCUGCCUGGGG
0	UAAUACCUCUAACUUUAUAAAGUGGCAUUCGGAAGCAACUU
1	UCAGGCCUGGAAUGCUGACGAAGAUCUUGAGCCACCCUACC
1	GCCUGAAACAGACCUGCAUGAAGUUCUACGCACGCGUCUGC
1	AAGGUAAGAACAAAGAUCAAAGGAAAGAAAGAGACACUUUU
1	UGGUAAAGGAAUAUACUGGGAAGAUUGGAAGGCACAGACUG
0	AGAACUUAAAUUAAAAAAAAAAAAGAAAAUCAGUAUAUAGA
1	AGGUCUGCGGAAGGGAGCUGAAGGCAGGAAGAGCAGCAAGU
1	AGCGGCUCCCUAUUAGAUCUACUCUGCAUCAAGUCCUACGU
1	AAGCCCUCAAGCUGGAUGGAAAGAACGUGAAGGCAUUCUAC
1	UACCUACUUACGCGCCGCCCAAUACGUCUCCUGGUCGCUAG
0	AAAAGACAGCUUCUUAUAUUAGUAAGGCAAAACUAUAGUAG
0	GCAGGUGCUGUGAGAUGUCGAUUGGUGUCUCUCCAGAGCAC
0	UAGAAAACACUGGAUUCUAUAUUUAAAAUUUCAUUCAGUUC
0	ACCAAAAAGAAAAAAAAAAAAGACAUGCUAUAAUGAUGAAA
1	CGUCUGUUCAGGAUUUGAAAAAGAAGAGGAAGAAAACCUAA
0	GGGCUUGGUGGUGCAUGCCUAUAAUCCCAGCUACUCAGGAG
0	UGCUGGCCAGGCCCCCUUUCAAGGCCUCAGUUUACCUGUGA
0	AGGGCUGGAGAGAAGCUGGGAUCUGAGACCUUGGUCUCCAG
0	CGCCAUUCCCAGAGCUUUUUAACAAUGGUCUUGAAAGCCAC
0	GGCAUUUCAGCAACUGUAUCAGGAAUCAGAAGAUUUAGUUU
0	UGUGUGUGUGUGUAGGAGAGAGAGACAGAGUCUCGCUGUUG
1	UUAAUGAUUUGGACAAUCAGAUUAAGAAGAUGUAGCUUUCU
1	UGUCGUCUCUGGGACUGUGAAACAGGUAAGCUGGGUUCAUU
1	GUGAACCUCUGAACAAAGAUAAGAUAGAAGAACUUAAAAAG
1	AAGGAAGGCAGCAGGCGCGCAAAUUACCCACUCCCGACCCG
0	GGGUGAGCUUUGGGCAAGAUAGAUGGGUUUGGGUCUUGGGG
1	UGAAGUGACUUUAUCAACAAAAGCUCAACGCGCCUCGUGAG
1	UGGCAUGGACAAGAUCUAUGAAGGCCAAGUGGAGGUGACUG
1	AACGGAAAGAAUAUUUGAAAAAGAAACGGGAGGAGCUGAAA
1	GGCUGUGAGCUGUGGAGCCCAGGGCCGGAGGAGCAGUAAGG
1	CAGAUCAGUUGGCAGGCAGGAAGAUAGGAGGACACAGAGCA
0	ACCUGUUAAGAGUAUUCUGUAAGUCAACCCAAUGAUACACA
1	UAUUUGGAAAAGAACUUCACAAGGUGGAAGGACACAUUCAA
0	UCAGGUGGCGCAUGAUUUUUAUUUAUUUUAUAUCUGAUGCU
1	GAAAGCAGUAGACAAGUUGAAAGAGAAGAAGGAGCGCUUGA
1	ACUGCGCACACAAACGGUCCAACUGGUAGCACAACAAUCGG
1	ACAUGUGCACUACUUCAAGAAAGAUUGGAAGCAUGUGUGGC
0	AGGCCUUCACUCAUUCUUUCAUUCAUUCAACAAAUAUUCUU
0	ACUCUGGGUGUUGUCUCUGUAGCCGCCAUUUUUUCUUCUCU
0	AGUCUAGGGACCUUGCUGGGAGUUGAGGGGAAAUUAAUGAG
0	UAAGCGAUAUUUGCAAUUGUAAAAUUCCAUGCUUAGAGAGG
0	CAUAACUCAUGUCGUAUGUCAGAAUCUAAUUUAAGUACCUU
0	UGUAAACUAGUACAGCCACUAUGGAAAACAGUAUGGAGAAU
1	ACUGCAAGCUCCAUUGGCAGAAGAACGGAGACUACUUGUGU
0	CCAAAGAAUUAAAAGCAGGGACUUAAAUAUUUGGACACCCA
0	CGAAGAAAUAAGUUUUUUAAAAGGCCAAAACACAACAUUCU
1	GUGGCAGCCUGGACCCAAGUAAGAAGGAAGAGAUUUCAUAG
1	GCACAGCUGAUGAAACAAGCAAGAGGUGCCUGAGGCAGGAG
0	AGUGGGAGUUGGUCCCCCGCACCUCCACAGCUUGUGUGGCU
1	AAAGCAGUCCUGCAGAACCAAAGAGCGAAGACGCAGAUCGC
0	UUUUUUGCAACCACCCAUGAAAUCUGCUGAGUGUCUGGCUU
0	UAUAUUCCCUAGAUUUUUAUAUUACAGUCAUUUUGGUGUUU
0	GAAUGAAUUGAAAUUGUGGAAAAUCAGACACAAGCUCUUAU
0	GAGGAACACUGGAGACCCUCAUAAGUGCAGGCACCUCCCUU
1	GUGUGAACCUGGACAUGGGCAAGAUCGUGUACAGCUGGGUG
1	UACGAUUCAAUCCACUUGUAAAGCGAUCUGUUGUGCUGUUA
1	UCCCCUUUUGCAAGUAUCGAAGUUACGCUAAAAUUUUUUUU
0	ACACACACACCCCUCAUUCUAAAAUACUUAGAAAUCAGAAU
1	GCGAGAAUCUGUUAGUAAAGAAGAUCUGGCAAGAGCUACUU
0	CAGUUUUUCUCUAGAAUAGGAUAUACACAUAGAAAGUACUA
1	CAGGACUUUAGGGGUCAGUAAAGACCGAGGAGCCUUUAUUG
1	CAACUAGGAUGAGGUUUCAAAAGACGGAAGACGACUAAAUC
1	CCCGACUAGGGGCAGGAAACAAGAUCGGAGGCCGUAGUUUA
0	UCGCCCCAACUCCCUUAGAGAUUUAGCCCCAGCUCCCCACG
0	AUUCACAUAGGCAUCCCCCCACCCCACCCCACCCUCCACCC
0	CAAAAGACGGGUUGUCUGCGACCCCCUGCUGAAUGCAAAUG
0	AGUGGGUUAAAUUGUGUUACAGGAGACAUAGAGUAAAAACC
1	UUGGUCUGUAGAAUCCUGUGAAGACCAGAAAGAGCACUAUG
0	CGGGUUCCUUCAAACUCAACAAGAAGGCGGCCUCUGGGGAA
0	GAAUAGAAAUCAGGAUGAUCAAGGUGAAGAACAACACAAUU
0	GGUGCCCUUAUCUAGUACACAAGAAUAUAGACAAGCCAAGC
1	GUGAUAUUAUCGUUAUAGAUACGCGCAGCAGCCGCCGGCAG
1	CCAAACUCUGGAGCUUUCGUACAUGCCUUUAUUCUCACCAG
0	CGCCACCCACCCCUUCACUCACACACACACUCUGACGCGCA
1	AGGGGCGGCAUGAGAAAUUUAAGGUGGAGAGCGGUAAGUGA
0	CUUUCACAAACCUACAUGGUAUAGCCUACGACACACCUAGG
0	AUAAUGUCAGCAGAUAACAAAAAUGAUCUCUUUAUAGAAUA
1	CUGCUAUGCCUGUCGCAUCCACACGAGGUAAGAAGUCGUUA
0	CUUUCCUGGAUCCUCUAAUCAAACCUUAAUUCAGGUGGCUC
1	UCGUUCGAUAUCUACUUCGUAAUAUUACGUCCGCUAUCAUG
0	UGACCCUAUGAAAUCACAUGAGGGUAGAAGAGCCCCUAGUG
1	UAUUUGAAUUCAGAACUUAGAAAAUUGGAAGGGACCUUAAA
1	UGUGCAACCUGAAACCCCAGAAGAUGAGAGGAGUCGAGUCC
1	AUGAAUCAAAGUCUGAAAGAAAGAUGAAGAGCCACCAGACU
0	CAUCCUCAUGGUGCUUCAUGAGGUCAAUGGUGUAGAUCCAG
0	GUUGCUUAGCUAAGCAGAAGAAUUUGUCAUUUUUUUAAUUU
0	AAAAAAAAAAAAAACACCUUAAAAGCCUAAAAAGAUGGCUA
1	AUGUAGAUAUCUCUGCACCAAAGAUAGAGGGUGAAAUGCAG
1	GAACACGCUGUGUGGCUGAAAAGUGAAGGCAAGAGCUGAUU
0	UCAGGAAACACGCCUUUUCAAUCAUGAGUGCACCAGUGCUU
1	UGUUCAGGAAAGAAAACAGAAGGAUCGAAAGGCACUCCAUG
0	CUGUUCAGGGAUCGAUCAAUAUGAUGUGACUAAAAAACGAC
0	CAGGUGACAUUCAUCUAUCUAGUCCUACACGCCAUUUUGGC
1	AGACGUCAAACUGGACUGGGAAGAUGUGAAGACUGCACAGG
0	AAUGAGUUAUGUAAUGAGGGAAACUCAGUAUUACAUUAACA
1	AGUGUGAAGAGAUCCUCCACAAGAUCGUGAAGUACCGCUUC
1	UUUGAAAGGAGACCUGAAUGAAAAUGGGAAGAGCCAUGCAA
0	CUCAAGGGCUGGUGUUGAGUACCUACAGCUUUUCCAGGCAU
0	UGGACUUAGCCUUGUUCAGUAUUAUAUUCCUUAACUAGCUU
1	CGCAUGAAUGGAUGAACGAGAUUCCCACUGUCCCUACCUAC
1	ACAACAUGGAACUCAUUAGAAAGAUCUAUAGCACUCUGGCU
0	UGAUCUGAGAAUACAACAAAACUAACUUCUCUACACGGUAU
1	UGAAUAUCAGAGAACUUGUGAAGAUCUUAAAGAGCAACUAA
1	CAGUUGUGGAUUCUGAUAAGAAGAAAGGUGAGCUGAUGGAG
1	UCGAGAUCAAACCGCUACGCAAGAUGGAGAAGAGCAAGUCC
0	GGUUAAAGGAAUUGCUAACUAGAAUAACCAGUUUAGAGAGG
0	AUUGUAAAAAAAUUAAAAAUAAAAUUGGAUAUAGUUAUGAA
1	GUGACCCGGAAACCAGAGUCAAGAUCCAAGGUGACUUCCGC
0	CUCAAAAACAAAAACAAAAAAAAGAAAGAAACAAAGAAAAA
0	ACUUGUCCUAUUUGUGUCAAAAUGCCCUGAAGAACUGGCAU
0	GACCAGUUCAUCCCCUCCUUAGGCAAUUAUGUGGUCCCCCA
1	AGGACUGGGUGACGCCGUACAAGAUCGCGGUGCUGGUGCUG
0	AUCUUAAAAACAACUACUCAAUAUGACAGUGAGGAAACAAU
0	UCGGCUCCUGAGGCUUCUGCAUUCUUCACGUAGUUCUCGAG
0	AGGUCAUUGGCUCAGAGCUGAAGCACUGGGCCACAUUUGCU
1	GUCAGAAGUUCCUAAACCAGAAGAUGGAGAGCCGCCAAGAA
0	GUCACCUCUUACACAGACUUAUUUUGUUUGUCUUUUUCCCC
0	CUUGAGCCCAGGAGUUUGAGACCAGCCCGGGGAAUGUCACG
0	GAAGUUUGUCUUCAUUUUCCAUUCUGUGGAACAAUUUAUGU
1	AAAUCCGUGGACUGUGGGUCAAGUUCGGAGAGCGUGCUGUC
0	ACCUGCCCAGGUGUGUGAUGAAGUCAAAGCACACCUGCUGG
1	GCAUUAAAUACCGUCAUAAGACAGGGCGCACUGCUCGGCGC
0	UGGGUGCUGGGCACUAGCUGAAGCUAGACAAGAAGGCUAGA
1	UAACCGCAAAUCUGAAACUUAAGUAUUAGAGGAACUUUAGU
1	AGAAUGUGGCUGGAGCAAUGAGGAUCGGAUGCACUCGUUGU
0	GUAAGAGCAGUAAUGAGUCCAGGAAGUGUUGUUACCAUCUA
0	CUCUUGUCUCUUCUCCCUCCAGGACCUAUUCCGCAGGGUGC
0	CUUGUAUCCACCUUAAAACUACCAGAUAUAAAAUAGCUUUU
0	UGCUUUAAAUAUUUCACUUCACUCUCUCCUUGCUUGCAUUG
0	UAUAAAAGACGAUUUUACAGAUGAGGAAAUACAGACUUAGA
1	AAUUGAUGCAUGUUGACUGGAAAUUCCACUUUGAGGAAGCC
1	AAGGCGACUCUUCUACAGUAAGGGUAUGUUCUUCGGUAAUA
0	UUUUGUUGAUCUUUUCAAAAAACCAGCUCCUGGAUUCACUG
0	UGAUAUCUUCUCCCUUUCUGACCCCCUGUCUGUCACAGUGU
0	AAUACGUAGAUUUAUUUCAGAGAACAUUUUCCGAAUCCUGU
0	UUGACACAUCAUGUCACUUGAACCAUGCGGAAGGUUUUACG
0	CAUUUACAGAGCCCUCGUAGAUGCCAUCCCCGUCUCUCUGU
0	AACGAGAACAGGUUUGUGUUAAGAUUUGAGUUCAACUUCUA
1	GGCCCAGCCAAGGACUGUUCAAGAUGUAGAGGUAAAAAUUA
1	UGUGGAACAUCCUGAGGAACAACAUCGGGAAGGACCUGUCC
1	UUGGAGCAUUUGUGUUGAUGAAGAUGAAAGAGACUGCAGGU
1	CGCCGCGUACUCCUUGUUUGAGUUGAGGUUGUAGAUGUUUA
1	UUAGUGACUUUAAGUCAAGCAAGUACACUAAGGCGACAAGC
0	AAAAAUAAAAACUAAAAACCAACCAACUUUUUAAACAUUAU
1	GAGUACAGAAUUACAGUAUCAAUGCUUAUCGCCAUUAGUGU
1	AUGGAUGAAAGAAGAAAAGAAAGACGGUAAAAGAAAUUGUU
0	AUCUCUUAGUUACUAGAAUUAGACUGUUGAAUGGCUAUAAU
0	CGUCAACUUUUCUGAGGGUCAUAGCCAGUUUAUGGUAAGCA
1	UGCUGAAAGCCCGUGCCCUGAAGAUCCGGGAGGAGCGCAGC
0	AUUAUGGCUUUACAUUGAAGAAUCAAGGCCUAUAGUGAUUA
0	CAGCCUGGACUGUUUGUCUCAGAGGCGCAUACGUUAACCUG
0	GUUUACUGUCAGUUUUCCCCACUAGAAUGUAAGAUCCAUCA
1	AUUUUGCCCAGCCCGUCAUGAAGGUGCGCCCGGGGUGUGGG
1	UUUGCUGUGGACAUGACCAUAAAAAAAUUUCCCAGUAGGUU
1	UGAAACUGAAGGACAACGAGAAGAACCGGAAGCUCUUUGAC
1	UGGUCGCAAUGUCCUUGUGAAAGAUCUGAAGACUCACCCUG
0	AUUGAGCAUAAGGGCCCUUGAGUAAGACUGUGUCUUAUGCU
1	GGAACUUUGAUCUUCCUAAGAAUUAAAGUUGCCAAAUUAUU
1	UCAUGUAGUUUUAUUCUGACAAGAUUGGGAGCACUUUGUAC
0	AAAUGAAAAAGAUUUUAUAAAUACAAAGCUUUUUAAUUUGA
0	UGAUGCCCACUGCAGAGGGCAGAGCCACACACCCCUCCAGG
1	UUUAACGCACUAGUCGUCUAAUGUAGUAAAGGACAUGCAGA
1	GAACGGGAAACUACUCCUUUAAGAUUUGGAAAGCCAGGAUC
0	GGUGUGUGCCACCAUGCACAACAAUUUUUUUUUUUUUUUUG
0	AGAAAGGGCGCAGCUCCGGGAGGCCAGGAAGGAGGGAGGCG
0	UUCCCUUGGCUAGGAAAGGGAAUUCCCUGACCCCUUGUGCU
1	AAUUGUCAGUACAAAUAAACAUGGAUGAAAAGCAAGUGAAA
1	GAGGUAAAUGUCUAUACGAGAAGUAGCGACCAUCAAGCAGC
0	CCUGAAGUUUAGGGUUUGGAAACUUUGGCAUCAAGGUGAGU
0	AGAGUCAGAAGCCCAAAGGAAUUGCACUGUGGCAGCAUCAG
0	UUGAGACUUAUUUUUGGUCCACCUAAGUUAUACCAUUUACC
1	AUGCUGUUGGAGAGCGAUAUAAGCAUAAGGAAAAGCACCGU
0	GGUCUCACUUGUGAAAGGAGAGGAGCUAGGAAAGAGAUUGA
0	UAUUUUGGACUUAACCUCUUAUCAGAUAUAUAAUUUGCAAA
1	UCUGUUUGAACUCUCCGGUAAGGACUGCAUCUGGUAAUCUG
1	GCUGGGCAGAGAAACUCUAAAAGGUAGUUGGGGCACACUUU
0	AUUGCUAGAUUUGUUUAGAGAAACUUUAAGUGAUGAUAAAU
1	AAUGUCCGGACGCGGCAAGCAAGGCGGAAAGGCCCGAGCUA
1	GUCUACUGUAGGAACAAUGAAAGAUCUCAGUGAGCACAGCG
1	CUUUGUGAACUACACUUUCAAAGAUCGGUCACAUUCAGGCC
1	UCCUGGAGCUGUUCAAGCGGAAGAUGGAGGAGGAGCAGCGG
0	GUGUGUGUGUGCACGUAUGCAUAUGCCUCGGCCACAGCCCU
0	GCCCACUUUCUUUUGAGCAAAUCAUUCCCAUCUAUUGAGCC
0	GGCUUGGUGCUAUCCUUGCAAUAGUGAGUGAGUACUCAUGA
0	AAAAGUGAAAGUUGGGAAGGAAGAUUCUUCUUCUGCAGAAU
0	GGUAUCCCCCAGCUUAGAGAAAGGGGCUAAGGCAGACACAG
0	AUUUUUCAGCCACAUUUCAUAAAUGUGGAAACUGAGGCACG
0	UUGAGGCUGCAGUGAGCUAUAAUCACACCAUUGCACUCCAA
0	CCUCUCUCUGAGGCUGACCCACAUAUUGAGCGCAAACAAGC
1	UAUUAGAUGGCCUUGUGGACAAGAUUGGAGAUGUGAAAUGU
0	AUUCUGUAUCCAGCAAAACUAAGCUUCAUAAAUGAAGGAAA
0	AGCAAAUGGACAGGAAAGCCAACUGUCUUUUGUCAUACUUG
1	UUACGAUCGAUACAGAAAUCAUGGGGCAAUUCUUCCGAUUU
1	UGGUCAUGGAGGAGCUGCUGAAGGUCGUCAAGAGCCUGGUG
0	GUCCCAAGUGCUGAAAUUACAGGUGUGAGCCACCACACCCA
1	ACCCUGUUACACAAGAAUUUAAGGUGAAUACUGUUUAAUUC
0	AGCUAAAGACAACUGAAUAAAAUGUUUGCAAGUGUUUUAAG
0	CAUCCUUGCCUAAUACCCCCAGUGAGUGUGCGCAGGGCCUG
1	UUCUGGGCAUGUAAGAAGAAAAGGAGGAAGAGUGCACAUUC
0	ACAAUAAUAAUAAUAAAGUGAAUAUACCUGGAAAUAACUGU
1	AGACCACGGGGAUCGUGGAGACACACUUCACCUUCAAGGAC
0	AUUCCCCCCACCCCACGCAAACCAUCUGGGGAGGACGCUGG
0	UUAUCAAUUCAAAUCAUCUGACAGUAACGUGAUCGAUAUAU
1	AAAAGUUUCAGCCAAUGAACAAGAUCGAGAGGAGCAUACUG
1	UCCCAAAGGAUAUGCGAAGAAAGAUCAUGACAGGCAGUUUU
1	ACGGCGGCGCACAGUAGAUGAAGAUCCAGAUGAGCGACGGC
0	CUUGAGUAUUGUUGCUACAGACCUAUGUAGAUAAUACUUUG
1	UUUGGUUGAUUUGACUGGUAAAGAUAGGAGGAGGCACUUUU
0	UAGCAGCCUCAAAUGGACUAAGACAUCUCAUCAGAAGAGGA
1	ACUGUGGCCUUUGUUCUAGUAAGAUGGGAGCCACUGUUGUG
1	AGAACUGAAGAAGCUAUCAGAAGGUCUGGAAGGCACCAAGU
0	UCACAAAAAGGAGAACUGAAAAUUUAGACAUACAGUUGGCC
0	AAAAUAUUAACAUUUUCUUAAAAAGAAAAAAAAAUUAAAUA
0	GAAAUCCUGUCUCCACUAAAAACACAAAAAUUAGUCAGGCG
1	AACCCACGCCUCCAUUGGAGACCAGAAUCCCCACCGCGGAG
0	AGCAGCUGUGAUUUUCUGCAAGCCUGAACUCGAGGUAAGCU
0	CAUCCUGGCCAACAUGGUGAAACCCUGUCUCCACUAAAAAU
1	GGCUGGCUCAGAGCGCUGCAAAGAUCAGAAGAGUGGUGAAC
0	AGCAACAGAGGCGGAGCUAAAGGUCACGAUGGAACAUCAAA
1	AGAUGUGGACUUUGAGGAAGAAGAGGAGGAAGAGGGCAACG
1	ACGGGUAAACGGCGGGAGUAACUAUGACUCUCUUAAGGUAG
0	AAAACGUUAAAUGAAACCGGAUGUCUAAUCAAGGACUUGUU
0	UUGAGCACAGUCUUUGACAUAGGAUGACUUUGCACACACUU
0	CCUGUCUUUAUAUCUUCCUAAUCCUCAUCCUACCACGUUCC
1	GGAAGAUGAGCUCGGGGACGAAGAGGAAGGCGCGGGCGACG
1	AUUUUUUGAAAUAAACGAAUAAGAAUAGGCAUUGUGCAGGA
1	GGGCGAUGAAGAAGCAGAGGAAGAACAAGAAGAGAACCUUG
0	AUGCCUGCUGUCCUCCUCUAACCACAGAUCUCAGCAGAGAC
1	AUGUAGCCAUGACUCAGAUCAAGAUACGGAAGAGCCCAGCA
0	UGGGAUUAUUUCUAGAAUGUAGUAAUCUAGAUUCUAGAUUA
1	GGGAAGAGAGCUUUGAAGAGAGGAGGGGGACUUUAGAGAGG
1	UAAACUUGAAGACAAGACUGAAGAUGGAGAGGCACUAGAUU
1	ACUUAAGGAACAUGGUUAUGAAGCUGGAAGAGCAGAUCAGG
1	CAAUGAGCUCUUGGACUAUGAAGAUGAUGAGGUGGAGACAG
0	GAGCACCAGGUGCAGGGUAGACUCUUUCUGGAUGUUGUAGU
1	UAGAAAACAGCUGGAAGAUGAAGAAGGAAGGUAAUCUAUGA
0	CCAGUACAACUAAAUGUGAUAUAUCUUUCCUCCAAAUUACA
1	ACGUAAACUGCCAGGAGCGAAAGAUCGAGAGCAUCGCUGAA
1	UCGGUGACCGGUCUUUCAUAAAGUAUAUCGGCACUACUGUC
1	CCAAAAGGGCUAGAAUUAGAAAGAUCAGAGCUUUUUAAAAA
0	GUCCAGUAAGUAAAACUCAAAAAUUAGUUCUUUAAGUAGAA
1	UCAACAGACUGUAGCUCACUAAGAUCGGAAAGUAUAUAUUU
1	CUCUCUACGUCAAGGAGAACAAGGUGGGUGCGUGGGCGAGG
0	ACUGUCAUUUGCUGAAAGUAAUCUUUGGAAACAUAUUCUCA
0	GUUCAAGACCCAUUCAGGAGAUUCUGACAUUACAUUUAUGC
0	UGCUUUAUCCUUCGUCUUCAACUUUAGGCAGACCAUCUCAA
1	UGGGCUGCAUCCGCGUUGACAAGAUCACAGAGUACCUGUGC
1	ACCAGAACCUGGAGAAACUGAAGACGGAGUCAGAGCGUCUG
0	AUGAAUGUAUAUCUGUAUAUAUGAUGAGGAAUGAGAUAUUU
0	CGGAGUCAGGGAGGGAAGGCAACAGAGUGGGUGCUACCUGA
1	AAAUGUGGAUUGAAACGAAAAAGUGAGGAAGUUGACAGCAA
1	UCGGUAACCGCACCCUUCUUAUUCAUCUCGGAGCUACUGCC
1	AGCAACAACACCAGAGCUCUAAGAAAGGAAAGCUUUCAGAA
0	ACACUUGCACGCCACUGUGGAUCCAUGAUGAGAGGCCAGGA
1	UGAUGUACUCUGGGGAGCUUAAGUUUGAGAAGAGAACGUCC
0	CCUUUUUAGGAAAUAUUUUUAGCACAAGUAAGCUGUACUUU
0	AAACAGAAUUCUGUCAACUGAGAAGAAGAAAAAUUUGUCUC
1	GGCAGAAGAACAAAUGCUAAAAGGUACACAGGUCAAACAGG
0	AAGCUGCGCUCUUGAGAAACAAAUACAUAAACAAAAAUAAA
0	AGAGGAUAAAUCUCCGCAACAUUGUUCUGAGUAAUGAUGUU
1	CACUGUAGGUAUGGACAGGGAAGAAAGGAAGACCAUCAAUC
1	UGAGCAGGCUCUGGGCAGGAAAGAUGGAAGGAAUGCGCCUC
1	GGAGAAAACAUUUAAGAAUAAGGUCAGAGCACACAUUCAGA
0	UGUCCUUAGCCCACUUUGUGAUGGUAUUUUUUGUUUCUUUC
1	UUGCUAUUGAACACCUGGACAAGAUCAGCGAUAGCGUCCUU
1	ACUUGUAGGACUUUGACUGUAAGAUGUGAAACCACGUUUCU
1	GGGGCCUCCAAGAAACGGGUAACUUUCCCCCUUCCUUCCCU
0	AUCUGUAACUUCCUUGAAUCAAGAAGAAAACAAAGAGUUUU
0	AGAUAUUAAAAAAAGACGGAACCAAAGGGAGAAACAACAGG
0	AGUUCAGAGAACUGGUUGACAGGAAGAAGGAUGCCCUCCUG
1	GGAAUUGAAAUAACGUUGGUAAGGAAUACAUCGCGUCGAUA
1	AUCCGAAGACUCAGAAUAGAAGAAAAAAACAGGCAGAUUGU
0	UGCUUCUUUAUUUUCUUAUGAAUUUUAGUAUCAACUUGUAA
0	CCUCUAGCCACAAAUUAUUUACACUUCUUCUAUGUGCAAAA
1	CCGACAGCUAGUGACAGAUGAAGAUGGAAGAACAUACCUUU
1	UUGACCAGAAAGAAUGACAGACACACUAAAUGAGGAGCUAA
1	AAUUGAACAGCACUAUUUUGAAGAUCGUGGUAAAGGCAGGC
0	AUAUAAUAACUGUCUUUGUAAGGAAUUCAAGAUACUGGCCU
0	UUGGGAGGCUGAGACAGGAGAAUCGCUUGAAAUGGGGAGGA
0	UGAGAAUCUGGAAAAUCAUGAUUUUCUCAUUAAUUCCAUAA
1	AAACACUGAACUGACAAUUAACAGCCCAAUAUCUACAAUCA
0	AGGACCAGGGGCAUCUCUAGAGGGGCUGGAAGGACAAAUAG
1	UACCGUGAAUUUACUGGGUGAAGAAAAGAAGAGCACCUAAA
0	AAUGUCUCGCCCUGUCACCCAAGCUGGAGUACAGUGGCGUG
0	GGGAUGCGGGAAUACAGGUGACCGUGGCCAGCCAGCACCUG
1	UGAAAAGGGGUCUCUGGACCAAGACCGAAGGCUGUUUGUGU
1	GGAGGGAACGAUAGGCCAAAAGCCUACAGCACCCGGUAUUC
1	UGCUUUACAAUCCAAAUUUUAUGCUUUAAUCUGAAGGCGCC
1	CGGGUUAGCCUUAAUGGGCAAGACAAGAAGUGUAAAGCGAU
0	AGGUACUGCUAUUAUUUCCCAUUUUUAUAGAUGAAAAGAUU
1	AGCUGUCGGUGCCCAAAUUCAAGGUAGGACCCCUCCCCACU
1	UCCGCACGAAUUUUGUUGGUAAAACCAGCCGUGCGCAAUUC
0	AAAUCCAAAGGGCAAGGGUAAAGAGCCUGGGAAAAAGGAAA
0	UGGAUGCCACAGAUAUGUGCAGGACACAGUUCCUUCUUAGG
0	UUGUUUGCAGGCUAAUCUAAACGAAUCAAAAUCUAGGUGGC
0	ACACACACACACACACACACACCUCUCUUAUUCCUGGCCAA
1	CUGAUCAGUUGGAUUUGCAGAGGAUUGGAAGGCAGCACCAG
0	GCCUUCCUUGAGGUAGGCAGACAAUACGCUGCAUGUUUGGU
1	GAGUUGCUGUUACACAUAGGACGAUGAAAAAGUUAGUGCUC
0	GAAUACUCUCAAACCGUCAGAUCUUAUAACAACCCUUUUUU
0	UUCAAUUUUUUUUAAAUUUUACUUUUAUUUUUUAUUUCACC
1	AAUUGUAUUUUAAGAUGAAGAUUUCGAAACAGCUGUCAAGA
1	AGAUGAAAAAAGUGACAAUGAAGAUAAGGAAGAGACGGAAU
1	AAAUGGGAUCCAUGAAGAACAAGACCAAGAGCCACAGGAUC
0	CUUUGUAACAAUUUGAAUUGAGCAAGAAGCCUCCUGGCCAG
0	AAUACAAUUUUAAAGAAAGGAAGGAUAAGACUUCAUUAAAA
1	CUGAAAGACAGGGACAUUGGAAGGCCGAAAGAGCUGACGAU
1	UUUUUCUAGCUGAGGAGAAGAAAGUGGAAGCAAAGAAAGAA
1	UUGCUGCCGGAAGAUCUUGCAAGAUGGAGGGCUGCAGGUGG
0	GAUUAUUCAAGGAUGGCUUGAUUUAGGCACAAUUAGGCAUU
0	CUGGUCCUCUUCACCUUUUAAUCCUCAUUCUUCUCUUUGGA
0	CACACUUGGCUAAUUUUUUAAAUAUUUUUGGUAGACACAGG
1	AAUCGAGGACAUUGAUAACGAAGAUUGGGAGAACCCUCAGC
0	CUAAAUGUAAAUGAGAAGGUAGCCCCCUCUGAUAACAGCAC
1	UGGGAACUGUAGACCACAAAAAGAUCAGGAAAGUCACUAGG
0	CUUCCCGAGUAGCUGGGACUAUAGGCACGCACCACCAUAUC
1	AUGUAUUAAACUCUGUGAAGAAGAUGGAAGAGAGCCUGAAA
1	GGAGUUGACGUCAACGUGGUAGGUGUACAAAUUACCCUGAA
0	UUCCACCUGAGAAGGGCUUCAGAGCCCACCAGGCAAGGAAG
0	UGCCCAGCCUGAAAUUAAUAAUAUCAAGCAAUGUGGUGUUU
0	GUAAAAAACCUACAGAUAAUAUUAUUCUUAAUGGGAAAAAU
0	CAAAAAAAAUAAAAAAGUACAAAAAGUACUUGCUUUUAUAU
1	CGAACUGGAAGAAACAAUUAAAGUAUGGAAGCAGCGGACAC
0	CCCUUGCCCCUCUACAGUAUAUCAUCCACAUAACCUUCUCA
1	CUCGUGUUGGCGCAAUCGUUACUAUAUGAGUAAGUAUAAUA
0	AUAAAAGCACACAGAGAAAAAUAAAAGAAAAAAAUAAAACA
1	GAUCGAGUUAUCGUAGGCUAAGCUGGUGCAUCGCCGAUGGC
0	CCUGCUGAGAGAGAAAGAAAACAGUGGGAAUAGUGCCUACA
0	GCCAGGCAGAAACACUCCUCACUUCCCAGACGGGGUGGCAG
0	GGUAUUUCACUACAAUGAACAGCUUAGCAUUUUGACAACUG
1	CCUGCCAUAUCUAGUGGACGAAAAGUUUAGCUAGGCUAGCG
1	GUUCAGCUGUUGAUGCUGAGAUCCAUAUUUAGUUUUAUAAG
1	CACUCAGGGGGUCUGGAAAGAAGGUCAUAAGGGAGCAUGAU
0	AAAUGGGAAGCUCCUACUCCAUGUAAGUAACCACUCAGUGU
0	AUAUCCUCAGUGCCUAGAACAAUGUCUAGCACAUAUUAUAA
0	UGCUCUUCUCCCAACAACACAGUCACCUAAGGACAUGCUGA
1	AAGAGGCGAGCCCUGCUGCAAAGACCAAAGAGACACGUUCU
0	ACCUGUCCUCCACUUCUGUCAGGACUUGACAGCAAAUCUGU
0	GUUUGGAGCAGUCAGUGUUCAAUGCUACAGAGCCCCCUUGC
0	UACCAACCAAUCUUAUAAACAUCAAUAAUGUAAGUUGCAUG
1	UACAGGUUGUUAGUAGAGAGAUCCUCAGCAUGAGCCUAGGG
0	GUAUCAGUCAGUCCAGGAAUAUCCUUCUCUCCUUAGAAGAA
1	AUCAUCGGUCUGUGGCCGGAAAGAUCCAGAAGCUCUCCAAA
0	AUGGAUCACCUGACGUCAGGAAUUCGAGACCAGCCUGGCCA
1	UAGGACGUAGCGAAAAUGACACGGGGACGGUAACAUGCUUG
0	CUCACACACUGAUGAUGGGGAGAGGAAGUGGUGCACUCUUU
0	AAAAGUAGAAUAGAGGUUGAAAGUGGGGAGAGGCCCAGAGA
0	CCAUAAAAAAUGAUGAGUUCAUGUCCUUUGUAGGGACAUGG
1	AUUUAUUGUGAACACUCUGAAAGACGGAAGGUAUGUGCUGU
0	UGGGGUAUGCCGGCUCCAGGAAUGUGAUGCUCAUCUGGUUG
1	UGAGAGUUCAACCGAAGGUAAAGAACAAGAAGAGAAGUCCG
0	GUGCCUGCUGUGAGAGGAACAUCAUCCCGACUGAGGGGAGG
1	ACAAGCACAGCGACGAGUACAAGAUCCGGCGCGAGCGCAAC
1	GGAUCAGAUGGAUCCUGAGCAGGAUCGGGAGAUCUCAGACC
0	UGCAGGGUUGGAGGGGCCCAAGGGGCGCCCUGGAUGUGGCU
0	UAAGCACAAGGAAUUGGCAAAACAGACAUAUCCACAAACUG
1	CAUCACUCGAGACGUAAAUUAUGGCUGAAUCAUCCGCUACC
0	GGACCGUCCCCCGACCGGCGACCGGCCGCCGCCGGGCGCAU
1	AAAGCUGGAUGCUGUCAUGAAAGCUCGGAAGGACAUUGUUG
0	GCCUUGAAGCCACCAACUCAAAAGGUAAAUAUCAAGGAAGA
0	CUGAGAUCAAUUCAAAAUUAAGGGCAUUUAGGACAAAAUGG
1	GUGUCACUAUUAGAGGAAACAAGCGGAAAACUAGAUGGAUU
1	CGGAGGAGAUCUCUGAAGUGAAGAUGGAUGCAGAAUUCCGA
1	CUUCGGACAAGGAACGGAAGAAGAUGGUGCGCGAGCUCAUG
1	CCGUCUGUUUUGUUCUGGGUAAGGAAGGCAAGAGCUAUAGA
1	CAUCGUCAGGUCGCUCUACGAAGAUCUGGAAGACCACCCAA
1	GGAACCGGAAGAUGUCCAACAAGUCCAAGAAGAGCAAGAAA
0	GUAUUUGCUUGUUAAAGGAGACUCUGAAAAACUCUAUCAAA
0	UGAGAGAAGUGGGCCUAGAUAGGCCAGGUGCCCCUCCUAGG
1	AGUUGAAAAGAACUUUGAAGAGAGAGUUCAAGAGGGCGUGA
0	AGACCCUAUUUCAGAAAUACAACUAUAAAAAAAUAAAUAAA
0	CCCCCCAGCUCGCCCGACCCAUCCUGUUCGUGAAUAGGUCU
0	CAUUUUGAAAGCUCUCAUGUAAGGCUGAAGCAGGAGAUAUA
0	UCUACUCCAGCCUGGGCAACACAGAAUACCUUGUUUUUAUU
0	GGCAGACUGCCAAGUCCUGGAGAAAUAGUAGAUGGCAAGUU
0	UAAGAAAGGAGAAUAAGCCAAAGAGAAGCAACAGUGGGGAU
0	AACAUCAAUCUAAUAACAACAACAAAAAAGACAAGAAAUAC
0	GUCCCCACCUUCAAGUCACCAAUAAGUGAUUUGAAAACAAC
0	UAGGAUGCAGGUGGGGUCAGAUAAGGGAAUAAAAGCAGGCU
1	GUGUUCUAAGUAGAACUGCUAAGAUCUGGAAGUACCACCUG
0	GUUAUCUUUUCUCUAUCUUAAUACUGCCUAAAUUUUCAACU
0	CCCCAUCCCAGGUGGAUUGAAUCAGAAGCUCUGGGAGCAAA
1	GACCAUGAACUGGACCCUCGAAGGUAUAGAAACUAGUGUCA
1	GUCGAAUCGGUCUUCGUCGAACGACUAGGGCUAUCAGAGCA
0	AUAAGAAAAAUGUGCAGUAGACGCUGUUUGUCCGACGAUGA
1	CUCCGUCCUGUAAGCUCGAUAAGGUCACAUCAGAAGCACAG
1	UAUUCAUUGGAGGACACUGGAAGAUGGGAAGAAAGAAGCAG
0	CCAGAUUGAAAAAGUCAACAAAAGCAAAGGCUAAGGAAAUG
1	CAAAAAGUACAAGGAGCGCAAAGAGAGAAGGGCACAGCAGG
0	UAUGUUUUUCAGAGCGACGAAGGUCCUGAACCAGAGGCUGA
1	UUGUAGGCCUGUUUUACAGAAAGAAUGGAAGGCACUUUUUC
0	CUGAAAAGGAGUCGGCACUGAGGUCACAGAGUGAGUGCUGC
1	CAAGAACUCUUUGACAUCUAAAGAUCCAGAUAUCAAGGCAC
1	UUAAGAACAAGAUUGAGAACAAGAUCGAGAGCAUUGGUCUC
1	CGGAGCUCUGGAGAAACAUGAAGUUCGGGACUAUCUUCUGG
1	CAGUGGUGGAACAUCCGAAGAAGAAGAGAGAGCAUGGCACA
1	GGUGCAGCUGGACUCUAUUGAAGAUUUGGAAGUGACUUGUA
0	AUCUUGAAUGGUGGAGAUAGAUUCAAGCCAUUUUGAGCCCA
1	AAGGCAUGGUGGAACUGGUGAAGAUUGGGAAGGAAAAGCUU
0	CAACAGCUGGUCUCUGAGACAAACAACCAGACAGGCUUUAU
1	ACAACUGAAUUGGAACAAAGAUGAUCGGGAAGGCAGAUUUG
0	AAAAUAAUUGUGAGUAUAUGAUGAAAUAGAAUGUAAAAUUU
0	CCGAAUAUAACUUCAUUUCAACUUCAUAUCCCAAACUUAUG
1	CCGAAUUGCUCGACUACGUAAAGAACUACAUCUGGCCGGUC
0	ACUGUUUAAGGCGGAACCCCAGCUGCCUGGGGAAAGGAGAG
0	UUAUGGUAACAAAAGCAAAUAUUACCCCCAAUCUGCUAAGG
1	UCACGGACUUCGGCCUGUCCAAGAUCGGCCUCAUGAGCAUG
1	UACGCGUGCUUCUGGUGUAGAGUUGCUUGCAGUCGGUAGUC
0	UAAAAAUGUCCAGUGACUACACAUUAUGCUGAGGAUAAGAC
0	AAAUAAAAAGAAUGAAUUCCAUGUAGAAUCAAAAUAUAGUA
1	UGGAGGUGAAGAAGUUUGUGAAGAUCGGCCGCCCGGGCUAC
1	GCCCAGUGCUCUGAAUGUCAAAGUGAAGAAAUUCAAUGAAG
0	GCUCGAAGAUGUCGUUGACGAAGGAGUUCAUGAUGCCCAUG
0	UCCCAGGGGCCACAACACCGAGGAGCCUUCCAGGGAAAGGU
1	GAUUGAUAACUACCUCGUCGAUAUGAGCAGCGAGCUAGCGG
1	UUUCCUCCACCAUCGUAGGAAACGUGCUCGUGGCUCCUCUC
0	UUGAAACCAGCUGGACCAACACAAGACCUCAUCUCUAAAAA
1	UCCAAGUCGAGAACACUUGAACACACAGAAGGGAGACCCCG
0	UUCUAAGCAUUUUUUGACCAAAUUCUUCCUGAUAACUUUCA
1	GCGUGAAUGGGAUCGGGACAAAGUUCGAGAAGGGCCCCGUU
1	CCUAACUCUGCCACAUAUAUAAUAUCGGAGAUGGCAAAGGC
1	AACUGAAGACUGGCUGUAUGAAGAAGGAGAGGACCAAGCUA
0	AAAGAAGUAUUAGUUCAGCCAUACUCUGUACUGCCUUGACA
1	AAGUCGCAGAGCUGAAGCAGAAGAUCGAGGACACGCUAUGU
0	ACUUGAGAUAAUCCUGAGUUAAGGAUGCUAUGUUAUCUUGG
1	CGGACUACAGCAUGGAAGCCAAGAAGCGGAAGGCGGAGGAG
0	UGACAGGGGCAUAUGUGGCCAGAGGGAAGUGGAUGCGGGGA
0	CUGGCUACCAGAUGCUUGUUAUUCAAAGAUUUCAUUACGGU
0	UGGGGUACUUCAGGGUGAGGAUGCCUCUCUUGCUCUGGGCC
0	CAUGGGGCGGCAGUCAUGUUACACUCCUGCAGGGCACAAGA
1	GUCCAUGCACUAGUGGGCCAAUCCAUUGAGGGCUAGUUUGU
0	GUAACUUUGUUCAGUAUUACAUGUUUCUUCAAAUGUGGCUG
1	CCCGAGGAUUGGGAUGAAAGACCAAAAAUCCCAGAUCCAGA
1	UUAUGGACUAGAACUUAAUAAAGAUGAAAGAGUUUCUGCGC
0	UCUCAGAAAAAAGAAAAAAAAAGAAAUAGGUUGUUUAAAAC
1	AUUUUGAGCAUCUAGGAGUAAGAAAGGAUUACAAUCGAGCG
0	GUCUGAGAAGAAUUCAUGUUAGUUCUUUAAAGGUUUGGUAG
1	UCCUAAGGAGUCUGAAACAGAAGAUCAAGCACUUGUCUCAA
0	GUAGGUCUAGUUUCACGUAAAGCAAAUAUGUGGUUCUGUAC
0	CCCCAUUAAUGACCCCAGUCACCCCGCCCCCUCCUUACACU
1	ACAUGGAUUACCUGAAAUCCAAGAUGGUGAAGGCUGGGUCG
1	AAACUCUGGACCUGGAAUUCAAGGUGGAGGAGCCAUUGUCC
0	UUCCAGCACUGUGGGAGGCCAAGGGUGGGUAGGUCACUUGA
1	UAAGGACUAUUAAACUGAGUAAGAUGGGAAGCCAUUAGCAU
1	AGAUCGUGCGGCUGAAGACCAAGGACAGGAAGAAGCAAGUG
0	AGAGGCAAUAGCAAGUACAAAGGCCCUGAGUUGAGGACAAC
1	AGAACUCUUUAGCCGAAUCCAGGAUCGAGGAGACCAGGCAU
0	UCCAGGGCUGUGACUUAGAUAGACAUCACUUCGGGGACCUA
0	GAAUUUGUAAUGAGAAGCUAAAAACUUUAAGGAAUUUUAAG
1	ACGUAGCGGAUCUGUGUAUAAAAAAUUAAUUCACUGUGCUA
0	AAAAGCACAGACAUGAAAGGAUGCUGAAUGUUACAGUAUUU
0	UGCAUUCCAGCCUGGGCAACAGAGUGAGACCCCAUUGCCAA
0	UAACUGCGAAGGAAGAAACUAGUUAGGGAUGACAAGAACCC
1	AGGGGACUUUCUAGAUAUGUAGGAUCGGGAGGCAUUGAAGA
0	AGCUCCGCCCUUGCGGCGCCAUCUGCCCGGAGCCUCCUUCC
1	GCUGUAUUUUGGUUCCUAGGAGUUCCUCACUGAGGCCUUGC
0	GGCAUAGGGCAUGACAACCCAGGGCCAGCCCUGGAACACAG
1	GGCUGAAGAGGACGAUGAAGAAGAAGAAGAAGAGAUGAUGG
0	GGGUGACAUUUUCGCUCGCCAGUUCCUGGCAUCAGUGAGUG
0	UGAGUGUGACAUUCUCUCUGACCUACAGCUGAAAGUGCCCA
0	GUUGCCCUAGAGCUUGCAAUAUAUAUUUACAAGUCCAUUUU
0	AUACUCAAAAUCUCAUUCCUAUUCCUAUUCCACUAGCAGUU
0	GCAACUUGAGUUUAAGUUGCACUGCUCCAUACCUCUAAUAA
1	AACAGAGGAGUGGGGGACUGAAGAUUGGAAUGAAGAUGUAG
1	AACGGACAGAUACGGGGCAGACAGAUUUUAGAAUAGACUCG
0	AGCCUGAGAUCUCCUUGGUGACCCACUGUGUUCAGUUCAUU
1	CGCGCGGAAGUUUAAUAGGCACGUUGGCGACCAGAUUGAAA
0	GAAGCCCCCUCGCCACUUCAAGAUGUCCUGCCUUUCCGGAC
1	AGGUGAUACCCGCAGUCUUGAAGUUGGGCGUUGCCCGGGUG
0	CUAUAUUUGAUGAAACACAAAAAUCAUUGGCUUUAGCCAUA
1	CCAAACCGGAUGAGAAUUCUAACACGGGCCUGACAUCAAAU
1	ACGUCAGAAUCCUACUGACCAAUAUCCGAACCAAGAGCACC
1	GGCUGGGACGCCCGGUACGGAGGUCGCUCAAGGCGCUGCUG
0	CAGCAGUCUGGGAGACAAAGAAGGCAGGAGGCUUGCUCAAG
1	GACUGGAAUAAAAUCAAAAGAAGCUCGGAAGUACAUUUUUA
1	GCUGUGGUCCAUGACCUCUGACAUUUUUUUUGACAACUUUA
0	UAAAUUUUUUUACAAGGAAAAAGCCUUGUAAAAUAUUUUUA
1	ACAUCAGUAGCCCUGAAUUCAAGAUCAAGAUUCCAAGACAU
0	GUGCUGGGAUUACAGGCAUGAGCCAUCGCGCCCAGCUACCA
1	UGGAGUUCGAGUGAAUUUGAAAGUUACGAAGAGCAGAGUGA
1	AGUUGAAUGUAUUGAAUUCUAAGAUCAAAAGCACCAGUGGA
1	AGACUCUUACUCUGGUUACUAAGAUCAUCUGUGCAUGACGG
1	UUGAACUGCCAUGUCCUCUGAAGAAGGAAAGCUCUUCGUGG
0	GCAUGGCCCCCGAGACCUCCAGACCCUUUACUGAAGGCCCC
0	AAAGGCCAAUCUUAGGUUUUACAAUGAUGAUGUUAUCUGCA
1	AAAACACAGUCCGGAGUGUAAAGAUUGGAAAGCCCCAUGGC
1	GCACCAGGAACUGAAUUGCAAAGUUCGUUAGAGCACAGACU
1	CUUCUCCCUGGAAAGCAAUAAAGAUGAGAAGACACCACCCU
1	UUCAGUCGGAGCUAAACAAUAAGAUCAGGGAAGGUAAAAAU
1	AUGAGGAGAGGGCUGAACUCAAGAUUGGAAGCAACUGCAGC
0	GGUCAGCCCUCUCAAGGUGAAUGCUGCUGUGACAUAUGGGA
0	GAGAUGCUACAGAACAUGCCACGCUUGAUACACUUCGCAUC
0	GUUGGCGUGACAGAGGGCUCACCUCUUGCCUUCUAGGUCAC
1	AGGAUGAGAUUCAGAAUAUGAAGGAGGAAAUGGCUCGUCAC
0	UUGUAUUUCCUAAGAUUAAGAUAGAAUACUUACUGAUCAGA
0	GUAGUGGCUCAGUAAUGACCAAGCCAUGUUUGGUGUUGACU
0	CGUGGUGGCUCACACCUGUAAUCCCAGCACUUUGGGAGGCC
0	GUGUUUUCAUCCAUUUAGCCAUUUGUUUCACCUGCUAUGGC
0	CAGUGGGCUUAAAAAUAUUCAGUAAACCAAGCUGUAAACAA
1	UCUGACUUAGAGCUGAAGUAAAAGAUCACUGAAACAUCACG
0	GGAUAGGGGCCUGUCCAGGCAUCCACAUAUAGAAUAUUUAC
1	ACUCAUUACAACAAACAGGGAAGUAAAGGAAGAGACACAUC
0	GCCUUACCAUUUGUGUUCUCACACUCUUACACUCAGGCACA
0	UUGAUUUCAUAAGGGCUUAAAGGGUUGCAACCCACAGCUGA
0	CAUUAUUUAAGUAAUUACUAAAAUUAUUAAGUGAUUUGGGA
0	CACCACACACACCACACACCACAUACACUACACACAAUACA
1	UACAUCACCGCCCCGACCUUAGCUCUCACCAUCGCUCUUCU
0	CCUGAGACCACCAGGCUUAUAGUGUGUGGCAAAGCUGAGAA
0	UCUCAUUAUCUGAUAAAUGUACACUUAGGUCUCACAGCCCC
0	AGUAUGGAUAACUUUAUCAUAUUUACAUAUGAGUGAUUAUG
1	AACAAGUAGCACUCUCUCAGAAGAUCAGAUGAGCCGUCUUG
1	CACGGUGCUGUAUGACGUGCAAGAGCUGCGAAGGGCCAUGA
1	CGGCUGUGGACUCCAAACAGAAGAUCAUUGAUGCCCAGGUG
1	GACUGCAGAAGAGCAACCCGAGAAAAAGAACAGAUCAGAUU
1	UCCACGGAAAUCUUUAGUAAAAGGCGAAAGAUUUAUUCGUU
0	GAAGUCAGCUCUGCUUCUUGACUUGACUAUACACUUGUCAG
1	AGGAUGAGGAAGGGCGGCAGAAGAUCCGGGAAGAGAAGGAU
0	UUUGUCUUGUUAAUGUUCAGAUUAUAUAUAUAUUUCUCCCA
0	ACUAAGUGAAAAUAUUUGCCAGCCCUGAGAUGCAGUUUAAG
1	AGCCUGUGCUGAUGAUGAACAAGAUGGACCGCGCCCUGCUG
0	UCAGCAGAAUUCAUCAUUCUACUAAUACAUGUGAUUACUCA
1	AGAGUUUGAAUGUGGAGUGUAAGAGAAGGAAGAGUUAAUGA
0	ACCCCCUCCUUCCAGACCAAAUCGCCCCAUCUGAGUGGCUU
0	CACCUAAUCACAAGCCCCUGAGGCUCCUCUGUGUCCACAGA
0	AGCUCAAUCCUCACUGUCUCACGUCUGUUAACCCAAAACUC
0	GGUUCUGGUCCCCGCCUCUGAGGAGCAAAUUGUGGAUUCUU
1	CCUGUCGGUCUGAUAUCCGGAGAAUUAAAUAGCAUUGCUGC
1	GCAGGACUUGUAAAGCAAAUAAGAUUGGGAGGCCAAGGUGG
1	AAGAGAUUUGAAACCACAUGAAGAUCAACAAGAUAUAAAUA
1	AGAUCGGACAGAAGAUCCGCAAGAUCACGGACUGGUGAGUC
1	CCGUCGGUGUUGGGGAUGAGAAGAUCGAAGACGUCAUGGCC
1	AAAAGAGCCCUUGAAGCUGGAAGACGGGAGGUGCGGGGAAU
0	GUCUCGAUCUUCUGGUCUUGAUCUCCUGACCUCAUGAUCUG
0	UUUUGGGUCUUGGGAGGAUAAGUUCUUGCUUGAGUAGAGAA
0	GAACCUGGACUGAUACAAUAAGUUAUUUUAUAUAUAUAUAU
0	GUUCUGCUUAUACAAUUGCCAGGAUUUUGGGUUAGUUUGUG
1	AAGAGAUUGUGGAAAUGUACAAGGGCAAGAAGAGGCACGAG
1	AGGACCGGCUGGUGAACGAGAAGUUCCGGGUGAGUGGAUCC
1	CUGGCUGCCAGGGACACUGGAAGAUCGGGGACACAGCCAUG
0	UAAUUUAAGUAGUUAUUUUUAAUAAUUAAAUUAGCACUCUU
0	ACAUCUGAAAGAGAAAUGAAAGGAUGAGAAUCAGGCAUGGU
0	AUUUUAAAGAGGAAUGUCCAAAAGGAAAAGGGGGAUGGGUU
0	AAUGAAAUUAAUAGAGCCAGAAGGAGCAUUUGACAAAAUCU
1	AUGAGAAUGAUAACGUAACCACUCGAGAUAAAAGCAAUGCU
0	AAGUUAUAGCAAAUUUUACUAUUCCUUUUUUUUGAGAUGGA
1	AGAUCACCGAACAAUAGUUGAUUAAUAGCAAGAUCGGCGCG
1	GACGCUUCCGCAGAACCCUAAGAUUAUAAACAUUGCUAUCG
1	AAACUUCAUGACUGUUGAUCAAGAUGGAAGUGGCACAGUAG
1	AGCUGAUUCUGCUGCAGAACAAGAUCCGAGACACACAGCUG
1	CUGGACUCAGGGCGGUUUGAAAGAUCGGCGCGCACCGCAGG
1	UUUGGAACUUAUCAUGAGCAAAUAUCGGAAACAGAUGUUAC
0	UUGCUGGAGGUCCACUCCAGACCCUGUUUCCCGAGGUAUGA
1	UGAAAAUAAAUUCUCAAAUAAAGAUAGAUGCACACCUGAAC
1	AAGAAUCAAGAGGGACAGAGAAGAUCGAGAAGCGUGAGUAA
0	UCCCUGGACAUUUCUCUCAGAAGAAUUAUUUUUUUAAACCC
0	CCCUUCUCAAAAUGUUACGUAAUGUAAAAUUCCAUUUACAU
1	AGAGACUGAGCUGUGCAUGGAAGGUCGAGGCAUCCCUGCUC
0	GAAAUCCCCAACAUGGUUUUAUGCUUUCUGGAAUACAUGUG
1	AGCAUUAGCAGAAAGCAGCGAAGAACAGGAAGAUGCACUGA
1	UGAACUCGUCGACUUCUCAGAAGAUCAGGAUAACCAGGUAA
1	AAGCGUUAAAAAAGAAGAAAAAGAUCAGAGGCCCAGAGAAG
0	CCAGGAGGAAAUGACCUCUGAGCUGAAACCCAAAGGAUGAG
1	ACGUGCUCGUAAACGGCGUGAAGAGGAAGAGCGAAGAAUGG
1	GAGACCGGCUGUUGCUAGACAAGAUUAAGAGCUAUUAUGAA
1	CUUCGAAGAGCCUUGAACAUAAAACACAGACACCUCCUGUG
1	UGACCGUGAGGAUGAGGAGGAAGAUGAGGAAGAGGAGGAAC
0	AUGAUGAAGUACUUACCUAGACCUAGUUUUUGGUUACUCGA
1	AGUGUUACCGCGAGUAUCAGAGACGGCAAGCAUAAGGAGGG
1	GAAAGGAUGGCUGGAUCAGGAAGACCAGGAAGCACCACUGC
1	GCAAGCCCGUGGACUUCAAGAAGAUAAAGGUAACCCUGACG
0	GAAGUGGAGCUGUUGUCCCAAACCUUCCUGUCCUUGCUCCC
1	GCAGCACGAGUCCCUAAGAAACGUGGGACAAAUGUAGCAAC
1	AAAGACCUUAGAGUCGGCUUAUCUAAGCCACAGCCUAGAGG
1	AGUGAAACUGCGAAUGGCUCAUUAAAUCAGUUAUGGUUCCU
0	GCAGAUGUCCAUCAGGGGGAAAAAUAACAGAACAGAAGGAA
1	GGGCGAGGCUUAUCCAUUGCACUCCGGAUGUGCUGACCCCU
