Id,Sequence
1,TGTCGGACATGAAGAGACACAAGAAGCTGGAGGAGCAGATC
1,GGAAAGATTCAAAGGAAAAGAAGGCAAGTTGCTTAATTCTT
1,ACAACTGAATTGGAACAAAGATGATCGGGAAGGCAGATTTG
1,TAAGGACTATTAAACTGAGTAAGATGGGAAGCCATTAGCAT
1,AGATCCAGGCTGCTCTGAGCAAGATGCAGGATGACAATCAG
1,CATGTAATAAAGGATTCACCATGATTGGAGAGCACTCTATT
1,TGAGAGTTCAACCGAAGGTAAAGAACAAGAAGAGAAGTCCG
1,CATGACCTCTGTGCTGAAGCAGGATCGGGAGCGGCTCCGAG
1,GCTGATTAAGCCTGGCGCCAACGCTTAAGCAACGCCTACCT
1,TGGTGCTTCAGGTAGAGGTTAACATGAACCACGAGCTGCTC
1,ACTGCAAGCTCCATTGGCAGAAGAACGGAGACTACTTGTGT
1,AAGATGGACTGCGGATGAGGAAGACAGTGCAGAGCAACAGC
1,ATGGAGAACCTGCTGAAATTAAGATCATCAGAGAAGCATAT
1,TTGGACGTATTGGAACCCCAACTGCATCTAGGCCGCCGAGG
1,TGTTCAGGAAAGAAAACAGAAGGATCGAAAGGCACTCCATG
1,TTATAAACGGAAACCTGGCAAAGATCCTGGAGCACCAGATT
1,CCGTTATTGGTAGGCGGGTAAAGCAAACATTCATCCTGATT
1,TAGAAGTCGGAATCCGGAAGAAGATCGAACATGACGTGGTG
1,AAGAGATGCCAGAACACTAGAAGATGAAGAAGAGATGTGGT
1,AAGCATCTGGACGATGAGGAAAGAAGGAAGCGAAAGGTAAA
1,TGCTCCCTCCCCCCAGAACGAGCGGGAGAATACTAGCTATG
1,AGGACCGGCTGGTGAACGAGAAGTTCCGGGTGAGTGGATCC
1,CTGTATCAAAGTCTGGACGGAAGATTAAAGGAAGGGGCACA
1,ATGACCTACGGACGCGCATCAAGAGCGGGGAGACGGTCATC
1,AAACGGAAGCAGGATGAATAAAGAAAGGGAGAGCACATGAA
1,TCAGATGATGAAGATAAAGAAAGTGAAGAGGAGGTAAAATA
1,CTGTGACCCCAGCTACGTAAAAGATCGGGTAGAAAAAGTGG
1,CGTCTGTTCAGGATTTGAAAAAGAAGAGGAAGAAAACCTAA
1,TTGACCAGAAAGAATGACAGACACACTAAATGAGGAGCTAA
1,GAGTAAGTGCTACGGGCAGGACGACATGGTCGACATGGAGC
1,CCGACAGCTAGTGACAGATGAAGATGGAAGAACATACCTTT
1,GGAGATCCGGTAGTAGGCGGAAATCCACAAGCAAGTTAGAC
1,AGTCTGTTGCCAAGGACTCTAAGATCAATGCACGTCACTTT
1,AGGAATGTCTCTGAATGATTAAGATCTAAGAGTGGATAATG
1,TTTGGAACTTATCATGAGCAAATATCGGAAACAGATGTTAC
1,GTGCGTGCATGAACGAGACCAGGATCGAGGAGCTCAGGGCC
1,GTGGCAGCCTGGACCCAAGTAAGAAGGAAGAGATTTCATAG
1,CAAATTTGAACAGATGAAACAAGATAGGATCACCAGATACC
1,GGGCGATGAAGAAGCAGAGGAAGAACAAGAAGAGAACCTTG
1,CCTGTCAGATTTTGGAGCAAAAGATAAAAGAGCTGGATTCC
1,TACGTCGATCCACCGGTTCAAGACCTATCGATGCAGGGGAG
1,ATGCTGTTGGAGAGCGATATAAGCATAAGGAAAAGCACCGT
1,CCCCGAGGACTTCGTGGACGACGTGAGCGAGGAAGGTGAGG
1,ATGAATCAAAGTCTGAAAGAAAGATGAAGAGCCACCAGACT
1,AGAGGAAGTGTGAGGGTCTGAAGATTGGGGACACGGTAAGT
1,GGTGGGCAAGGTGATCCAGCAAGGTCGGCAGAGCAAGGGGC
1,CATCACTCGAGACGTAAATTATGGCTGAATCATCCGCTACC
1,TGGTCATCCGAGAGCTGAACAAGAATTGGCAGAGCCACGCG
1,CAAAGTGTGTTCGTCCCTAAACCCATCACTGCTCCCATGGG
1,TGCAAGTACTTCTGATGTTCAAGATCGCCTGTCAGCTCTTG
1,AACTGGCAGAGAACAAGAAGAAGATCGATGCTCTCCTGGAT
1,AACCCCCAGCACTGCCACCAAAGATCGGAACTCCAACAAGA
1,GGTAGGGGACTGTGGCATTTAAGAATGTAGAGAGCGCATCC
1,TGACATGTAGTAAAAGTCTGAAGACAGAGAAGAGTGCATGT
1,CAAAAAGTACAAGGAGCGCAAAGAGAGAAGGGCACAGCAGG
1,CCGAATTGCTCGACTACGTAAAGAACTACATCTGGCCGGTC
1,AGAGCTTGAGCTCACACTCAAAGATCAGAGGACCTACAGAG
1,ACAGATTGAACGAACACCTAAGGCGGATGATGGCCTAGAGG
1,AAGTCGCAGAGCTGAAGCAGAAGATCGAGGACACGCTATGT
1,GGCAGGCTCTTCCTCTACCTACTGGCGTCTTAAGTCCTGGA
1,TGCTGGCTTTTATAAACTCTAAGCGAAGGAGGAGCACTGCC
1,AAGGTGAAGTCGGGCCCCCTAAGATCAACGGAGAGGCCCAG
1,AGAACAGGCACAAGAACAAGAAGATTGGAAGAAATATATTA
1,GGAGAGGAGGATAGCAGCAGAAGAGAAGAAGAAGCAGGATG
1,GTGGAAAGAGAGCAAGGGGAAGGATCGGGAGTACACAGACA
1,TTAAGAACAAGATTGAGAACAAGATCGAGAGCATTGGTCTC
1,CTGAGATCTCTGTTGTTAGGAAGATCGATGGAAGAGCAGCT
1,GGTTAGCAGATCTATGTCTGAATGAGCCTCTTAAAAGCCAT
1,AACTGCAGGAGTCCGTCAGCAAGAAGGGGAGAGTCGGCTCA
1,AATTGAACAGCACTATTTTGAAGATCGTGGTAAAGGCAGGC
1,CATGATGAGATGGTCCGATAATGTGTTGTTGCCATGGTAAT
1,TTAATGTGAGAACATTTCTGAAGATGGGAAAGACAAATTAT
1,CCAAAAGGGCTAGAATTAGAAAGATCAGAGCTTTTTAAAAA
1,CTCAGGGTGCCGGCACCATGAAGATCTGGACTTCGGAGCAC
1,TTTAACGCACTAGTCGTCTAATGTAGTAAAGGACATGCAGA
1,CGCGCGGAAGTTTAATAGGCACGTTGGCGACCAGATTGAAA
1,ATTTCCAGGCCTTGGACAAGATTCGCTATGAGAGCCTGACA
1,ATGTAGATATCTCTGCACCAAAGATAGAGGGTGAAATGCAG
1,GTACCAATGCTCATAAACGAAAGTCGACCAGGATTGCCGCA
1,ACTTGAGAGGACCAGATGTTAAGCTCGAAGGGCCCGATGTT
1,ACCGGACCGGGTCGGAAACGAAGAAGGAAGCACCGAGAAAA
1,TGAACTCGTCGACTTCTCAGAAGATCAGGATAACCAGGTAA
1,TGGTGACCGATCGCCGTGGCACTTGAAAATGCAACAAGGAG
1,GTTTCGAAGCTTGATAAACTACAATGGGAGTTAGAATTCGC
1,TGTTAGTCGCTTAAACGGAGATGGTAGCGAATAAGCAGGCG
1,TTTCTCAGGTGGATGAGAAGAGGAAGGTGAGTGTGTGTCGC
1,CAAGGACTCCGACACTGCCTAAGATCGGAATTGTGGGCATG
1,ACACGCGTAATCTTCGGAGGAGATGAATCTTGCGCAAGGAC
1,CGGGCCTGCTGTGTGTGGACAAGATCGAGAAGAGTCAGGAG
1,CCTTCGGGAGAGACTCAAAAAAGCAGAGAGGAGCACAAAGT
1,GAGCCGGCTGCAAGACCTGAAAGATCGCCTGGAGCAGTCCG
1,TTGCAGTGAATTGTGAGCAAAAGATCTTGAAAGCAAAAAGC
1,TCCAAGTCGAGAACACTTGAACACACAGAAGGGAGACCCCG
1,CGGCCTTTTGGCTAAGATCAAGTGTAGTATCTGTTCTTATC
1,CGGCTGTGGACTCCAAACAGAAGATCATTGATGCCCAGGTG
1,GACAAAGATATTGTTGCACTAATGGTCAGAAGAGCATATGA
1,TGAAACTGAAGGACAACGAGAAGAACCGGAAGCTCTTTGAC
1,TTCACTTGAATATATTGCAAAAGAGTGTGATCCGTCTGCTT
1,AGACAAAGAAGAACTACTATAAGAGGATAGAGCCCGCAGAT
1,GCCTGAAACAGACCTGCATGAAGTTCTACGCACGCGTCTGC
1,GGATGTGAAGGAAGAGGAAGAAGAGAAGGAAGAGGAAAAGG
1,AGTGTTACATTTCGAATCATAAACGTGAATATCGAGCGGAG
1,TCTGTCCGAACAGTAGCGACAAGCACGGCGCAGCTTGAGCT
1,GTGAACAATATATGAGAAAAAAAGCAAGGATCGCAGTGATT
1,CTTTAACTTGGAAGGACCAAAAGTGAAAGGGAGCCTTGGGG
1,CCCCGGACGAGCTGACGGTCAAGACCAAGGATGGCGTGGTG
1,TACATCACCGCCCCGACCTTAGCTCTCACCATCGCTCTTCT
1,AGCCTAGAGATGGGTATTAAACCCAGGAGTAGCGTTGGCAC
1,CAGCCTAGAGACGCTGACAAAGGAGCGGAGGAGCAGTCGCA
1,TGATGTGTGGATCCTGAGGAAAGACTTGGAAGAGACCAGCA
1,TGAGGCTGTTCCTGAACAGAAAGATCCGGATCCTGAGTTTC
1,TTGGAATGAGTCCACTTTAAATCCTTTAACGAAGATCCATT
1,TACGGGCAAAGAAACCTATAAAGTACCTGGAAGAGTCAGAT
1,CAAAGTGGAGCCTGAGAAGAAAGATCCTGAGAAGGAACCTC
1,TATTTGGAAAAGAACTTCACAAGGTGGAAGGACACATTCAA
1,TTGTAGGACATAATAATAACAATTGAATGTCTGCACAGCCA
1,GGAGGGAACGATAGGCCAAAAGCCTACAGCACCCGGTATTC
1,TGTGTAGAGATGGTCTGGGAAAGATGGGAGTAATTTGGTTA
1,ATTTTGAGCATCTAGGAGTAAGAAAGGATTACAATCGAGCG
1,GCAGCACGAGTCCCTAAGAAACGTGGGACAAATGTAGCAAC
1,ACAGGATGTGATTGTAAATGAAGATGGAAGAAATAAGCTGA
1,TAGAAAACAGCTGGAAGATGAAGAAGGAAGGTAATCTATGA
1,CAGACTTGTAGATAACCCCAAAGATGTGAAGATCGCTTGTG
1,AAATAAAAGAACTCAATGAGAAGATCACCCGACTGACTTAT
1,ACTCCTGCAGAGCTCATTGAAAGATTGGAGCAGGTAAGCAT
1,GCAATTTCGCTAGAAGAACTAGCTGTTGCTTACAGTTTTTT
1,CTTCAGCTGACAAATACGTGAAGATCTGGGACATCTTAGGA
1,CAGTGTTGCCTCTAACAATAAAGATCAGAATTCCATGAAAC
1,GCCCAGGACTGAGTGAACTCAAGATGGAAAGATGCATGTGT
1,AGCACAACCCGAAAAGGAGAAAGATCACCTCGAACTGCACC
1,TACAGGTTGTTAGTAGAGAGATCCTCAGCATGAGCCTAGGG
1,GCTAGAGGCATGGAAGAATGAAGTGAAGGAGAAAGGCCACG
1,TTGGTTATTCTGCAGAATACAAACGCGTTAGGGCCAGTAGG
1,GTCGTTAGATGAACTCACTAAAATTTGGAAGATACAGGTAG
1,GTTCAGCTGTTGATGCTGAGATCCATATTTAGTTTTATAAG
1,TAACGCGAATTCGAGGAGGTACTATTTACTGTGATAATTTT
1,TTCCCCTCCTCGACTGACTGAAGATCGAAAGAAGGCCTCAC
1,CTCGTGTTGGCGCAATCGTTACTATATGAGTAAGTATAATA
1,CTGAGATTTGTGATAATGCAAAGAAAGGAAGAGAATATGCC
1,TGGACTTGATGAAGAAGATGAAGATGAGGATGAGGATGAAG
1,GAAGGCTCTACGCCTCGTGTAGTGCATAGCCAGCCCGTTGC
1,TTGTTTTAGTTACAGGTACAACGACTTGATCGGTGCCGCGG
1,TAGGACCTGAAAGGTGGTGAACTCTGCCTGGGCAGGGCAAA
1,AAACCTCTGGCGGCACGCATACTCGTCAAGCATGCGCTAGC
1,GAGTTTGGACAGGATTCTTAAAGATCGGAGAAAGGTATGTT
1,ACGGATTCACTACCCCACTAAGGCCAACTTTGCCGACAGAT
1,AGGCAAGACTGTGGAAGTTAAAGTAAGTGAAATTTTCCTAC
1,TCGGAAGGACCGCTGCGAACAAGATCAAGGAACAGTGAGTG
1,TATTCAAGAATGAATAGGATACTGTCCAAATCGAGCAAGCG
1,TGGACAGAAAGGCTCTGGAAAAGGTCCGGAAGCAAATCGAG
1,GAATAACTATTAAAAAAAAAAAAAAAAAAATCCGCAGGGCC
1,TCATTCACGACACAGAAACCAAGATGGAAGAATTCAAGGAC
1,ATTTATTGTGAACACTCTGAAAGACGGAAGGTATGTGCTGT
1,GAGTTGCTGTTACACATAGGACGATGAAAAAGTTAGTGCTC
1,GGGTCTCTGCTCTCCTGTCCATTTTTCAGAGCTCTTCCCTG
1,GCTGAAGCGGATCAAGACAGAAGACGGCGAGGGCATCGTCA
1,GGAAACTGAGGCTCAGGAACAGGATCGGAAGCCGGTTTGAC
1,CAAAAGTGCCCTCCCAATATAGTTCAACAAAGAGCCCAAAA
1,AGCTGATTCTGCTGCAGAACAAGATCCGAGACACACAGCTG
1,AAGGACTTCGGGTGTTTGACAAGGAAGGAAATGGCACCGTC
1,CGGACTGTTCTATGACTGCAAAGATGGAAACGACCTTCTAT
1,CAGAGGTAGAAATGGTACAAAAGATGAAGAGCACAGAAGCT
1,AAAAGACTGAGAGCCACCACAAGGCGAAGGGCAAGTAACTA
1,CAAAGAACCGAGATCACAGGAAGATCGGGAAGGTATGCCCC
1,AGCCTGTGCTGATGATGAACAAGATGGACCGCGCCCTGCTG
1,ACAACTCGGAGTGAACAATGAAGATTCAAAGGTAAGAAATG
1,TGAAGTGACTTTATCAACAAAAGCTCAACGCGCCTCGTGAG
1,GACTCAAGATCAAGGACCAAAAGAAAGTGGAGAGACAGTTC
1,AGGCGTACGCTCGTCGTTGTAGGGGGTGCCCTAAAGCGAGA
1,CTGTAACAACACTGAGAACAAAGAACGGAAGTCCTTCCAGA
1,TGGCTGAACAACTGCTAGAAAAGATCCAGAAGGAGCCCACA
1,TACTGTGGAAGGTGGACTTGAAGGTCGAAGACATGAACTTG
1,AGACAAGACTCTGCGGAAGAAAGGTAAGGCCTAACAGGCTG
1,GAGAAGGAATCTGTCATGTGAAGATCTGGGAAGCAGGTGTA
1,TACACCGATATCATTGGGCGAGCACACGCCATGGCGGAGAG
1,CATGTGTTGCTACCATGGTAATCCTGCTCAGTACGAGAGGA
1,CGTGGACGACATAGATAAGTATAAATGAAGGGAGTAAGTTA
1,ATCTGAAGAGCAAGATAGAGAAGATGGGAAATGTCATAAAA
1,TGGCAAAGACCTGGACTTTGAAAAAGCCAAGGTAGAGGTCC
1,AAGAGGCGAGCCCTGCTGCAAAGACCAAAGAGACACGTTCT
1,CATGGAATCATCAGGAAGGTAAGGAAATAGTAAAATACTGA
1,TTTTTCTTTGCATTCCCAGAAAATATTTACAGATTTGCAGT
1,TCATGTAGTTTTATTCTGACAAGATTGGGAGCACTTTGTAC
1,AATCGAGGACATTGATAACGAAGATTGGGAGAACCCTCAGC
1,GATAGTCTCTGATGTGCTACAAGATCGAAGAAGGAGTTAAG
1,CTACGTTTCTTGGACGCAGAAGCACCAGGAGGCGCCACTGC
1,TTAGTGACTTTAAGTCAAGCAAGTACACTAAGGCGACAAGC
1,GGCCACTGGAGCTGAGGACAAAGATAAGAAGAAGAAAGAAA
1,GAAGAAGCTTGGACCTAAGAAAGAGAAGAAGAGCAAATCCA
1,AAGAACGTCAAACATCTGGCAAGGTCGGAATGATTTTGCGA
1,TTGTTGCATTGCTAGCTGAGAAGAGAACGAGAACATTTGGA
1,GGTTGGGAACCAGAACATGAAAGATCGTGATGCCATGCTGA
1,TGAGGAGTGTCAGAAAGCGAAAGACCGGATGGAGAGGATTA
1,TTACGATCGATACAGAAATCATGGGGCAATTCTTCCGATTT
1,ATATCGCGCTTCGGATGAACAGCTAGAAAAATGATCGAGGC
1,TCAGGAAGAAGAAAGACCTGAAGATCAGGAAGAAGTAAAGC
1,GATGTGACTTGTAGCTCATAAAGATGGAAGATGAACCACCT
1,ACTGGCAACAGCTCATGCTCAAGATGGAAGATCGCCTCAAG
1,GATCCAGAACCGGCTGGAGGAAGATCAGGAAGACATGAACG
1,ATGTAGCCATGACTCAGATCAAGATACGGAAGAGCCCAGCA
1,CGTAACGGGGAGAGAGAGAAAAGATCTCCTCAGGACCTCGG
1,ACTGTCTGGAAGAAGAAAAAAAGACCGGAGGAACCCTCCCC
1,GTGTGAACCTGGACATGGGCAAGATCGTGTACAGCTGGGTG
1,AGGGCTGAAAATAAATAGGGAAGATGGAGACACCCTCTGGG
1,CTGGACTCAGGGCGGTTTGAAAGATCGGCGCGCACCGCAGG
1,GGGAAGAGAGCTTTGAAGAGAGGAGGGGGACTTTAGAGAGG
1,ACCTTCGATCTCATGATGCGAGAGTGAGGACCGCGATTTAT
1,AAAATGACATCAGTTTCTGGAAGAAGAAGAAGAGCATGATC
1,TCATCTGGAACTCAGAGAAGAAGGAGTTTCTGGGCAGGACC
1,TGGGCTTCGACTACCAGGGCAAGACGGAGAAGCACGAGTCA
1,ACATCGCCAACTGGCAGAAGAAGATCGGGGACATCCTTAGG
1,CCCACGTCTGCAATGACCTTAAGATCGGCTACGAGTGCCTG
1,TTAATGATTTGGACAATCAGATTAAGAAGATGTAGCTTTCT
1,AGCTCAGGGAATACTTCAAGAAGTTCGGAGTGGTGAGTTTC
1,CACTCAGGGGGTCTGGAAAGAAGGTCATAAGGGAGCATGAT
1,ATAAACCCATCACCTCTGAGAAAATCAAAGAGGTGAGTGTG
1,GTCGCCGAAGTGTGAGAGGCACGATGGGCAACGGATTAATC
1,AGGGGCGGCATGAGAAATTTAAGGTGGAGAGCGGTAAGTGA
1,CTTCTCTGAAAGATTATATTAAGGCAGAAGAGGACAAGTTA
1,CTGTGTGAAAGCTCTTAGCAAAAATCGAGAAGGAGGCTCAG
1,TCCACGGAAATCTTTAGTAAAAGGCGAAAGATTTATTCGTT
1,ACCTGGACTGTGTTAAATGGAAGAAATAAGAGCACACATCT
1,CAGAAAGCTGGAGGGAAGACAAGAGCAGAAGAGACCATTGT
1,CTTGAGTTTTTGCTGAAAGTAAGATGGGAAGCCATTGAGGG
1,TTTGGCGGAGTAACTTGACGATTTCTGAACATTGTTGTTTA
1,CTCAGGATTTAAAAACTGGAATGGTGAAGGCGAGAGCAGTT
1,GTGGATCAGGACACCTGAAGAAGAGAAGCTTCCGGCAACCC
1,CTGACGAAGAGCCTTTTGTGAAGGTATGTTGGAGTGCGTCC
1,GACAGATGACAACCTGACAAAAAATAGAAAGAGCACATAAG
1,AATTGATGCATGTTGACTGGAAATTCCACTTTGAGGAAGCC
1,GATACTGCTGTCTCGAATTGAAGAAAGGAAGGCAATCATTG
1,GTTGGCTAAAGGAGATCCGAAAGCTTCAGAAGAGCACACAC
1,AGGACGAGTGTGAGGACGCCAAGACGGAGGCGCAGGGCGAG
1,GAGGAATGAGTTCAGATTAAAAGAGACGAAGGGACACGCTC
1,TGGTCATGGAGGAGCTGCTGAAGGTCGTCAAGAGCCTGGTG
1,AGTTGAAAAGAACTTTGAAGAGAGAGTTCAAGAGGGCGTGA
1,CTTCTCCCTGGAAAGCAATAAAGATGAGAAGACACCACCCT
1,ACATCAGTAGCCCTGAATTCAAGATCAAGATTCCAAGACAT
1,TTGTATTAACTAAGAGCGAAAGCAACTCAGTATCGCCGGAT
1,GGTGGGGCTGTAAGACCAGAAAGACAGGTTGAGCACTGCTG
1,CAGCAGAGGCCAAGATCAAGAAGATGGAAGAGGAGATTCTG
1,TTACGGATCTGGCTTCTGAGATGGACCGTTATAAGGACAAT
1,GAGTACTGCATCTGCGTCTAAACGGCTCCAACGACTCCAAA
1,CAGTGGTGGAACATCCGAAGAAGAAGAGAGAGCATGGCACA
1,TTGTCTGTGAAGTGGGCGTGAAGATCGTTGCCACCTTCCAA
1,AGATCGATCATTAGTTAGTAACATTATCGGCTTTAATTTGG
1,AAGAAACTAAAGAACAATCAAAGATGGAAGACACTCTAGAG
1,CGGTCAACGGGAGGCTTCTCAAGGTAGGTATGGTTGGGGAT
1,CAGCAGCGCCACTCTTGCCCATGATCGAGGAGCTCAAACCC
1,GGGGCATGAACTCTCCAACGAAGAGAGAAATCTGCTCTCTG
1,CCTGTAACTTCTGAGGTGAAAAGATCAAAAATGGCTACTTC
1,AAGGGCCCAGCACAATTCAGAAGATCAAAGAGGCCCTGGGC
1,CCAAACCGGATGAGAATTCTAACACGGGCCTGACATCAAAT
1,GATGAAGATAAGAACTCTATAAGATTGGAGGAAGATTAAGA
1,GAACTCGTGGGGCACTGGCGAAGATGTGAAGGTTATATTGA
1,TTCAGTCGGAGCTAAACAATAAGATCAGGGAAGGTAAAAAT
1,CGGTGACTAAGGCTCAGAAGAAGGACGGGAAGAAGCGCAAG
1,GGAAGAGTGTAGAAACTCTCAAGAAAGGAAGGGTCCGTTTT
1,GACCATGAACTGGACCCTCGAAGGTATAGAAACTAGTGTCA
1,GAAACAACACCGGGCTCTGGAAGAAACGGAGGAGGACAACG
1,TTAAGGATTAGTTCAGGTCAAACTGGGACACAGTCAAAATT
1,ACGTGAAATTGAGGACCCAGAAGACCGGAAGCCCGAGGATT
1,TGCTTTTTTGACCTCAGGCGATGGTCGAGGTGATGCCTGCA
1,GGTGGCTCAGCAGCATGATGAAGATGGAATTGAAGAGGAAG
1,AAATTAGGCCATTATGAGACAGGTTAGTTTTACCCTACTGA
1,GGGACAAAGAACAAAAAGGGAAGATTGGAAATGGATAAATA
1,CAGCACGGTTTTTCCGCATGAAGAGATTGTGGCACTCTGGC
1,CTCCGTGCAATACGAATAGGACAGGTGCAGACGACGGACAC
1,TACCTACTTACGCGCCGCCCAATACGTCTCCTGGTCGCTAG
1,CACTGATATATCGTAGAACAAAATGATACACCGTCCGTCGC
1,CTGTGTCGTGCTAGAAGGGGAAGAAGAAGATGACCACACGG
1,GGCTGAGCACACATGATCCCAATATCACATGGAGCACTCGA
1,GACTGGAAACTTTAGGAAGAAAGATAATTGAGGGGCGTGTC
1,AATGCGGATATGGGACTGAGACCAGCTCCTAGGAAAATGTC
1,TTGGTCTGTAGAATCCTGTGAAGACCAGAAAGAGCACTATG
1,TCGAGATCAAACCGCTACGCAAGATGGAGAAGAGCAAGTCC
1,CAGTTGTGGATTCTGATAAGAAGAAAGGTGAGCTGATGGAG
1,GTGTCACTATTAGAGGAAACAAGCGGAAAACTAGATGGATT
1,TTCCAATGGCTGTGTGTTTAAAGATTGTGGGAGCTTCGCTG
1,TGGCAACACTGAACCTGTGAAAGCCAAGGAAGAGCTCATAT
1,ACAATAAAAACTCTGTCCTCAAGTTTGAACAGGCACAGATG
1,TACTGGGAGCTCTGGGTGCCAAGATTGTGAACAGCCGAGAT
1,GATCTGGACAGAATCGCCGGACAGGTAAGGCCTGCGTTTGG
1,GGCGCTAGCAAACTTCTGCCAAGATCGGAACTGAGTACTAA
1,GGACACACGGGAAAGCCAGGAAGAAGAGGAAGAGCACCCCC
1,GAAGGAGAAGACCAAACACAAAGATGGAAGCTCAGAAAAGC
1,TAGACTGAAAAATCAAATTCAAGACCAAGAGCAGCTTGTCT
1,GACGCTTGAACAAATGAAGAATATGGTAAGATAGTGCGAGG
1,CTGCTATGCCTGTCGCATCCACACGAGGTAAGAAGTCGTTA
1,CATGGGTCAAGTGTGGCAAAACAGACATCGCGAGCCAGCCA
1,CAACTAGGATGAGGTTTCAAAAGACGGAAGACGACTAAATC
1,GAAAGCAGTAGACAAGTTGAAAGAGAAGAAGGAGCGCTTGA
1,AGGCAGTCCGAGCCCTGAAGAACAGTAATGATATTGTAAAT
1,ATTTTTTGAAATAAACGAATAAGAATAGGCATTGTGCAGGA
1,AAAAGAGCCCTTGAAGCTGGAAGACGGGAGGTGCGGGGAAT
1,AGAAGTCATGACGTTTGCAGAAGATGGAGGGTAAGAAAAGC
1,GGATCCCATTGAGAATGAAGAAGACCGGAAGAAGGTGAGGC
1,CGGTTGTGATCAATCAGGTGAGGGTGGTGGCCTACCGGCAA
1,TCGCATTACTTGTAGAAAACAGGATCAAGGAAGAGATGGAG
1,GACTGCAGAAGAGCAACCCGAGAAAAAGAACAGATCAGATT
1,CTCCATGAGCTTGGCAAAGAAAGATGAGAAGACAGACACCC
1,GACGGAGGACTATTAGGTATATTAGAAGTAATAATTGATTG
1,AAAGCTGGATGCTGTCATGAAAGCTCGGAAGGACATTGTTG
1,GGATGAGCTCAAACAAAAGGAAGACCGAGAAAAGGAGCAAC
1,TACTGACCAGCAAAATGGAGAAGATCAGAGAATGCAGCAGC
1,CCATCGTCATCCTGCTGCTGAAGATCTGGAAGACGCGCTCC
1,GTGGTAGGACTTGTGCTCCAAAGATCGGGAAATTTTCATAG
1,CTCTAAGGTGATAGCTCTGAAAGGTAAACCCGATGGGATTG
1,TATAAAAATTTAAATCACCTACTACAGGTATGTCAGGCGGG
1,GGTACTCGCCATGAAACTCAAAGATCGAGAGGTAGGAAGTT
1,GCGTGAATGGGATCGGGACAAAGTTCGAGAAGGGCCCCGTT
1,ACATGTGCACTACTTCAAGAAAGATTGGAAGCATGTGTGGC
1,GTGTGAACTGGCCTTTGGGAAAGATCAGAGAGGGCAGAGGT
1,GCCTGGAGCCAGAACCTGTGAAGAGCGGAAGGGCCAAGGGA
1,ACTGGACTTACAGTTTTCCGAAGATGAGAAGAGGTTGTTGT
1,AAAGCAGTCCTGCAGAACCAAAGAGCGAAGACGCAGATCGC
1,GGAAGAAATAAAGAGCAGCAAAGTAAGTTTCTTTGTGACAA
1,ATGGTTAACAAATTTTATGGAAGACCGGAGACAGCGTAGGC
1,GTTGAGCTTTGAAACAACTGATGAGAGCCTGAGGAGCCATT
1,AAACTCTGGACCTGGAATTCAAGGTGGAGGAGCCATTGTCC
1,AGAGAGGACTGGAACCAGAAAAGATCATTGGGGCAACAGAT
1,GTAGCCCTGAGCTGTTCAAGAAGATCAAGGAGCTGTACGAG
1,ACGTGCTCGTAAACGGCGTGAAGAGGAAGAGCGAAGAATGG
1,CCCGGACAGACCTGAAGAAGAATCGGGACTACCCACTAGCC
1,AGATCACCGAACAATAGTTGATTAATAGCAAGATCGGCGCG
1,AGTAACACGTTGAACAGCACATGGAGATCAGCATCGAGCCG
1,ACCTGAACACCTACACAGAGAAGATGAGGGAAGCGCTGAGG
1,ACCAGAACCTGGAGAAACTGAAGACGGAGTCAGAGCGTCTG
1,GGCAGAAGAACAAATGCTAAAAGGTACACAGGTCAAACAGG
1,GTCTACTGTAGGAACAATGAAAGATCTCAGTGAGCACAGCG
1,AAATGGGATCCATGAAGAACAAGACCAAGAGCCACAGGATC
1,TGGAAAAGGAGAACCCTGAAAAGAGGAAGAACAGCACTCAG
1,AGTTCGGAGTGTCCCCTGACAAGATCAGTCTCCAGCAAGGC
1,GCAGATCAGAGAGCTCGAGAAGGATCGGGAGACTCAGAGGA
1,AAAGTGGACTGGAAGTGGCAAAGATGGAAAGACAGACCAAT
1,TGTGGAAATTCTTTTTGAACAAGATAATGAAGAGCAATCAG
1,CATATTTTGACAAAGTAGATAAGGTGCATTTGCATTATTGT
1,GGCTGTGCTGCCGGCGGCGCAAGAGCGAGGAGCACCTGGAC
1,AGCTGCAGGACTGGGTGAAAAAGATCCGTGAAGTGGCCCAG
1,GCCACCACAGTACTTCTGGGAAGAGGAGGAAGAGCTGAATG
1,AGCTCAGAGCTGGAGGATGAAGGATCGGGTAAGTGGATTCT
1,AGGACTGGGTGACGCCGTACAAGATCGCGGTGCTGGTGCTG
1,TCACTGACTGGGCCTGGTACAAGATCACTGACTCTGAGGAC
1,GACCCTTCCCCTGAGCTACCAAGATCGGAGTGCCCAGTCAG
1,GGATTACCCTGCAAAACAGGAAGACAAAGGAAGGGCCAAGG
1,TCATAGAGCAAAAATTCTGGAATATCGGAAGTGCCTGAAGA
1,GCTGTATTTTGGTTCCTAGGAGTTCCTCACTGAGGCCTTGC
1,GCGCAGAGAACTTAGGAGAGAAGCACGGAGGAGCCCCCGGC
1,AAGTTCTGTAGCCTCAGTGTATGATGGGAAGCTGCTCATAG
1,ACTCATTACAACAAACAGGGAAGTAAAGGAAGAGACACATC
1,CAGGGCTGGACTGAGGCCTGAGCGCTCCTGCCGCAGAGCTG
1,GGAAGAACGTCAGAAGAAAGAAGATGAGAGAGCACGCAGAG
1,GAAATTTTGAACAGATCACCAAGAAACAGAAAGCCACGAAG
1,TGAGATCTACGATGAACTTTAAGATTGGAGGTGTGACAGAA
1,CGCAGGCGCTGCAGAAAGTGAAGATCGAGGTGAACGAGAGT
1,AGAATACTCTGAAAGCAAGCAAGAAGAAGAAGAGGGCATCC
1,TCACAAAGAGGCTAAAATAGAAGAACAAGAAGAGCAAAGGA
1,TGGCATGGACAAGATCTATGAAGGCCAAGTGGAGGTGACTG
1,TTCTGGGCATGTAAGAAGAAAAGGAGGAAGAGTGCACATTC
1,CTAGACACTATATGAAGAAAAAGATCAGGAAAGCTCTCCTC
1,AGCATGAACTTGCAGGAAAGAAGAATCCGGGAGCAGCACGG
1,AGACGAAAACGGAATCTGCCAAGACGGAAGGTCCTAGCCCA
1,AACAGACTGGGGCAGTGGAAAAGGTGGAAGAGCAGTGCCAT
1,CAGAAGACCGACCTCTTGGGAAGGATGGAAGAGCTGCTGTT
1,TATTTGAATTCAGAACTTAGAAAATTGGAAGGGACCTTAAA
1,TGCAAAGGAACTGACAGAAGAAAAAGAAAGTGCTTTTGAAT
1,GGACAGAGGCCCAATGGGTGAAGGCTTTGAAGAGCACACAG
1,CTTGCTAGTGTCACGTTCTCAAAGGTCCAGGTACCTAAAAT
1,AGGTAGCAATGTGGGCATGGAAGATGGGGAGCGACCCCGAA
1,GATTGGTCATGGAGAATTGAAAGGTAAAATTGTGCTTTTAT
1,TGGACAAACTCAAGCTTGATAAGGTAGGTTAGTAATGGATT
1,TAGTCGGCTGCGCACGGGTAAAGATCGTAACCAGAAGAAAG
1,GAGGACTTGGCATAAAATGAAAGATTGGCAAAGGCCCTTGA
1,TACAGGCTGAACAGGACAGAAAGGTAAGAGAAATGAGAATT
1,CCTAACTCTGCCACATATATAATATCGGAGATGGCAAAGGC
1,TCCTAAGGAGTCTGAAACAGAAGATCAAGCACTTGTCTCAA
1,TTGTGGAGAACTCTAAGGTTAAGATCAGGAAATAAAAGACT
1,AGGACACCTACCAGATCATGAAGGTGGAGGGTGAGTCAGGA
1,TGAAGCCCCGGCAGCGGGGAAAGAAGGAGAGCAAGGAGGAG
1,CAGGACAGGAAGACAAGAAGAAGATTAAGACAGAGAGCGGC
1,ATCCAGGAGAGTAAAGACTCAAGATCGAAAGAAGAACATCA
1,CCGGCGCATTGATAAGGACCAGGATGGGAAGATAACACGTC
1,ACAAGTAGAATTGACTGCACAAGATGTGAAAGATGCCCACT
1,TCGGTGACCGGTCTTTCATAAAGTATATCGGCACTACTGTC
1,AGGTGATACCCGCAGTCTTGAAGTTGGGCGTTGCCCGGGTG
1,GATCGAGTTATCGTAGGCTAAGCTGGTGCATCGCCGATGGC
1,CGGGACTGGAATGTAAAGTGAAGTTCGGAGCTCTGAGCACG
1,GTGGGCCCGTTGCGGGTTGAAAGTTCTGACGCCCATAGTGG
1,GAAGTAGCAAGACAGTTGGAAAGATCAGCATTGGAAGATAA
1,TCCTGGAGCTGTTCAAGCGGAAGATGGAGGAGGAGCAGCGG
1,TCCCTGTAAAAAATCAAAGCAAATAATATAAAAGGGATTAT
1,AATTCGAATGCCCACCAAAGAAGATGAGGTGATTCCCTGGG
1,CTGCAGGCTAAGAAATGAAAAAGTGAGTTGATAGTAGGATG
1,TTAACTGTTGAGAAAAGTGAAAGATCAGTATGATTATTATG
1,ACGTAGCGGATCTGTGTATAAAAAATTAATTCACTGTGCTA
1,GTCGGAGAAGGACATCCAGGATCTGAAGTTTGGGGTCGAGC
1,GATGCTCCCCGAACAAGATGAAGACAGTGAAGTGCGCGCCG
1,TGAGCAGGCTCTGGGCAGGAAAGATGGAAGGAATGCGCCTC
1,ATCGAAGTCTGAAGCCTGTGAAGATCGCTGAGAGCGACACT
1,CACGCGTTATTGTTTGTTTCACGTCCGGGTTCCGTCTGTGA
1,TGTTGGATCAGGACATCCCAATGGTGCAGCCGCTATTAAAG
1,CCAGGACCGTCTGGATCTGGAAGAACGGAAGAAAGTAGAGA
1,CCACGTTGGCTGTAGACACCAAGGAGGAAGAGAGTGAGGAT
1,ATGGGTTCTTGAACTCTTGGAAGCCTGGATGAGCCACCTAA
1,GCTGTGGTCCATGACCTCTGACATTTTTTTTGACAACTTTA
1,TCAGAACTCAGAAATTGTAAAAGATGATGAAGGCAAAGAAG
1,AAAGCTTGACGGCTTGGACGAAGATGGGGAGAAGGAAGCGA
1,AAATCCGTGGACTGTGGGTCAAGTTCGGAGAGCGTGCTGTC
1,CAAGGAAGTAGAAGTGAAAAAAGATACAGAAGACATTAATA
1,GCGCGATTATTGCTAATTGAAAACTTTTCCCAATACCCCGC
1,TGATGTACTCTGGGGAGCTTAAGTTTGAGAAGAGAACGTCC
1,GCAGAGAACTTAGAAGGCAAAAGAGGGAGGAGATGCGACTC
1,TGGTCGCAATGTCCTTGTGAAAGATCTGAAGACTCACCCTG
1,AACCTATGAAATCTGTACAAAAGATTGGGGTGAGTGAAAGA
1,ACGATCGGATTCGTGGGTCAAGTCGAAGGTGGCAATCCGAG
1,CGTGCTCAAATCACTGCTGGAATATTGGAAGAGCCAACAGA
1,ACCCGTAGACTTTATGTAGCAAGTTATGCCCGAGTCCTCTC
1,AGGGAGCACGGACTTCCTAGAAGATGATATAGAAAAAATTG
1,CAAGAGACTTGCACACTGTGAAGAGCTGAGAGCACAGGTGA
1,CTTCAGGGTCAGAGGAGGTTAAGGTTAGTTCAGCAAATGAA
1,TTCGGGCCGAGATCGAGCACAAGAAGGAGGAGCTGCGGCAG
1,GACGCTTCCGCAGAACCCTAAGATTATAAACATTGCTATCG
1,ACTTTCTGAACTCCCTGGAGAAGATGGAGGACGGCAAGTTG
1,TATTGTGGCTGGAATGGAAGAAGATCACCTTGGTGTTCCTT
1,CAATGAGCTCTTGGACTATGAAGATGATGAGGTGGAGACAG
1,TGGAAAACTCAGAGAGGATAAAGATCATACGACAAAACCTA
1,GCTGTGCCGTGGCCCACCGCAAGATCGGAGAGCGCCTGGCC
1,GCACAGCTGATGAAACAAGCAAGAGGTGCCTGAGGCAGGAG
1,AGTCAAAGTCCTGGGCTGGAAAGATGGTGAAAGCACAAAAA
1,CTAGATTTTCTAACTTGTGCACACGTCCAGAGCATGTTCAT
1,CATGCGAAACCTGACTGAGGAAGAGAGGAGAGCTGAACTTC
1,GAACAAAAGGACGCACTCCAAAGGTAACATCCAAGTTTGAA
1,GACGGTGATATCGATTCGATACTAGCGTGTAGGCGGATATC
1,GCACCAGGAACTGAATTGCAAAGTTCGTTAGAGCACAGACT
1,GGTGCAGCTGGACTCTATTGAAGATTTGGAAGTGACTTGTA
1,CTGAAAGACAGGGACATTGGAAGGCCGAAAGAGCTGACGAT
1,AGAATCCCTGAAAAAAATTGAAGAACTGAAGGCACACTGGA
1,GATTGTCTCTGGATCTCGAGATAAAACCATCAAGCTATGGA
1,TGATGGATGTTGATCATCAGATTGCCAAGCTGATGGTGGAA
1,CGCGCTGTACTCTTTCTTGGAGGTAGCCCTTGTGATACATC
1,GACTGTGTAAACAACTAGAGAAGATTGGACAGCAGGTCGAC
1,GTTGATCGCTTACGTATGATATCAACAATATGCGTGACAGC
1,GCACCTGCCATCGTGACTGGAAGATCCGGCAAGAGCACAAG
1,CGAAGGCCAAGGAATCACTGAAGATCGGCGAGGGAGGACAG
1,AACAGAGGAGTGGGGGACTGAAGATTGGAATGAAGATGTAG
1,TGTACCTCAACACCCCCGACAAGATGGTGCGTGCACACCCT
1,GTGGAGGAGGCAAGAAGCCAAAGATGGAGGAGCTGGGCCTG
1,TGGACGAGTCGGTGGGGAGCAAGACGAGAAGGGCCTTCCTG
1,GGGCCGAGTCACTGTCAGGGAAGGTCGGGAGCTGCACACGC
1,CTGCCGAGAAGACTCCCGTGAAGAAGAAGGCCCGCAAGTCT
1,CTTTAGAATGGATGAACAAGAGTTAACCGGTATGGAATCCT
1,AAAGGGGGAACCTGAGAATGAAGAGAAGGAAGAAAATAAGT
1,AGATGTGGACTTTGAGGAAGAAGAGGAGGAAGAGGGCAACG
1,TGGTGAAACTGAATTATTTGAAGTAGGAAGACCCGAAGTTC
1,CGGCTACGATTATTTTAGGTAATGAAGTGAAGTATCATATA
1,ATGAGGAGAGGGCTGAACTCAAGATTGGAAGCAACTGCAGC
1,ACTTAAGGAACATGGTTATGAAGCTGGAAGAGCAGATCAGG
1,GGCTGTGAGCTGTGGAGCCCAGGGCCGGAGGAGCAGTAAGG
1,TTGTAGGCCTGTTTTACAGAAAGAATGGAAGGCACTTTTTC
1,ACTCTGTGTGGAAGAAGATGAAGATCAGAGGGAGAGGCACG
1,CTCAACTGTCAGGCCCTACAAAGAAAATGGAGAGCCTCTTC
1,TTTGAGGATATTGTGTCTTGAGAACTGAGTGCGACAGTTGT
1,TGAAAAGGGGTCTCTGGACCAAGACCGAAGGCTGTTTGTGT
1,CTGAGGACCTGGTGCTGCGCAAGAACGAGAAGAGCGTGGTG
1,GAGCATTAAACCTGAACCAGAAGATCGAGAGCCTAACTTTG
1,AAATTTATGAACTCGAAATGAAGCGGAAAGCAGATATGCGC
1,TTCCAAGGACAAATCAGAGAAAAAGTCTTTAACTCCACCAT
1,TCGTTTGGAGCAGATTCGCAAAGAACAAGAAGAGGAACGTG
1,ATTCTCTGAACAAGAAGATTAGCATGGCCCCTGCGCAAGGA
1,GCAAGCCCGTGGACTTCAAGAAGATAAAGGTAACCCTGACG
1,GATGGGAATCTCTCTGAGAAAGAAAATGGAGATTAATCTTA
1,GCGCGTCAAGAAGATCTTGGAGCTGCTGGAGAAGCAGGCCT
1,CGGACGGCAGGACCTTGGTTAAGATGGGAAAACAGTAGGGT
1,GCTATGACGTGGAGAAGAACAACAGCCGCATCAAGCTGGGT
1,CTGGACTCTGAGAACTGGGAAAGATCAGAGCAAGCCTTGCC
1,CTGTTGACGCTGTAGCGACAATATTACTGACTATTAGGAAT
1,CAGAGACTGTATGCTCCTTGAAGATGGAAGCTGTGTTGTGT
1,GTCTGCAAAAGACTCTGGCAAAGATCAGGAAGAGGAGGAGA
1,GGGCAATGTGACTGCTGACAAAGATGGTGTGGCCGATGTGT
1,GTCAGAAGTTCCTAAACCAGAAGATGGAGAGCCGCCAAGAA
1,CGATCTTTTGGATTACGATGAAGAGGAAGAGCCCCAGGCTC
1,ACGCTCTGCTACTTGCAAGTAAGATGGACAGCCGGACACAC
1,GGTGCGAGAATCAAGGGCGCATGTATTAGCTGCGCATAGAG
1,GCCTGGGGAACAGGAGAGCAAAGAAGGGGAGCACTTAGATT
1,AGTAAGCGATGATGAGGCTGAAGAAAAGGAAGACAAAGAAG
1,TCAAAGGAACTTAGTCTACAAAAGATACACGGACAATGCAC
1,GATTTGTAAGAGCTGGAAAGAAGACTCGGAATGGCAGGCAT
1,AGGGGACTTTCTAGATATGTAGGATCGGGAGGCATTGAAGA
1,CATAGGACAGTATGCACCTTAAGATCCTGAAGAAACGGCAC
1,CCCAGGCCAAAGAGAACGAGAAGAAGCTGAAGAGCATGGAG
1,GGCAGTGGAACTCCTTAGGAAATGTCTGGAGGAGGTGAGTA
1,GGCCCAGCCAAGGACTGTTCAAGATGTAGAGGTAAAAATTA
1,AGGATAGTACTGTCTCTTACATCCCTCATACTCGCAGCGTC
1,TTGGGAGGAAATTATTCCAGAAGATCAAAGAAGACGATTAG
1,TGAATAATAGAACTCAGGCCAAGGTAGCGGAGGAGCTGGGC
1,TTGCTATTGAACACCTGGACAAGATCAGCGATAGCGTCCTT
1,GTAGCCCGCGTGGCCACTGGAAGTTTGAACGGTCGTGTGCC
1,AATTGTATTTTAAGATGAAGATTTCGAAACAGCTGTCAAGA
1,GTGTGGACTGGGCTCAGAGAAAGGTCGGGAGGCTGCCACAA
1,CTGGACATATTCAGCATCAGAAACCCCGGACGCGCCTCATC
1,AGCACTACTACCAGGAGCTCAAGATCGTGCCCGAGGGCGAG
1,CCAAGAGGGACAAGAAGAAGAAGAAGGAGCGGAGCAACCGG
1,AGGATTTATCAATTATGCAAAAGTTCGGAAGATGCCAGAAA
1,ATTACTGATATTGCCGATCTATGGGCAGGTCAGTTTGCTAC
1,ACCCTGTTACACAAGAATTTAAGGTGAATACTGTTTAATTC
1,CGGAGAAGATCCAGGAGAAGAAGATCAAGAAAGGTGGGAGG
1,AGTTGAATGTATTGAATTCTAAGATCAAAAGCACCAGTGGA
1,GAATGATGTGTCGGAAGAAAAAGACCAGAAGAAACCAGAAA
1,ACGTGAAGAAGCTGGCGCACAAGCACAAGAAGAGCCGCGAG
1,CTGAGATGGAGATGATGAAGATGATCGGGAAACACAAAAAC
1,TCGGTAACCGCACCCTTCTTATTCATCTCGGAGCTACTGCC
1,AGACTCTTACTCTGGTTACTAAGATCATCTGTGCATGACGG
1,TGATCATCGCAGACTGCGGCAAGATCGAGGTGGAGAAGCCC
1,CGGAGCTCTGGAGAAACATGAAGTTCGGGACTATCTTCTGG
1,ACCGTTACTGTGAATGAGTGAAGATCCTGGAGGACCCTGGG
1,ACAAGTTTGTGGAGGATACAAAGAAGGGAGTGCACCAGAAG
1,GTTAAACTGTGGAAGGCTGGAAGATGTGAGAGGACTTTTTC
1,ACATGGATTACCTGAAATCCAAGATGGTGAAGGCTGGGTCG
1,AGCTCTTAACGCTGTGACCAAAGATGGAAGTTCTCTATAGG
1,TAACCGCAAATCTGAAACTTAAGTATTAGAGGAACTTTAGT
1,GATCCACATCCTGAAGAATAAAGGCCGGAAGAGAAAGGTGA
1,GAACACGCTGTGTGGCTGAAAAGTGAAGGCAAGAGCTGATT
1,AGAGCCCTGTAGCAACTTGGAAGACACAGAAGACACACGGA
1,GGGGCAAATTACCAAGGGCAAGGATGGGAAAAGCAAGTACT
1,TCATTGAGCTGAGGAAGAAGAAGATTGAGGAGGCGATGGAC
1,CCCATGTGTAGGTATTGAAAAAGTTTGGAAGCACTGATCAC
1,TTGCTGCCGGAAGATCTTGCAAGATGGAGGGCTGCAGGTGG
1,GCCCAGTGAACTGCAATGAAAAGATCGTGGTCCTTCTGCAG
1,TCCGTGTGGTTGACAAGGTCAGTGGAAGCTTCATGACGGGG
1,GTTAGTGACTGCAATGGACCAGGATGAGGAAGAGCAGACGG
1,ATACCTGCAACAACGGCCGGACTCTTAACCCCGATCCACGC
1,AGTTCAAGGAGGCTGAGCTGAAGATGCGGAAGCAGTTTGGG
1,GGGCGAGGCTTATCCATTGCACTCCGGATGTGCTGACCCCT
1,GTTATCCACCTGAGTTTTGGAGGGTACTGTGTTTGTGTGTC
1,GTCTGAAGAATCCGGCGATGAAGAAGGGAAGAAACACAGCA
1,GTTGAACTCAACAAACAGGGAAGATGAAGACACCCCACCCA
1,GAGTACAGAATTACAGTATCAATGCTTATCGCCATTAGTGT
1,GACTGTGAACCTGCTGGCCGAGTGGCTCATTCAGACAGGTG
1,CCAGGTTCAATTCGGACTGGAAAGGTCCACTCGCACCAGGC
1,ACACAGCTATCGCGAATAACAAGAATGGAGTGCACCTTATT
1,CTCGTGGACGTGGAATGCCTACTACGCGGACATTATTAAAT
1,GGCGTCTTGCGCCCACACTCACTTGGCAAGTTTCTGCAGCA
1,ATTGTCAAAATATCAGATATAGTGAGACAGGCGCCACATGG
1,CATATAAATAATGAACTAAAAAGAAAGGAAGAGCAGTTGTC
1,TCAACAGACTGTAGCTCACTAAGATCGGAAAGTATATATTT
1,TTGTAGGACTTCTCTACACAAAGGGTGGAAGAGCCACTAAG
1,ATCCGCTGGAAATCAGGAAGACCTCTCCGGGGCGCCAGCCG
1,TGAAGGAAACTGAATTCAAAAAGATCAAAGTGCTGGGCTCC
1,CTGCGCTGTGGACACTGAGAACATCCGCCGTGTGTTCAACG
1,AGCTGTCGGTGCCCAAATTCAAGGTAGGACCCCTCCCCACT
1,CTGGCTGCCAGGGACACTGGAAGATCGGGGACACAGCCATG
1,GAAAAAGACAGAACTAGACAAAGATCAGAATCAAAACACAA
1,ATAGACCCGGCTAGAATCTGAAGTGCGGGAGAGTGCTGGAC
1,CAGCAGTTGGTTTTGCGATTAAGATCAGGTATGGAAGCCCA
1,CTACGCACGTAATAAGCTGAAAATCGAAGATGAATGTCTGT
1,CAAGAAGCAAATCACCTGCAAGGATCGGATGGGCAGCAGTC
1,GGAGGGCACTCTTAGAACAAAAGGTATAAGTAATAGAAGGA
1,ATGTATTAAACTCTGTGAAGAAGATGGAAGAGAGCCTGAAA
1,ATTCGGACGCTATTCCGCGAAGGAATCGAGATAAAGATCTT
1,TGTAGTTCCCGTTTATACTGAAGGTGATGGGGGACGCACAT
1,CCTAAAAGTACAAGGGTAGGAGATGGTGTCAAGATGTACTA
1,TGAGCCACAGGAAGCTGAGAAAGATGCGGAAGATTCGCTCC
1,TCGGAATTGCTTTCAACGCCAAGATCGGAGGTATGGGAAAC
1,GCTCAATGAGAGACAAAGCCAAGGTAAGCTCACATTAGTGA
1,CCTGCCATATCTAGTGGACGAAAAGTTTAGCTAGGCTAGCG
1,ATGTCGTGATTTTGCTTCGAACAAAGATAGTACGCTCACGC
1,AGACTGACAAAAAGTACCTGATGATCGAAGAGTATTTGACC
1,TGGAGGTGAAGAAGTTTGTGAAGATCGGCCGCCCGGGCTAC
1,GCCTGGACCCTTGCTGCCGGAAGATCTTGCAAGATGGAGGG
1,TCAGCTCTAACTAGGCGAGGAAAAATCTGCGAAGTCCTGCG
1,AACTGAAGACTGGCTGTATGAAGAAGGAGAGGACCAAGCTA
1,GCATTGGCTTTTGATAGTCAAAGATGAGGAAGGGCATTCAG
1,GCAACAGCAACTCAGACAACAAGAGGAGGAGCACACTGCAA
1,AATCTTTGTCATTCACAGACAGTTGTTTTGCTTCTTCCTTA
1,CAAGGGCCACGTCATCTACGAAGGCAAGAAGGGCCACGTCT
1,CATCGGAGAAGGTGAAGAACAAGATCTTGGAGCTCCTCTAC
1,GGCTTGATTAGATCTGGTGGAATGGTGGGCGCGCCGGTCGA
1,AACCCACGCCTCCATTGGAGACCAGAATCCCCACCGCGGAG
1,GGAATTGAAATAACGTTGGTAAGGAATACATCGCGTCGATA
1,GTTCTGGCAGTCGTAACAATAGAAAGCGGTGTCAGTCGTGA
1,ATGGATGAAAGAAGAAAAGAAAGACGGTAAAAGAAATTGTT
1,GCTGGGCAGAGAAACTCTAAAAGGTAGTTGGGGCACACTTT
1,GACCCCGAAAAGAACCACGCAAGATCATTGCCACAGTGTTA
1,CAAAAAACGGGACCGAGAAGAAGATGAAGAAGATGCATACG
1,GACACGTGCCCAGAAAGTAGAAGTGAAGGAGGAGCTGTTAG
1,ATGCGAACCATAAAGATGGTAAGAAGGAAGACTGCGTGAAG
1,CTGTCAACTGGTGGAGGAAGAAGGTCGTGTAAGAGCCATGC
1,ACGTCAGAATCCTACTGACCAATATCCGAACCAAGAGCACC
1,AGAAATGGACGCTGTTGGCAAAGATGGAAGGGTAAGTGCTT
1,CAGCTAGCTTTGCACAGTTTAAGATGGAAGGAAATGCAGAA
1,GCCGCGTGAATATATTGTTTACGAAGGCAGCGGATATGCTC
1,CACGGTGCTGTATGACGTGCAAGAGCTGCGAAGGGCCATGA
1,GGAGCAGCTCTGAAGATGCAAAGGTAAGAGCTTAGTTAAGC
1,TTTCCTCCACCATCGTAGGAAACGTGCTCGTGGCTCCTCTC
1,GGGAGAGACACCGTCTGAACAAGATCAGGGCAAGAGGATCA
1,AGAGACTGAGCTGTGCATGGAAGGTCGAGGCATCCCTGCTC
1,AAGACTGGGATGAGCGGGCCAAGATCGATGATCCCACAGAC
1,TGTAGGGGAACTGACCGATGAAGATGTGAAGATGATCACTA
1,ATGCGGATGCCATCGTGGAGAAGATCGTGCAGAGCCAGGAT
1,GCTGGGAGAGCCGCAAGCGGAAGCTATCGGGAGACCAGCCA
1,TGGGATTGGGATTGAGGAGGAAGATCGGAAGCATACCTGGA
1,GAACATTCAGAAAGGACATGAAGACGCAGGAAGAGAAGCAG
1,GCGCTAGCAGGGCTGAAGAGAAGATGGAGGAGCTGGTGGTG
1,ACTGCTTGTATGAGCAACAAAAAATCAGAAAAGAGCCTTGA
1,AGATCGGACAGAAGATCCGCAAGATCACGGACTGGTGAGTC
1,TCGGATGGTAGAAATGCAGAAAGATCCAATGGAGCCTCCAA
1,TTTTTCTAGCTGAGGAGAAGAAAGTGGAAGCAAAGAAAGAA
1,CTCGAGTGCATAGTACGCGGACGATCGGTGGCGTGATAAAT
1,GCGGTTTTGGCTGTGTGAGGAAGACGGAAGAGACGGCGGCG
1,GGATCAGATGGATCCTGAGCAGGATCGGGAGATCTCAGACC
1,GCGGATCAGCGAGCTCGAGAAAGGTACTGGGGCCAGGGGGA
1,CGGCTGCTGGAACTGGAGACAAGATTGCGGGAGGTGAGAGC
1,TCGTTCGATATCTACTTCGTAATATTACGTCCGCTATCATG
1,GAAAGGATGGCTGGATCAGGAAGACCAGGAAGCACCACTGC
1,TGGGAACTGTAGACCACAAAAAGATCAGGAAAGTCACTAGG
1,TGAATATCAGAGAACTTGTGAAGATCTTAAAGAGCAACTAA
1,TGCTGGCCGAGTACCTGAGGAGGATCTGAAGAGGACAATGA
1,ATCGTCTGACATGATAATGTATTTTTGTCCTCTAAGAAGTT
1,AGTGTGAAGAGATCCTCCACAAGATCGTGAAGTACCGCTTC
1,TCTCCGTAGAGACTGTCAAAAATTGCCAGTGCCGACTATAT
1,AGCTAACCGAAAGAGAGTCGACTGCGAACGAGAATCTCGTG
1,ATCATCGGTCTGTGGCCGGAAAGATCCAGAAGCTCTCCAAA
1,GAGCAGCGTTTTGGTAGAAGATTAATGCAGTCTCTAGCATA
1,ATCTATGACATCTGTCGTAGAAACCTCGATATCGAGCGCCC
1,GGCCAGAACAAGGAGGCTGTAAGGACGGAGGAGTCTGTCTG
1,AGCGGCTCCCTATTAGATCTACTCTGCATCAAGTCCTACGT
1,CGAACTGGAAGAAACAATTAAAGTATGGAAGCAGCGGACAC
1,ACTGTGGCCTTTGTTCTAGTAAGATGGGAGCCACTGTTGTG
1,ACAAAGCGCCTTCCCCCGTAAATGATATCATCTCAACTTAG
1,AGTTGCTGTAGAAGAAGGAAAAGAGAGGAAGACAACACAAC
1,CTGAGAAGGATGCTGAACAGAAGATTGAAGAACAGAAGACT
1,ACTCCAAAGACTGCAGCTTGAAGATAAAAGAGAGCACTGCG
1,GTCGTCAGGAGCTCCTGGAGAAGATTACGGAGGGCCAGGCT
1,TTGAACAGAGTGGACTTGTCAATATCAGAGCAGAGCACCAA
1,AGAATGTGGCTGGAGCAATGAGGATCGGATGCACTCGTTGT
1,CGTCGAAAATTGAGAGGTCGAAGGCCGCAAGTCGACGAGCC
1,AAGCCCTCAAGCTGGATGGAAAGAACGTGAAGGCATTCTAC
1,GCCTGGAATCCATATATATAAAGTGAAGGAGGGCAGACCAC
1,CGTCTGACCCTCTGACTGTAAAGATGGGGAAACCGAGGCAC
1,GGTACCGAGCAACGCTGTATAGGGGGCTACGATTATTGGTA
1,ACAGCGCATGCAGACGACCTAGTGCAATTGCACCCATAGGC
1,GACTGCTTTGGCAGATCATTAAGATCGGTTTGTTCGCTGAC
1,CCGTCTGTTTTGTTCTGGGTAAGGAAGGCAAGAGCTATAGA
1,GTCATCACTCCTCACTGATGATGTGTTGTTGCCATGGTGAT
1,ATGCTCGAAGTAAAAAGAGAAAAGGTGAATGGACATTATTC
1,GCGTGGGCCATATGGAGCTGAAGGAAGGCAAGAAGCACACC
1,ACAACATGGAACTCATTAGAAAGATCTATAGCACTCTGGCT
1,TGGGCTGCATCCGCGTTGACAAGATCACAGAGTACCTGTGC
1,TTCTAAGGCGCGTCGGGGCTACATTGTGGTAAAAATTGGTG
1,ATCTGGAAACTGAGTTGGAAAAGATGGAAGCAAGGCTAAAT
1,AAACTTCATGACTGTTGATCAAGATGGAAGTGGCACAGTAG
1,AACGGAAAGAATATTTGAAAAAGAAACGGGAGGAGCTGAAA
1,AACTGTGGATCAGGAACCCAAGGATCAGAAGAGGAAATCCT
1,GAAGGCTGTAGGAAAGGACAACTTCACCCTGATTCCGGAGG
1,GCCGGCTCTACCTAGAGAACAAGATCCACACACTGGAGCTG
1,GGTGGACATACCTGCTGTGAAAGGTACTCTGTCGGTTAACT
1,TTCGAGTCCTGCCGCGGTCGAAGGGAGGTTATGATTAACTT
1,ACTGTTCCGATCTTGGATATAGCCTCAGCACACTTTCGTTA
1,TGCTGCATTAACTAATTTGCAAGATCGAGCACCTAGCAAGT
1,TGATAGGAAACTCTGTACAGAAGATCAGTGAACCTGAAGCT
1,GTTGTTACCGCCTCGTTTAGATATCCAAGTAAATGGGCGAG
1,CTGATCAGTTGGATTTGCAGAGGATTGGAAGGCAGCACCAG
1,CTTTGGGAATGAGAACATGCAAAATCAGGAAAGGCTGTAGA
1,AGGCTGTGGCTTCTGCAACCAGGACCGGAGGACACTCCCGG
1,CGAGGATCAGGCACCGCGGCACCAAGTAGCTTCTCCAAGCC
1,AGGCAATCCCCAGGGCAAAGAAGATCAGGAAGGAAGCGGAG
1,TAATGACCTATTGAGCCGTCAAGAAAGGGGAGAGTGAAAAC
1,GGAACCGGAAGATGTCCAACAAGTCCAAGAAGAGCAAGAAA
1,AGAACCTGATGTCAGAAATGAAGACCGGAGGGGCTTTTAGA
1,GACCCGTGGCTAGTGCAGGCACGATAAAGTCTCTTATTAGG
1,CCCTAAACCACGCAATAGCAATAGAAAGACAGACGGTGTTT
1,ATTCATTATGAATGAATATAAGGATCGTAAGATCACACGGA
1,GGAGGGCAGATTAGAACATGATGATTGGAGATGCATGAAAC
1,GGGGCTACAGCTCTGAGATGAAGACGGAGGACGAGCTGCGG
1,AGGTCTGCGGAAGGGAGCTGAAGGCAGGAAGAGCAGCAAGT
1,GGGATAAGAACCGTGATGGGAAGATGGACAAGGAAGAGACC
1,TGGAGTTCGAGTGAATTTGAAAGTTACGAAGAGCAGAGTGA
1,GGAAAAAGGATGATCCTCTGAAGGTCGGAAGATTTGGAATT
1,TTGAACTGCCATGTCCTCTGAAGAAGGAAAGCTCTTCGTGG
1,TGACCTCAAGAGAGCTCAGAAAGGTGAGCTGGGGGAGTGAC
1,ATTGAAAAGGACTCTGTTTGAAGAAGGAAGAAACTAGTGAG
1,GACCTGTGTGAACTATTGAGAAGATCGGAACAGCTCCTTAC
1,ATGAGGGATCCTGCAAGCAAAAGATCAAGAGGATTTGGTTT
1,GGAAATATAAACTGGTACGGAAGATCGGGTCTGGCTCCTTC
1,CTACTATCCAGCAAAACCACAGCCAAGGGAACGGGCTTGGT
1,TTATGGACTAGAACTTAATAAAGATGAAAGAGTTTCTGCGC
1,TGAAAATAAATTCTCAAATAAAGATAGATGCACACCTGAAC
1,GTGGATGTGAACATCTTTGAAAGGTTGAAAGGCGCCATTAA
1,CTGCCAATGCGGAGGACATCAAGGTGCGGCTGGGGGAGTGG
1,GACTGGAATAAAATCAAAAGAAGCTCGGAAGTACATTTTTA
1,CTTGTTTCCGCCTGGTTTTGATCCAGGGACCTTTCGCGTGT
1,CTATCAAAATTTGCGCGAGGAGTAGAGTTAGGCAAGAGCGT
1,TACGATTCAATCCACTTGTAAAGCGATCTGTTGTGCTGTTA
1,GGAAGAAGAACCGAAATGTCAAGATTGGGAAGATCACAGTG
1,TGGCCCTGCCAGAAGAAGCAAAGATCAAAGACGCCTACCAC
1,AGTACTGGATGAACAGATACAAGAAAGGGAGAATTCAAAGA
1,GAGAAGCCCTGACACACAGGAAGATCATCGCCAAGGGGGAG
1,CAGGACTTTAGGGGTCAGTAAAGACCGAGGAGCCTTTATTG
1,ACTGCAGCCCTGGCAAGATGAAGATCAAGGACCATATCACC
1,AGAGCAACCAGTAGAACAGAAAGGTCTGGAAGCAGCATTCT
1,TACTGTCTGGAGAACTCGAGAAGATGGGAATGGGCACTGTC
1,CGGAAATGGAGCTCAGAGCTAAGGTTAGTAAGGATCCTAGG
1,ACCAGTTGATTAACAATTATAATGGACTAAATAAAGCGTTG
1,AAGAGATTGTGGAAATGTACAAGGGCAAGAAGAGGCACGAG
1,AGGTCTGTCTAGAATCCTAAAGGCAAATGACTCAAGGTGTA
1,GAGAACGGGTTACTGTTGAAAAATTATGTACCTCATTACTG
1,CGAATTGGTAGCTCTATGAAAAGTGTAGGAGAGGTGAGTCC
1,CCTGTCGGTCTGATATCCGGAGAATTAAATAGCATTGCTGC
1,GAAAGAAACTGCAAAGGATGAAGAGGAAGAGCCTCCCAGCA
1,GCCAGGACTGTGAGGACCTCAAGATCGGCTTCAAGGTATGC
1,CTGTCCTGGAACTCCGGAAAAAGAACGGGCCCTTGGAAGTA
1,TCTTCACACACGTGCTGAGAAAGTACGTCTTCTTTGATCTG
1,GCGAGCTGGCTGGATCGCCGAGCGCGAGTGAGGGAGCCGAG
1,CGGTTTGGGTCTCTGAAGGAAAGGTATGTGGCATAGATATG
1,ACGGCGGCGCACAGTAGATGAAGATCCAGATGAGCGACGGC
1,AGGTGGCATTGAAGAGCACTAAGATCGGAAGATGAGTGAGC
1,AAGCGCCGGCCGTGTAAATGAAGATCGGGTGAGGAGCAGGA
1,ACGATCGAAGGCGCAGGGACAAGTTCAGAAGAGAGCGCAGC
1,AATCATTGAACGTCAGTGGGAAAGGAGAGCAAGAGCGAGCG
1,CAGGCATGGCTCAGAGCTTGAAGATTAGGAGAAACACATTC
1,AGTAATTGGCTGTGCTCTTGAAGATCAGAAGAAAATTAAGA
1,TACGATTACGTGCTATAGATAAATGACAAAGATGGCTGTGC
1,CTGAGCGTGGCTGTGTGACTAAGATATATGGAAGAGCTTTC
1,GGACTATGGCTCCGGCGAGGATGATGGGAAGAGCGACAAGC
1,TAATTCTAGGGTCTTCCCGGACCTCCAGGAACCATGGGTCC
1,TTATGGACTCCGTGGCTCGGAAGTCGGAAGAGCACTGGACC
1,CTGTGGGGCTGGCGTGCAGAAAGAGCATGAAGAGTACATGA
1,TGTCGTCTCTGGGACTGTGAAACAGGTAAGCTGGGTTCATT
1,CCGTCGGTGTTGGGGATGAGAAGATCGAAGACGTCATGGCC
1,CTCTCCGGATGGGAGATCTAATTGTTGAAAAGCCATTGGTT
1,GTGACCCGGAAACCAGAGTCAAGATCCAAGGTGACTTCCGC
1,GAACCTGAGCTTGGTTTAGAACGTCATGAGACAGGTTAGTT
1,CAGTGGGATACGGAATTAAGAAACTTCAAATACAGTGTGTA
1,GCGGCTACATCTAGAACTATAGCCCTGATCCACGCGCAGCG
1,AGGCTGGAGATGGATCAAAGAAGATCAAAGGCTGCTGGGAT
1,CCAAACTCTGGAGCTTTCGTACATGCCTTTATTCTCACCAG
1,GCTAGCGACACGGATTCTACAATCTCGGAGGACGGTATCGG
1,ACGGGAAGTTTGTCAATGACAAGAGCAGGAAGAGCGAGAAG
1,GTAATGATACTGAAGAAGAAAAGATCCATTGGAGCTTCACC
1,CCAGCCATTCTCCAAGTGACAAGGTAGGAAGAGCAGATGCA
1,AGCTGCAGCTGCAGAAGCAGAAGGTGGAAGAGGAGCTGAAT
1,TCAGGCCTGGAATGCTGACGAAGATCTTGAGCCACCCTACC
1,CGGTACATTGAACTACTTACAAGATCTGGAGACTATTACAG
1,TCTTGGAGCCTTCTGGATCTACAAAGCACAGTCCCACTAAC
1,ACAAACTGAAAGAAAAAGCGAAGAAACAGAAGGGTCGCGGC
1,CTCTGAGGATGATGGATGTCAAGAAGGGAAGGCAGAGAGAG
1,CTCTCTACGTCAAGGAGAACAAGGTGGGTGCGTGGGCGAGG
1,GTATTCGCTATTGTCGTTGTAGGTGGTGCTGTGCTTGGCGC
1,ATTTAGCGTGTTGTATGGATAAGTTTGATGCAAATATCATA
1,GGCTGGCTTCCTCTGTTCCCAAGATGGAAGAACCTGGGCCC
1,ACAGGGTCCTCTGCAGCTTCAAGATCAATGACTCGGTCACA
1,GTATCGAAGATTGCTAGTCGATTACAACCGGGAAGAGTCTG
1,GGGACCAGGACTTCTTCACCATGATCGGCATGGAGCACCCC
1,TATTAGATGGCCTTGTGGACAAGATTGGAGATGTGAAATGT
1,TCCGTGTGCCACCTCCATCCACTTCAGCATGAAATAGTTTC
1,AGGCTGAGCACTGGAAACATAAGAAGGAAGAATCTGGCCGG
1,TCAAGGCTGAGTCTGAGCACAAGAGGAAGAAGCTCGACGCG
1,GTCTACGGCTTAAACTTTGCAAGTAAAGAAGAGGCAACCAC
1,AGGACTGTTTTTGGACGTGGAAGATAGAGCAACATAGCAAG
1,AGACCACGGGGATCGTGGAGACACACTTCACCTTCAAGGAC
1,GATTTAATTTCGGCGATTTGACTCTTATAAGACCGCGTTAC
1,TTTTGGCTTTGTGCTATTTAAAGAATCGGAGAGTGTAGATA
1,TCTGATGTCTGTGCCGACAGAAGGTGGGAAGGCAACAATAG
1,ATGAGAATGATAACGTAACCACTCGAGATAAAAGCAATGCT
1,ACCAGGTGCTGAGTAATCTCAAGATTGGAAGCACAGCTGTG
1,TGTGCAACCTGAAACCCCAGAAGATGAGAGGAGTCGAGTCC
1,TGGAGAAACTGAGAAGCCTGAAGTGAGGAAGAGCATTGATG
1,CTGGCGGACTTGTCTTCTGGAAGTTCGGGTGAGGACGATGA
1,CATTCCAGAGAAAGAGGTAGAAGGTCAAGGAGCACATCAAA
1,GACAGGAGAAGAGCGAGAAGAAGAGGAAGAAGAGCAGATCA
1,AGATGGAGTTCCTGAAGCAGAAGATCGAGCAGGAGCTCCGT
1,TGATGCCGAGTTTGATCGAAATGGATGAGGGTAAGTTGGAG
1,AGAACTGAAGAAGCTATCAGAAGGTCTGGAAGGCACCAAGT
1,CCAGCCATGCTCAATGTTACAATCTTGAAATTAGTCTAAGT
1,TCTGACTTAGAGCTGAAGTAAAAGATCACTGAAACATCACG
1,CGGAGGAGATCTCTGAAGTGAAGATGGATGCAGAATTCCGA
1,CCGAGCCACATCGCTCAGACACCATGGGGAAGGTGAAGGTC
1,TATAGGACACCACCAGTCTGAAGATCGAGAGACATCTGATC
1,CTTCGAAGAGCCTTGAACATAAAACACAGACACCTCCTGTG
1,TTTGCTGTGGACATGACCATAAAAAAATTTCCCAGTAGGTT
1,CTCTCTGAAAGCCTTAAATTAAGGTACAGATATTATGAAAT
1,AAGGAAGGCAGCAGGCGCGCAAATTACCCACTCCCGACCCG
1,CTTCGGACTGCACGGTCATGAACATCGCAGAGCACTACATG
1,TAGGACGTAGCGAAAATGACACGGGGACGGTAACATGCTTG
1,GCAGGAGCTGTGAACTGATAAGAACCGGAGTTCATCAGAGA
1,ACTCTGTGCAGCTAACCAGGAAGAAGGAAGAGGAAACATTT
1,TATCATGGACTACTGCAAAAAAGAATGGAGAGGAAATACAC
1,CATCGAGCGACGGCCTGTCAAAGACGGTGTGTGTGTGTTCA
1,GAAGAAAGATGGAAATTCTGAAAACTGAATGTCAAGAAAAG
1,CTACTTGGATAACTGTGGTAATTCTAGAGCTAATACATGCC
1,AGTGAAACTGCGAATGGCTCATTAAATCAGTTATGGTTCCT
1,CGCCGCGTACTCCTTGTTTGAGTTGAGGTTGTAGATGTTTA
1,ACTTGGAGAAAGACCGCATGAAGATACTTGTAAGCACACAT
1,TGATAAGCTACATGATGGCTATAGTAAAATCGAATGAGAGA
1,CGCAGCGTGAGGCCAACAAAAAGATCGAGAAGCAGCTGCAG
1,CTGTGGCCCGGACGTTTGAGAAGATCGAGGAGGTGTCTGCT
1,AGGATGAAAGAACAGTGCGGAAGATCTGTGCTTTGGATGAC
1,CGTTTTGCCTTCTGAAATCTAAATGTTCACGTTTCTTTTTC
1,TACCTGGTTAAACACTTTGGAAGAGCGGATGAAGAGCACAG
1,GGAGAAAACATTTAAGAATAAGGTCAGAGCACACATTCAGA
1,GCTGTGCGGGCTGTAACCGCAAGATCAAGGACCGCTATCTG
1,GGCCTGGTCTTGTGGAACTGAACTTAGCTCGACGGGGCTGA
1,AAAGACCTTAGAGTCGGCTTATCTAAGCCACAGCCTAGAGG
1,CCCCCTATTCTCTTCCTCCTAGGTCAGTTCTTCCACTGCAC
1,GTTCAGCTAGTTCACACCACAAGGAAGGGAGACACAAGACG
1,AGTGATCGAACACCAGACAGACATGAAATACTAGACCAGAA
1,AGAGACTGCCTCTTAACATGAAGATCATTGGACAAGCCACA
1,AGGAAACAGCCATTGGTAAGAAGATCGGTGAGGAGGAGATC
1,CTCTGAGCACCAAGTCCAAGAAGAACAAGAAGAGCGCGTGG
1,ATCTAGACTGCAGAGCTTCTAAGTTTGGAGAGGCTGGGAAG
1,GGAGATCATTGTAGACCATCAAGAAGAGGAAGATATGAGAA
1,GACTCTGATCATGTAGACATAATATCAGATGGCACCAAGAA
1,ACAAGCACAGCGACGAGTACAAGATCCGGCGCGAGCGCAAC
1,ACAGTCTGGACTTCAACAAGAAGATCCTGCACACAGCCTGG
1,ATAAGATAGAAGAACTTAAAAAGAACAGAGAAGAGCAAGTC
1,GGAGCGAGGAACAGAAGAAGAAGAACCGGAAGAAACTGTCC
1,TTTGATAGTAGAAGAAGGAGAAGATTGGAAACATGTTGAAA
1,CACTGTAGGTATGGACAGGGAAGAAAGGAAGACCATCAATC
1,TACATCTTTTGAAACTCTACAAGATCGGTATTCCCCCTTCT
1,GCTCCAAGGACTGCACTGTGAAGGTGAGGACGGCCAGGTGT
1,TTGACAAAAGGACCATTGAGAAGTTCGAGAAGGAGGCGGCT
1,TGCAGAACCCGAAAGTTTGTAAGAGGAAGAGAGCGCGCGGC
1,CAAGCTGTAAATACTCTACTAAGTTTGGAAGAATCTTCTGA
1,CTGGGCACCGGCGGACAGTCAAGGTAGGCAGCGTGCAGCCT
1,TTTGTGAATATTGTTTATTAAACAATTACTCCGCCAAAGGC
1,AACGGACAGATACGGGGCAGACAGATTTTAGAATAGACTCG
1,TGGCCATGAAGGACCGCATGAAGATCCGAGAGCGAAATAAG
1,GGCTGTGGCACGAGGAAGCAAAGATCACAACATTCGTGCCC
1,TGAGGACGATGAGGATGACGAAGATGATGAGGATGACGATG
1,GAGCGAGCCTTGAAAGAGATAAAAGCGGAAGTTTGCCACAC
1,GGAATGAACATAAACCAGTAAAGATCGGACGTGATGGACAG
1,CTACTCTCTTGGAGGGCTGGAAGGTCGGAAGGCATCTGGCT
1,TAGGTCAGATGGGACAGAACAAGATCAATGCCACACGTGCT
1,GGGAGCTGTACCTCGCCAATAAGGACGTGGAAGGTGAGAGG
1,GATTGATAACTACCTCGTCGATATGAGCAGCGAGCTAGCGG
1,TCCGCACGAATTTTGTTGGTAAAACCAGCCGTGCGCAATTC
1,ATCAGGTCTCGTTCCCGCTCAAGATCAAGACACAGGCATAG
1,GAAGAATACAATGAGACGAGAAGTAACGGTGGAGCTAAGTA
1,GACCCTGGCTGTAGAGTAGGAAGATCGGACTTGGTCGGCTT
1,ATTCAGAAGGCTGGACAATCAAGCTTAGGAGGAGGGCACGT
1,TCCCAAAGGATATGCGAAGAAAGATCATGACAGGCAGTTTT
1,TTGTGCGCCGTCGAGTTTCAACCGCCTTCCCTTACGAGCTC
1,TGGAAAGCCAGTAGGACACGAAGGTGGTAAGTGCGCACGTG
1,GTGATATTATCGTTATAGATACGCGCAGCAGCCGCCGGCAG
1,CGTAGCGGCGCCAGATTAGGAGATGTTTGCAATAAGTCCGA
1,CCCTGCCCAGTGGAGGCGGAAAGATCGGCAGAAGCAGCACA
1,TAGGTGAGCTCTGTGAAACCAAGTTTGGGAAGACACACCCT
1,CGGGCAAGATGCTGATGAGCAAGATGAACAAGAGCCGCCAG
1,CAGGCATCGCAGGACTCATGAAGGTTAGTTGGGCAGGTTTT
1,TTTGGTTGATTTGACTGGTAAAGATAGGAGGAGGCACTTTT
1,AGCGATTTATAGATTTCTTCAAGAGGAACGAGCATACGTAT
1,GCGGAGACGGGGTGAGCGAGAAGAAAGGGAAGAGCCAAAGG
1,TACTAAAAATGAGACTGATGAAGATGGATGGACCACAGTAC
1,AACGTGAAAGTGAACCTGAAAAGAAAGGAAGAAATAAAAAA
1,GACTCTAGAGAAGATGCGAAAAGATCAAGAGGAAAGAGAAC
1,GGTCTTAATATAGAATCTCTAAGATGGAGAGCACCCTTTCA
1,GGTGGACGTCTAAGTTCCTGAAGACGAGAAGTGCAACTGCT
1,CGTTGAGGCTTCCAGTCAGAAAGGTCGAAGAGGCTTGGGTC
1,AAGAATCAAGAGGGACAGAGAAGATCGAGAAGCGTGAGTAA
0,ATCTTCCTAGATAACTCTCAACTTAGCTTTCTAGTTCCTAG
0,AGGAGGCCTATCAAACACGAACAGAGAAATCTCGTGAAGTA
0,TCTCCCACTCCTGGAGGACGAGCCTCTAAGACCCTACCCCT
0,CTAATTTTTTTGTATTTTCAATAGTGACAGAGTTTCACCAT
0,CTTCCACGAGGAACACCGAAACCCTTCTTTTTCCCTATCAC
0,CGCCACCCACCCCTTCACTCACACACACACTCTGACGCGCA
0,ACCTTTACTCCTGCCCTTTGAGTTTGATGATGCTGAGTGTA
0,CTCTGTAAAATGGACCAATCAGCAGCATGTGGGTGGGGCCA
0,TAAATTTTTTTACAAGGAAAAAGCCTTGTAAAATATTTTTA
0,AGCAGAGGAGGTGGCAAGGGACCACAGGGGACCTGCCCCAG
0,TTATTTTGATTATATGTTGAAGTGAAAATATTTTGGACATA
0,GCCTTCCTTGAGGTAGGCAGACAATACGCTGCATGTTTGGT
0,TTTTGGTTAATCTTCCCTGTATCATTCCAATTTTAGTGCAC
0,GAGAAAGAAATGCAGTCAAGAGAACAAGAGATAGAGAGAAA
0,GGATTCCCTTCCTTTTTAAGATTGCACAATAGTCCATTGTA
0,ATACTGAACTATACACTTAAAAATGGTTAACATGGGCCGGG
0,AAATAGAATACTATAAAACAATACACAGCAACAGAATAATG
0,ACCAAAAAGAAAAAAAAAAAAGACATGCTATAATGATGAAA
0,GCAGAGCTCTGAAGGGCGCGACATTTTCCACGCTGTATAAT
0,AAAATTCAGTTGTTTGGCTTAGAGATAAAAAGGAGATGATT
0,TTGAACATCTGGTGCAAAAGATGAAAACAACTGTGAAAAGG
0,AGTTCAGAGAACTGGTTGACAGGAAGAAGGATGCCCTCCTG
0,CTGAGCAGCTGGCATCATAGACACCTACCACCATGACCAGT
0,TTTCATTCTTTTCATCGACAAATAATATTCCATTGAATGAA
0,TACACACTGAATTTATTAATACAGCATTAAGTTTCTTTGTG
0,GTCCCCACCTTCAAGTCACCAATAAGTGATTTGAAAACAAC
0,ATAAAAGCACACAGAGAAAAATAAAAGAAAAAAATAAAACA
0,AGCCTGAGATCTCCTTGGTGACCCACTGTGTTCAGTTCATT
0,TCTTGATCTCTTGCTTTAATAGGAAAGCAACGGCCCTCCTT
0,GTTTTACAGTTGTTAAGTCCAGAGTGCTAACCTGCAAGCAT
0,CCACCAGCCTCCATATACACAGCCCCATTGTTCTCCTAGAC
0,GCGGAGCCTGGATGGAGCTCATCGGGCAGAGCCGAGCGGAG
0,CCCTCGTCCTGAGCCTGACCAAGAACCAGCTCCATGAAAGT
0,ACAGCACCCCTTGTCCTGGGAGGTGCCTGCTCCCCCACAGC
0,GGTCAGCCCTCTCAAGGTGAATGCTGCTGTGACATATGGGA
0,TCACCTAGTTTGATGTGTTGATCTTGAGTCTTACTTATTTT
0,GCCTAAGGTGCTATTTGGGCAAGGTCCAGTGGAAATCCTGA
0,CTGAAAAAGCAGGAAAAGAAAACCCTGGCATGTTAGTGAAA
0,AGGGCAGGGTTGCCCACGCTAATGCTGCATATAAAACAGAC
0,TCCACAGGACAAGACATAAAATACCACGACTCTGATTCTCA
0,AGAGAGTAATGAGTAGAACAATCTGTGTTTTCTGGAACACT
0,CTGTCTCAAAAAAAAAAAAAAAAGAAAAAAGTCCGGGTGTG
0,AACATAACTCTCTGGAGTATAAAACGGAGGTGTTTTGTAAT
0,AAAGGAGGAAAAAGTAAAGAATAAGCCAGGGGAAATCAGAC
0,AGATATTAAAAAAAGACGGAACCAAAGGGAGAAACAACAGG
0,ACTAAGTGAAAATATTTGCCAGCCCTGAGATGCAGTTTAAG
0,CCAGCTGGTAGTTGCCTGGGAGGACTCGGCTCAGTAGTGGC
0,CAAAGTGGTTGTAGCATTTTATATTCCCACAAAAGTTATAG
0,TGCTTTATCCTTCGTCTTCAACTTTAGGCAGACCATCTCAA
0,CATCCATCTTAAAGTTATAAATAGTGCCTTGAAAGGAACAA
0,ATGGATTTACCCCAAAGCTGATAACGCTAACGCTTCTGCCA
0,GTTTGGAGCAGTCAGTGTTCAATGCTACAGAGCCCCCTTGC
0,ATTGATACAGTAGGCAATGCAAGATTTGATCTCAAGGAGAA
0,GAACCTGGACTGATACAATAAGTTATTTTATATATATATAT
0,ATACTCAAAATCTCATTCCTATTCCTATTCCACTAGCAGTT
0,GGATCGGGGCAGGACTTAGCAGTACACACTACAGGAGATGA
0,ATGCTTAGTATACTACTATTACTGTATAATAGAAATAATCA
0,ACCTGCATAGGGCACTTACCACGAATGGAACTTACAAGACT
0,ACTGTCATTTGCTGAAAGTAATCTTTGGAAACATATTCTCA
0,ACATCTGAAAGAGAAATGAAAGGATGAGAATCAGGCATGGT
0,CAAAAGACGGGTTGTCTGCGACCCCCTGCTGAATGCAAATG
0,TACAATGATGAGTTTTGAAAATACATTTAGTGTTTCTGTAT
0,TGGCATGGAGCCCAGCCTGCAGGAGGTGCTCCTCTGGGCCG
0,GAGCCCTAGTTCTTTTTGTAATGAGTTGTTTGGCATGAGGC
0,TTAGAGGGCATATAAAAGGGAGCACCTCACTTGAATTTGGG
0,GAGGTTTCACCGTGTTGCCAAGGCTTGGACCGAGGGATCCA
0,ACATGCATCCTAAACTTGCTACCATTACCAGCCCTATGGTG
0,CTACCTTTCACCTGCTCTTGAATTGCATAGGGAAGCAGTCA
0,CGCCATTCCCAGAGCTTTTTAACAATGGTCTTGAAAGCCAC
0,AGTCGTGTCACTCTAGGAGAAGCGGTTTGTGTTGGTGGCAG
0,GAGGAACACTGGAGACCCTCATAAGTGCAGGCACCTCCCTT
0,ATAAAAACAAAGATTGAACAATGAAAAAAATCTAAAACCTG
0,AGCTCCGCCCTTGCGGCGCCATCTGCCCGGAGCCTCCTTCC
0,TGGCCTGTAGGTAATATTACAGGCTCTGCTGGGGTCATCCC
0,CCTGAAGTTTAGGGTTTGGAAACTTTGGCATCAAGGTGAGT
0,TAATAAAAGCCTGGCCCTGTACTACTCAATTTAAAAGCAGA
0,AATGAAATTAATAGAGCCAGAAGGAGCATTTGACAAAATCT
0,TTATGTTGAATAGGCAGGACAAAGGAAAATATTCTTCAAAA
0,TCTCATATCACGAACAGCAAAGCGACCTATTAAAAAAAAAG
0,CAGGTGACATTCATCTATCTAGTCCTACACGCCATTTTGGC
0,TCCTATTTGTGGCTTCAGAGATCTAAAGGGGGACAGATGCT
0,TCCAGAAAGTAACTTGAGGCACCAACAAGTTAAAGCACCAA
0,ACTTGTCCTATTTGTGTCAAAATGCCCTGAAGAACTGGCAT
0,GAGGGCAAACTGGCCATCTGAGGAGATAACCACATCACTAA
0,GAATACTCTCAAACCGTCAGATCTTATAACAACCCTTTTTT
0,TGTGTTGTCTCAGCTGGAAGAATTAGCACCAGTTTAAGTTA
0,TTATCAATTCAAATCATCTGACAGTAACGTGATCGATATAT
0,TACAGGTATCGGCCTACAAAAACAAAAACCAGTTATCTTCA
0,CCCAGACTGCCAAAAGAACTACTCAATTTAGAAGAATCTGG
0,GCCCGGGGCACGTGCTTGCCAGCGCCCGTCTCACTGAAGAA
0,ACATTAAATTATACACTTCAACCACAGGAATTTTGTGTTAT
0,AGTCTAGGGACCTTGCTGGGAGTTGAGGGGAAATTAATGAG
0,GTCCACTGGATCTAGATAGTAAATGATGTACTGAGAGTTAA
0,TGATCTGAGAATACAACAAAACTAACTTCTCTACACGGTAT
0,GAGCACCGACATGAGCCCACACTGGCGCTGTCACCGCGGAT
0,TACAAAGTGTAATTTTAAAAAATCTCAGTTTTAAATTAGTG
0,CCTCATTCCACAGAGTTTTGATTTTTTTTTTTTTTTTAATG
0,CAGTGAGCTATGATCATGCTACTGCATTCCAGCCTGGGCAA
0,CTACCAGCCTAGAGAATGATAAAGAGAGCTTATAAGCTGTG
0,GTACATTTTAACACAAACACACACTCACGCACGCACACATC
0,AACAGCCCCACTCACTCCTAATCAGTGAGCCAAAATCAAGA
0,TGAATTTCTTTCCAGAATTAAGTGTATAATGCCAGGGATAC
0,CAGAAACCCCAACTTTTCAAACTAAAGCTCCCCCTAAAAAT
0,GGGGGATCTGTGAAGGTTTCACTTGAAGCAACATCCTATGA
0,CACATGGACACAGGAAAGGGAACATCACATTCTGGGGACTG
0,GAACTTCGGAGCCTCGTGCTAGATTGGGTCCACGGCCGCAT
0,GTTTAATTTATAAATGAGGCACAGTAAGAGATTAACACCAA
0,TGTTATCCATACATAGGGGAAAGAAGCAAGCAAGCATGCAT
0,GGCATAGGGCATGACAACCCAGGGCCAGCCCTGGAACACAG
0,TTCTCCTGAAAGAGCCCCATATGTGACTGAGTAATACTCTG
0,CAAGACTCTGTCTCCAAAAAAAAAAAATATATATATATGTA
0,CTTTCCTGGATCCTCTAATCAAACCTTAATTCAGGTGGCTC
0,CCCTACTGAGTGACTTCACCATTTGTGTGGGATGGCAGTTC
0,TAAGTGAAAAATAAAAGTTAACTTTTTTTTTTCCCTGAGAC
0,CCCCTGAAAGAACAAGAGTTAGGAAAATTATCTAAGACAGG
0,ACCTGAGGTCAAGAGTTTATAAGACCTGCCTGGCCAACATG
0,CTTACAAGAAGAAATACAAGAGGCCAGGTGTGGTGGCTCAT
0,TTTTTTGCAACCACCCATGAAATCTGCTGAGTGTCTGGCTT
0,GGAAATACTGAATAAAATTGAGAGATTTACTAAGTTAAGAC
0,CACTTGAGTCCAGGAGTTCAAGACCAGCCTGAGCAATGTAG
0,AAAATATTAACATTTTCTTAAAAAGAAAAAAAAATTAAATA
0,AGCACTGAACCTTAATTCGAAAATTGTTAAAGCAACCAAAT
0,GTATCAGTCAGTCCAGGAATATCCTTCTCTCCTTAGAAGAA
0,ACTGCCCAGTTGCCCTCCAAAAAGGTCATGCAGTGTACACT
0,ATCTGTAACTTCCTTGAATCAAGAAGAAAACAAAGAGTTTT
0,AACTCTTTGGTTTTAAAGATAAAAAAACATGTTTCATCTGG
0,ACTTCTGCCATTTCCTAAAAACTCGGCCATAACATTATGGA
0,TGTGTGTGGTGGTATGGGGAAAGAGGGAGGGGAAAGGAGGG
0,GAGATCTCAAAATAAGAGACAGAGCCTGAATTTAAACTTAG
0,TATAACATATAAGGTGAGTGATGACTGGGGCAAAGGCCAGA
0,ATTCCCCCCACCCCACGCAAACCATCTGGGGAGGACGCTGG
0,TAGGATGCAGGTGGGGTCAGATAAGGGAATAAAAGCAGGCT
0,TCGCCCCAACTCCCTTAGAGATTTAGCCCCAGCTCCCCACG
0,ATATGTATTTAGGGGTCATTAGCTCACACAGATGATATCTA
0,AGAGGATGTGGAGAAATACAAATGCTTTTACACTGTTGGTG
0,GAAGTTTGTCTTCATTTTCCATTCTGTGGAACAATTTATGT
0,GGTGGGGAAGGAACACAGGAAATGAGAGGCCAAAGGGCCCC
0,CAGGAAATGAAATCAAGGATATTGGTAAGATAAAAAAATCA
0,ATGATGAAGTACTTACCTAGACCTAGTTTTTGGTTACTCGA
0,GTGAGGGTCCCCCGGGCAGCAGACGGGAACACCCTTGGGAG
0,CCTAAAAAAACAACCATTGAAAACATCCAGCTGCCTCATAC
0,AGGCTTTCTCAGCAGAGATGACAGGGGCATATGTGGCCAGA
0,ATTAAGAAAACGGAATTGAAAGTTGTTAATATTTGGTAGAA
0,GAGTGGGTGATGAGGCTTCAAGGCAACAGGGGCGCCTAAAG
0,AGCTAATGTGTGCACTAAGTAACACGGGTGAATCCAAACCA
0,GTATGTGGGAACAGCAATTAATTGTCATGTAGCGATAAGCT
0,ACTTTGGGGATTATGAGGACAGCTATGTGACATATTGCCAA
0,GCATCTGTGAGGGCCATAGGAGAGAAGCAGAGCTGGGCACC
0,GTATATGAGGTGATTAACACAGACCTTGGGTTGTTAGGGTG
0,CTTGCTATGGGGCTCTTAACACCCCACCCACCCTTGGTTTA
0,GATGAGGCTTTGGGGATTCTACTGCCGTTGCTGCCATTAGC
0,AGAAAGGGCGCAGCTCCGGGAGGCCAGGAAGGAGGGAGGCG
0,GAATAGAAATCAGGATGATCAAGGTGAAGAACAACACAATT
0,CACAAAAGCACAGAGAGATTAAGGAGCTTTCCTGAAGTCCT
0,TGGACTTAGCCTTGTTCAGTATTATATTCCTTAACTAGCTT
0,TAACTGCGAAGGAAGAAACTAGTTAGGGATGACAAGAACCC
0,AACAAACAAACAAACAAACAAACAATCAATCAGAGGCGCTG
0,GATTTTTCCAATATGAATTAAAGTATCTTATGATGTCTGAA
0,TAGTTCCAATATAGCAAAGAAAGAAACTCTAGAGTTTAAGA
0,ACCTCTACCAAATGTTTTTGAATAATTGAATACGGATATAA
0,TTTTATTTAGAAGCGGCATAATGTTTTTGTGACCAGAACTA
0,CCTTTGGCAGAATCAATCTGAGAAACAATGATGAAGTAGAG
0,CAACCCACACGCACAGACCGACCCGGGGAACCGCGGGAGCC
0,CTTCCCGAGTAGCTGGGACTATAGGCACGCACCACCATATC
0,ACACACACACACACACACACACCTCTCTTATTCCTGGCCAA
0,ACAACTATGGCTTTCTGGGAATGTACCACTAAGAACAGCTT
0,AGAGGATGAAAATAAGTTTCAGGAAAGTGAAACAAATCAGC
0,GTTGCCCTAGAGCTTGCAATATATATTTACAAGTCCATTTT
0,GGTCATAGAAGCAGCTGAAAATGTTATCTAAGACTACCTCT
0,CCCACCCCACTCCACGGCACAGACCTTTGTTCCAGCCAAAC
0,GACAGGTAAAAATTGTATATATATTTAAGGTGTACAAACTT
0,GAAACACCATGTATTTCACAATGAAATGAGCCTTATAAGTA
0,TGCCCTGAAAACAGTCATAAAATACATTTGAAAGTGACAAA
0,GAGATGAATGGGGAGCTGGAAAGGGGATGGAGTGGTAAGAT
0,CATTCCCGGGCCCAGTGGCCAGATCGTCCACACTTGAAGCA
0,CAAGATGACACTTTACCTACAGCAAATTTTTTCATTAATAC
0,CCTGGACACAGGTAAGGTAAATCAGGACACTGTGACCTCTT
0,ATTCCAGACCCCTGGCCGAAAGCGCGCTTCTCCCAAGCATT
0,AGCCATGATCACGCCATTGCACTCCAGCCTGGGTGACAGGG
0,CCTGGTTTTCTTCCTCCCTCACTGACCATTCCTGTCCCATC
0,CTGAGATGTGTTCAAGTTAAACCTTAAAAATGTGTCGTTTT
0,CTAAAATTGCAGACACTAGGACCATGTCTTGGTTTTTGCAA
0,TATTTTGGACTTAACCTCTTATCAGATATATAATTTGCAAA
0,CTTTGTAACAATTTGAATTGAGCAAGAAGCCTCCTGGCCAG
0,GCAGTGAGACCAAGGGAAGAAGGGACAGGACCCCGCGAAGG
0,GGTTGTTCAGGTTCTCCGTGACTGTCCTTCTGCCCTTCCAG
0,TGACCTGGTTCAGGAATCGGAAGGTCAGTGAGTTCATCTGC
0,AGATCTTTAAATCATGTCTGAAGCAAAAAGGCTATTCCAGG
0,TCCCGGTGCTCCCAGCCCCCATAATGCTGGGCATCCTTGAG
0,AGAGAGAGAGAGGGGAAAAAAATACCAAACCCTTGGGAAGA
0,AAAAAAAAAAAAAAAAAAAAAAAAAAAAGTAGCCAGGCGTG
0,AATACGTAGATTTATTTCAGAGAACATTTTCCGAATCCTGT
0,ATTTTTCAGCCACATTTCATAAATGTGGAAACTGAGGCACG
0,TGTTTTTCTTGCTGAAGTTAAAAAGAAAATATCTCTGTGAA
0,CAAGTTAGTCATCAGAAAGGACCAGAAACTGATTATGTATG
0,CCCATGTATGTCTTCTTTTGAGAAGTGTCAGTTCGTATCCT
0,ACACTCTGAGAATGCAGACCAGGCACGTCATTTTAGGCTAG
0,AATATATCAGTAGCATATTCACATCCCTTGTGATTCTTTGA
0,TTTTGCTTGCTTATAGTAATATGGCTCCCTTGAAAAAGTGT
0,GTAGTGCCCGCCTGCCTGAGAGGCTGTGAGCGCTCCTAAGA
0,GCAGGTGCTGTGAGATGTCGATTGGTGTCTCTCCAGAGCAC
0,AAAAGCACAGACATGAAAGGATGCTGAATGTTACAGTATTT
0,GCTTCCGCACTCTGAAGCTGACCACACCAACCTACGGGGAT
0,TAACAGTATGACTGAAAACAAATTATTTAGCCATCTTAAAA
0,GGTTCTGGTCCCCGCCTCTGAGGAGCAAATTGTGGATTCTT
0,GACTGTTGAGAAATCCAAACAAAACTTCCCCTAGAAGCAAT
0,TTCTTGTGATTGGTCAAGCAAGGCCCTCTTGTTTGTATTTG
0,CACATTTTGCTTATCCATTCATCTGTCACAGACACCTGGGT
0,AGGGCTGGAGAGAAGCTGGGATCTGAGACCTTGGTCTCCAG
0,ATGGACAATGTCCTGTTACCATTTTTTATTTTGTACAAAGT
0,GAGCCAAGTTCTTTAGCGTTAACTCATGGTAGGCAAAGCCA
0,TATAATCCCAGCCCTTTGTGAGGCCTAGGTGGGTGGATCAC
0,AGCAAAGCCTATGTTAGAGCAGAAGCCTTCAGCAATGCCTG
0,AAATTAAAAGATTGTAAAGAAAAGAAAATAGGTTCTAAGCT
0,TCTGCCTTCTGCTTAGAAGGATGTGTTACCTGAAAGACAAT
0,AAAGAGGATTGCCTGAGCTCAGGAGTTCAAGGTTTCAGTAA
0,CAGCTGTGGTGGGAAGAGTTAGGGCCAGTGTCTTGAAAATC
0,CAGGGCCCTGAGGGCTGCAGAGGCCGGAGGCTGTGGGTGCA
0,ATACTCCTAGATATTGTGAGATAAACCAAAAAGCGGGAGAG
0,TAAGAAAGGAGAATAAGCCAAAGAGAAGCAACAGTGGGGAT
0,AAATTGAGAAATGCATGCAAATCATTAGGAAAACACATGCA
0,GGTGGTCCGCCTCTCGTTGAAGTCTTCTTTCCTCTATTTCT
0,AGGCAGGAAAGACAAATTTTATTCTTCATAAAGTGATGAGC
0,TTCTGGGAATGCTTCAAGATACATCTGACCCAAACACCTGC
0,CCCGGAACCTGGGAATCAGAAAGAGAGAACACAATACTAAA
0,TTCCCTTGGCTAGGAAAGGGAATTCCCTGACCCCTTGTGCT
0,TGCTATCCTAAATGACAGTTACCTAGTCAATTGAAACTAGC
0,GAAAGGGAATACAGTTTGAGAAATATGGTAGTAATGCCAAT
0,TTTTTGTGGGGGTGGGGGCAAAATATGTTTTCAGTTCTTTT
0,AGACCACCTGTCCTTCGAGCAGGTGAGTAGGCCCCACCTTA
0,TGCAAACAAGGCGGAGGTGAATTACCGCCCCTCGTGGCCGC
0,CTTGAGCCTGGGAAGCTTCAACTGCAGTGGGCTGAGATTGC
0,AAACAAAATATAGAAGGAATATAGCTCAAAATAGTAAAGGC
0,GAAAATGTCATACCTGATGGAACCAATCTGTGAGCCTGATG
0,AGGGAGGTTTGGGGCAGAAAACATGATAACAGTTTACCATA
0,GAAATCCTGTCTCCACTAAAAACACAAAAATTAGTCAGGCG
0,GGCTGATGGATGCCATCTCTACAGAGGTCTGGGCCTTGTGT
0,CTGTCCCCGGGAGGTGCTTCACTGCCCCTTTCTTTACTGTC
0,CGTCCAAAAGCTTCCGGAAGAGCGGGCAGGGTCCTGCACAG
0,ACACTTGCACGCCACTGTGGATCCATGATGAGAGGCCAGGA
0,TTATTGAATTGCTGGTTCTGATACTTTTTAATGTGATTTTT
0,TAGATTGGGTTCTTTAATTTAGTAACATGGATTAAGTTTCC
0,CCATCTGGTTGGCTGGCTCAAAGCAAGCATTGGTGATCTCT
0,ATTCAGCAGCTGAAGATGCCAGTGATTCTCTTTTTACCTCC
0,AAAACGTTAAATGAAACCGGATGTCTAATCAAGGACTTGTT
0,TGAGGGTCAAAATTTATTTTATTTTATTTTATTTTATTTTA
0,GGCCAGAAAAATTGCAAGTAAAATAGATATATTTGGGCGTG
0,GGTGTGTGCCACCATGCACAACAATTTTTTTTTTTTTTTTG
0,ATAAGAAAAATGTGCAGTAGACGCTGTTTGTCCGACGATGA
0,CACACCCTAACCCTATAAAGAACTTTAAAAGAGAAAATTTC
0,CCTCAAACTCGGCTCCGCTCACTCGGCCACTGGTGGCGGCT
0,GGACCGTCCCCCGACCGGCGACCGGCCGCCGCCGGGCGCAT
0,TGAGCAACTAGAAAAATGTTAACATTAAGTGAAAACACAGA
0,TGTGTGTGTGTGTAGGAGAGAGAGACAGAGTCTCGCTGTTG
0,AACTGCCCATGGCTGAGCAAAGTTCCTGCAATGACTCTAGG
0,GCATGGCCCCCGAGACCTCCAGACCCTTTACTGAAGGCCCC
0,GCCTTACCATTTGTGTTCTCACACTCTTACACTCAGGCACA
0,CTATGAACCCTGTTGTTAATACCTCTGTGTTTCCACCAGTT
0,CTCGATCTCTTGACCTCGTGATCTGCCCGCCTCGGCCTTCC
0,GGAAGTTTTACCAGGGCCACATCTTAAGGTTTTACACAGTA
0,GGGTGACATTTTCGCTCGCCAGTTCCTGGCATCAGTGAGTG
0,AAAGAAGTATTAGTTCAGCCATACTCTGTACTGCCTTGACA
0,TTATGGTCTTTCTTTATTCTACTTATTGTGAATATTCATAC
0,CAGGAGTGCTGTGAGGTTTTAATTGGGTAATGGCTGTGGAG
0,AGCGGGAGGGCGGAGGAAGGAGAGAGAAGGAGGGCCCACAG
0,AACATCAATCTAATAACAACAACAAAAAAGACAAGAAATAC
0,TCTTCATTCAGGTTTCCTACAAAACTTCCATATAATTCTGC
0,AGATTAGGGAACTCAGAAATAAAGCCACCATCTACAGCCAT
0,ATTCTGTATCCAGCAAAACTAAGCTTCATAAATGAAGGAAA
0,TAATAGATAATGTTGCAATTAACATCTCTGCATAAAGTTTT
0,CAGGCCCCTGAATCTTATGAAGATGGCCTCTTCCTTTGCCT
0,CCCTTCTCAAAATGTTACGTAATGTAAAATTCCATTTACAT
0,GATTATTCAAGGATGGCTTGATTTAGGCACAATTAGGCATT
0,TGCATTCCAGCCTGGGCAACAGAGTGAGACCCCATTGCCAA
0,TTTTTACATTGCTGATATCGATTTTGGTTGAAGTGGCAATG
0,AAAAGATATTTTAGGAAGCAAAAAAGTAATCACAGTGATGA
0,GACTATCAGAGGCAAAAGGAACTTTAAAGATCTTTCTGTCA
0,GAGCTGTTTTCTTCTAGATCAGAGACTGGGGCATGTCAAAG
0,CATTCAGAAAACTTCAAGACATCACCATCAGCAGGCTCCAG
0,GTATTTGCTTGTTAAAGGAGACTCTGAAAAACTCTATCAAA
0,AAAATAATTGTGAGTATATGATGAAATAGAATGTAAAATTT
0,TCACTGAGCTGTTCTGACAGAGGCGCTGGCACCTATTGTGA
0,GTAACTTTGTTCAGTATTACATGTTTCTTCAAATGTGGCTG
0,CATATATATCTAATATACATATATGTAAATATTTATTTATA
0,TATATATATATATTTAAATAAGCATTAGTGTCTTAGAAATA
0,AGCTATATATTCCAGGTGTCAGCTGGGGCTGTGGTGTGTCT
0,CAGTGGGCTTAAAAATATTCAGTAAACCAAGCTGTAAACAA
0,GTGAAACCCCGTCTCTACTAAAAAAAAATACAAAAAATTAG
0,CCAAAAAATAAATATAGTGGAATGCAAGTTTGAGGGATGGA
0,TTCCAGCACTGTGGGAGGCCAAGGGTGGGTAGGTCACTTGA
0,TTTGTGATGGGTATTCCATGAGAGTGAGATGGATCTCCCAC
0,TAGAGGCTGGTCATCTGACTACGGCCTAATATGCCCATAAA
0,CCAGATTGAAAAAGTCAACAAAAGCAAAGGCTAAGGAAATG
0,CCCCAGCCAGTGACTGTCTAAAAGGAGCCGAGTTCCCACTG
0,CATGTTGCAACAAAATTTTAAAAACATATTATTTTGGAGAA
0,AGAACTACTCAATTTAGAAGAATCTGGAATACTAAGTATCT
0,AGAAAAAACCTCATGGTCTCAATATATACCAAAAGAAAAAA
0,TGCTTCTTTATTTTCTTATGAATTTTAGTATCAACTTGTAA
0,CAGTGGAATCCATTTTGTTAACACCGACAATTAGTTGTTTC
0,GGTGCCCTTATCTAGTACACAAGAATATAGACAAGCCAAGC
0,TAGAGTGAGCAAAAGTAATGACTATAACAATGTCTCCCCTG
0,GGCTACAGGGATTCAATTGTAATCAAAAGAGGCTCCAGAGT
0,CATTCTTAGCATGTTTCTTCACCTATCTCTATAAACCCCTT
0,AAGTGCAAAGAACACGGCTAAGTGTGCTGGGGTCTTGGGAT
0,TCCTATTTTAAAATTAAGAAACATTTTAACAATTTGGTATT
0,CCTCCCATTCTAGCTATTATAATGAAGGGATAAGTTGTTCA
0,AGTAAACATGTACAAGTTGTAAAAGAAGAAATAGCTTTAAT
0,CCAGGAGGAAATGACCTCTGAGCTGAAACCCAAAGGATGAG
0,ATGAAGCCCCAGGTTGTTTTACCTGTGCTTTTGACCAACCA
0,CAGAGGCAAACGTTGCCTCTATAGTACGGAGGCTTGCATTT
0,TTTAGTTGAGGCCACGACCCACAGGATGGAGTGGTTCCTTT
0,AGGTACTGCTATTATTTCCCATTTTTATAGATGAAAAGATT
0,TACATTTTTAAACATTGTGTATCACTTAAAAATTATTGTAG
0,ACCTCCGCCTCCCAGGTTCAAGCGATTCTCCTGCCTCAGCC
0,CTCACCTGCCCAACTTCCAAATGTGCCCTGTCCAGGTCCAC
0,AGCGCCCGTCTCACTGAAGAAGGTGTTGAAGGAGTCATCTC
0,GGAGCTCGTTGTTGAGGATGATGCCTGTCCGTGGTGAATAC
0,CGTGGTGGCTCACACCTGTAATCCCAGCACTTTGGGAGGCC
0,GCAACTTGAGTTTAAGTTGCACTGCTCCATACCTCTAATAA
0,ACATACAAATGTCAGAAATGAAACACACACATAGGAAAAAT
0,GCGAAACCCCATCTATACAAAACATACAAAAATTAACCAGG
0,CATAACTCATGTCGTATGTCAGAATCTAATTTAAGTACCTT
0,TCTACTCCAGCCTGGGCAACACAGAATACCTTGTTTTTATT
0,AAACAGAATTCTGTCAACTGAGAAGAAGAAAAATTTGTCTC
0,TTGCCTTTCTCTTCTCTACCACCGTTTCCAGTCTAACCTCT
0,GTCCCTACAAAAATTGCAAAAATTAGCCAAGGCAGGGTGGT
0,AGGCTGTGTTGTGTTACAACAAAATAAGTGCAGTAGTTCCC
0,ATTTGCTCATCTTGCCATTCAAACCCCTCTTATTCATGTTG
0,GTGCCCTCCAGTCTGCTGTTAACAAGGCTGTGCAAAAGGAA
0,TGCTGGCCAGGCCCCCTTTCAAGGCCTCAGTTTACCTGTGA
0,TGTTCGTGTCATGCGGATCAATCCTGCCCAAACATTAGTGT
0,TCATGATACGCTTGCGTCAGATGTTATCCTCTGAGGAAGCC
0,GGGGCCAGCCTATCCCTTGAATCCTTGGAGGAGATAAAAAT
0,GTAAGCTCCTTTATGATAGGATGTGGGTGTTTTCAAGGGAA
0,TGCAGGGTTGGAGGGGCCCAAGGGGCGCCCTGGATGTGGCT
0,CTCAGCCTTGGCCATGTGAGATGGTCAGGGCTCTGAGCTGT
0,TGTATTTCCTCTAAAGGTTTAGTGTAATACTGCTTGTTTGT
0,ACCCCCTCCTTCCAGACCAAATCGCCCCATCTGAGTGGCTT
0,GGGTGATGTTTGGTGGTAAAAAACCTACAGGCGTTTGGGGT
0,AGTTGACCCTTGAACAATGCAGGGTTTAGGGATGCTGGCTC
0,CAATGCTGCAGTTCCTGATGAGATCCCCCCTCTCGAGGGCG
0,AAAAAGAAGTTGGGAAATTGAACCATTCTCTTTCTTTTCTT
0,CTCTACCACTGTACAGGTGTAAAATTTATGTATTTATTTAT
0,CTAACTTTTATTATACACACAATGTGACTGGCATTATTCTA
0,CATTTTGAAAGCTCTCATGTAAGGCTGAAGCAGGAGATATA
0,ATTTTATCGGTTTTTAAAATATTTTCCAGTCTCAGGGCAAG
0,CTCCACAGCAACTCCATGAGAAGGGTGCTAATATTACCACT
0,CCTTACTTTGAGCACGTTTCAAACACTCTTTTGGAAGAATC
0,GTAGGTCTAGTTTCACGTAAAGCAAATATGTGGTTCTGTAC
0,GGTATTTCACTACAATGAACAGCTTAGCATTTTGACAACTG
0,CTTGAAGTAAAAAACAATAAAAAGAGACAAGATATATTAGT
0,CTGGGTAAAGGGTACATGGAATCTCTGTATTTTTTCTCAAA
0,GTGTGTGTGTGCACGTATGCATATGCCTCGGCCACAGCCCT
0,ATTGAAATATAATTGTATATATGTAGTACATAGTGGTGTTT
0,TTTAGTTTGAATTATGTGACAGTTGGCATGGCATAGTGGTA
0,TTAACAATATTGGACTTTCCAGTTCATTAACATGATACATC
0,CATCCCTGGAGCTCCAAGTGAACCCTCTGTGTGAGCAAGCC
0,GCCCCGGGAATCTGCTGGGAAGATGGCAAAGGAGCAGCTTT
0,GCCATCCGGTCAGCACAATGACCACATCTCCCTTCTTGAAG
0,CCTCTTGGATCTCCTTCTGAACCCAGGTCTCCAACTGATGG
0,TACCTTGGGTGCGTTTTCTCAGGACTTTTTAAGACTGTGTT
0,CATCCTCATGGTGCTTCATGAGGTCAATGGTGTAGATCCAG
0,AGCTCAGTCAGGTACTGGCAAGACAGCCACATTTGCTATTT
0,GCGATGAGAGGATATCACTTAATTGAGTAGGGAATGCAGTG
0,TTGTTTGCAGGCTAATCTAAACGAATCAAAATCTAGGTGGC
0,TAATACCTCTAACTTTATAAAGTGGCATTCGGAAGCAACTT
0,CAGCTAGGTGGCTTATTAACAATAGAAATGTACTTCTCACA
0,GAGATGAGGCTGGTGTGTATAAGAGAATGCATTCAGCTCAA
0,ATTCTGTAATATTTTACTTAATACTATGGAATCAAGGAAAT
0,ATTTTAAAGAGGAATGTCCAAAAGGAAAAGGGGGATGGGTT
0,TTGAGACTTATTTTTGGTCCACCTAAGTTATACCATTTACC
0,GGGCCTCTGCCCAAACCACAAAGAGTATCAACTGTCAGGAC
0,ATGGTACTCTGTAATCAGACACATTCTTACTTCTGAAGCAA
0,CTCTCTTGGGCCTACATTTGAGCACCTCCCTACACTGCCCC
0,TCCCCCTTTGGTGTGGATGCATCGCTGCACTCACCCTCCGT
0,CTGTTCAGGGATCGATCAATATGATGTGACTAAAAAACGAC
0,AGAGTCACTTGGTTAGATTCAACACACACACAGAGGCATGC
0,TTGGTGTTCCTCCCAGTACCACTTGTCACTTTTCTCCTGAA
0,GACCGCATGCGACCCCGGGGAGTTGTGGGTAGAGAGTTCCA
0,AATATTCAAAAATAAAAACCAGTTCATAAAATAGCTGAAAG
0,GAGGCCGAGGCAGGTGCATCACCTGAGGTCAGTAGTTCAAG
0,CCCTACATCTCAGTTATTGGAAGAAAATAATTATTGAGAAC
0,TCTTCCTGATCTCACTGAGGACCAACCTTTCGACATTCTTC
0,AAACCTCATTTTTACCTTATAAAGTGTTAAGTTTCACGTGC
0,TTTGCCAAAGAGGTAAAGCTATTTTACATTTTCATGAGCAA
0,TTATAGTGCTCACCTCGGTTACACTGTTCATTCACATGTAT
0,CAGGCAAACCCTTTTTGATTAGCTTCTGCAGCCAAATCCAG
0,TTTGTCTTGTTAATGTTCAGATTATATATATATTTCTCCCA
0,ACTGTTTAAGGCGGAACCCCAGCTGCCTGGGGAAAGGAGAG
0,CACCACACACACCACACACCACATACACTACACACAATACA
0,AGGACCAGGGGCATCTCTAGAGGGGCTGGAAGGACAAATAG
0,AGAGAGCCAAATCATGAGTAAACTCCCATTTACAACTGCTA
0,AAATGGGAAGCTCCTACTCCATGTAAGTAACCACTCAGTGT
0,GGACAGGACCGGTGCCGGTGAACCGTTGGCATCGCCCTCGC
0,CAGCTTTGCTGCTGTAGCAGAAAAACGGCCATAGACAATAA
0,ATAAGGCTATATAGCATAAAATGATGATGCATTTTCTCCTG
0,ATTATTCGTTCTGTACTGAAAGGTAGATGGAAGCTTGTTGC
0,GATTAGGGACCTAGGTAGACATTAAGTAGTGGGGTGGCTAT
0,AGCTCAATCCTCACTGTCTCACGTCTGTTAACCCAAAACTC
0,ACTCTGGGTGTTGTCTCTGTAGCCGCCATTTTTTCTTCTCT
0,TCAGCCAGTCACAAAAGGACAAATGTGATTCCACTTATATG
0,GTCAGAAATGTGATGCCAGAATGCCCACGGAATAAAAGTAC
0,AGAGGCAATAGCAAGTACAAAGGCCCTGAGTTGAGGACAAC
0,CGGGGTCCCCCAGCTTCCGGACTGGCCGCACCCCGGAGGAG
0,GATTAAAGACTTAAATATAAAACCCAAAACTGTAAAAATCC
0,AACTTCAATACAAGGTCAAAATCAGCAACAAGTTCTACAAT
0,CCCATCTTCCCAGGTGCAGAATAAAGGCAAGATCCATCACT
0,AGCTATAAATGATTATACTTAGTGAAGAAGGCATGTTGAAA
0,TGTTACCCAGACACCCCCAAATTCTTCTAACAAGTCTTCAG
0,GCCAGGGTGGTCTCGATCTCATGACCTTGCGATCTGCCTGC
0,AAAAGTGAAAGTTGGGAAGGAAGATTCTTCTTCTGCAGAAT
0,TCTCCCGATCTGAGGGTTGCACAGTTCTGTGGAAAAGCACT
0,AGATCAGAAGGTGGGAGGAGAGAAAGGTTGGTGTGTTCATT
0,GAGCACCAGGTGCAGGGTAGACTCTTTCTGGATGTTGTAGT
0,CTCTTGTCTCTTCTCCCTCCAGGACCTATTCCGCAGGGTGC
0,ACCTGTACATAATAGGTGCTATGTATATGTTAGCTAAGAAT
0,CTTTTTAAAAAATCTTTTAAAGTGCAGGGACCAAATTTCTG
0,TCAGGATGAGCAGCTATGTTATGTTGCAGTAACAAAAGACC
0,AATTAGCAATTTGCTTAAATATACCATAATTATGAACATTT
0,TGCTCCTGAGGGAAGTTAACAAAAGCCAGATTAGATACTGA
0,CAGCCTGGACTGTTTGTCTCAGAGGCGCATACGTTAACCTG
0,ATCCTACCTAAACAGATAGGAATCCTCTCATGTTACACACT
0,CATCCTGGCTAACATGGTGAATGAAACCCCATCTCTAGTAA
0,CTCAAAAACAAAAACAAAAAAAAGAAAGAAACAAAGAAAAA
0,TACCAACCAATCTTATAAACATCAATAATGTAAGTTGCATG
0,GCATAAGTATGATGTACATGACTTGGTAAATCCCCACATCC
0,TGGGAGGCCGAGGGGGGTGGATCACCTGAGGTCGGGAGTTG
0,AGAGCCTAGGAGTGCCATCAAAGTCGAAACCCACGATGAGG
0,TGGTTCTGCTAATTGATGTAAGAAACTACTTACATGTTTTG
0,TTAAAAACCCCAAAAGAATGACTCATTCCACTCTTTATTAA
0,CTTCCCCTCCCGCCCCGGCCAGCGTTCCGCACCTTGACGAT
0,CACAGAAAACTACACTAACAAATATTTGGCTTAATGGATTA
0,TCAGGAGAGTAAGGAGAGTAACTTCGAGGTCTGGAGGATCA
0,GGATTTGGCTCTGATCACAGAGTCAAGTGACTGAGTATATG
0,GGGCTTGGTGGTGCATGCCTATAATCCCAGCTACTCAGGAG
0,GGTTAAAGGAATTGCTAACTAGAATAACCAGTTTAGAGAGG
0,ATGAATGTATATCTGTATATATGATGAGGAATGAGATATTT
0,CCGGGCTCCGCCTCGGTGGCAGAGCTCCTGAGGCCTTCACA
0,CTGGGAGGAGAATGGAGTTCACCTTCTTCAAGGAAGACAGA
0,TATGTTTTTCAGAGCGACGAAGGTCCTGAACCAGAGGCTGA
0,GTGCCTGCTGTGAGAGGAACATCATCCCGACTGAGGGGAGG
0,TGATGCTGGTAATGATGAAAAACCGACAACTCCCGAGCTCC
0,CTTGCTGCAGTGACAGGCAGAGCTTTCAAAAATATCACATC
0,ACCACACCCGGCTAATTTTTATATTTTTAGTAGAGATGGGT
0,GCATAGCACTGTGTAGCTATAAAGCGCCAACGAAAAGGAAA
0,GGATAGGGGCCTGTCCAGGCATCCACATATAGAATATTTAC
0,CCAGCTACTCAGGAGGTTGAAGAAAGAGGATTGCCTGAGCT
0,GAAAGCCATGGTGCTAGCACAGGAGATCCAGGGTTTCTTCA
0,GGCCTAGGAATCTGCTTTCTACCAGCATCCCAGATAATTCT
0,ATTTCTCACCTAAAAGGCCCAAGAAAGAAAATCTGATTAAT
0,TTATTGTAGCACCATTTACAATAGCCAAGATATAGAATCAA
0,GGAAGGAACACAGTGGCCTCAACTCATTCCAGGGAGAAGAC
0,GGCACCTCTGGCCTCCCGTGACCCCCAGGCCGAGGGTCCCC
0,GAAAGGGCCAGGCTGCTACCAGCTGAGAGTAAAAAGGCTGC
0,GACCAGTTCATCCCCTCCTTAGGCAATTATGTGGTCCCCCA
0,GAGTTGTGTGAATTTGTCACATCTGCCCAGGTCCAATGTCA
0,GTAAAAAACCTACAGATAATATTATTCTTAATGGGAAAAAT
0,TAGGTTACCTTTTTTAATGAAGAGTAGTCAGTCTTCTAGAT
0,AACTGAATAAAATGTTTGCAAGTGTTTTAAGGAAAATGTAT
0,TCCCTGGATGATGGTAGAGGAGGGATTAAAAAGGCAGAGTA
0,TGCCTGGGTCTGTGGATTAGAGGGATCATGGTTTTTGCCTC
0,ATTAAGGAGATGGTTAATGAAAGTTCAGTCACTCAGTGGAA
0,TCATGCACAGATCAAGCCTAATTTTCCATGTGGCACCCCCC
0,GGTTTATGAATTGAAGAAATAGGATTATAACATCTTCTGGT
0,AGATTTTAAAAGATATACAAAGTATGTTCTTATTGCAACCA
0,TCCCCTTCATGAAGAAACCAACCACACAGCTGGTGATTCAG
0,TATAGTTAAAATGATTGAACATGGTGTCCAGGCTGGGTGGG
0,AGCTGGCTGGAAAGTGTGTAAGTGTGTGTGTATGTGTGTGT
0,TCAGCAAGGTTGCAGTACACAAAATCAATACATAAAAATCA
0,TCCCTATTCAAGACAAAAGCAGCTCTCAGGAGTACCTTAAA
0,AGAACTCCTGAGATTCTAGGATTCTACGTAAATCGCTGGTC
0,ATGGTGCCTGGGAAGAAAGAAAAAGCAGGTGAGGATAGTGC
0,AGGGTGGCCACCATCTCTGCAGATTGGTCGACTCAGCTGTT
0,CATTATTTAAGTAATTACTAAAATTATTAAGTGATTTGGGA
0,AGATTATACCAAATGAGATGATTACTACGGTGCTGTGTGTC
0,GAGTGAGTTACTTAACCTAGAAGTCACAAGGGACAGTGGCC
0,GGTCTCACTTGTGAAAGGAGAGGAGCTAGGAAAGAGATTGA
0,AACAACAACAACAAAATAATACAACAAAAAGGCGGGTCTCC
0,GCGTGAGCCACTGCACCCAGACCCAAATCCTTGACTTTAGA
0,CTTGTATCCACCTTAAAACTACCAGATATAAAATAGCTTTT
0,CCTGAGACCACCAGGCTTATAGTGTGTGGCAAAGCTGAGAA
0,TAGGCAAAGCTTGTCTGTGAAGTTAGGGCGTCAGCTACAAG
0,ATGATTCCTATTTTGTGCATAATAACATTGAGGCTCAGAAG
0,CATTCAATATCACTGTAATGAGAGAGGCATATTAAGATTAA
0,AAAGAATTTATTAGTCTACGAGGTCAGGTATTCATTGAATG
0,ATGCATTTCCCTGCCCAAACATTTGAGTATATCTTTGATTC
0,CCCTTGCCCCTCTACAGTATATCATCCACATAACCTTCTCA
0,GTGCAGTCCCAGGTCTTGAAATAGTGAAGTTCAGTTTCTAA
0,TAAAGAAAATAGATAGCTAAATATTGCAGTGTGAAGAAAAA
0,GGGGCTTTTGCTTCTGGACAAGGCTAAGATTTACTTGGATA
0,TCCTATCTGGCCCTTTACAAAAAACATTTGCCAATCCCTGG
0,CATTAGTCATAATAACCAAAAAGTGGAAACAACACAAATGT
0,CTTGTCTTACTTTCATAACCAGGAGGGGAAAAAAATCATTC
0,ACTTGAGATAATCCTGAGTTAAGGATGCTATGTTATCTTGG
0,GGTCCAAAGCTAGTGGCTGAACTTCAGTGTTCCAGGCACTG
0,ATTGAGCATAAGGGCCCTTGAGTAAGACTGTGTCTTATGCT
0,GGTTGGGGCGACCCCACGTCACCGCCGAACTGACCAATCCC
0,TAATTTAAGTAGTTATTTTTAATAATTAAATTAGCACTCTT
0,TCCCAGGGGCCACAACACCGAGGAGCCTTCCAGGGAAAGGT
0,AGCTCACCTGCAAAGCTGGTACTAACCGGCACATGCTGTCC
0,CCTGTCTTTATATCTTCCTAATCCTCATCCTACCACGTTCC
0,GCATATTTTAGGATCAGCAAAAACCCACAATGCCTTTGGCC
0,AAAATCAGTGAGGAACCCGCAGCCCGTTTAACACACTGGAT
0,ACTTGATGATACCAACCAAAACCTAATAAGATTTTTCTTGT
0,CTTCACATTTTTCTCTAGAGAGCCTGGCACTTTTTTTTCCC
0,AGGAAGTAAGGGTGATGAAAAGAGAATCTTGGTGGTGTCCC
0,GCTTGCCAGGAACCATATCAACAATGGCAGCATCACCAGAC
0,TTCAGTTTTGTGAATAGATGACCTGTTTTTACTTCCTCACC
0,CAAAACAGCAACAAAAAAATACTTTTCCTTAAATGTTACTA
0,CAAGCCTGAAAGTAAGCAGAAAAAAAATAAATAAAGAGCAC
0,CTGTGTGTCACTTCTCCAAAAAAGCCCCCACAGCTCCCTCC
0,GCATTCCTGTTTTGTATATGAAATTAGAGTTTAAATTGCTC
0,ATAAATTAAAGGTTCTGTGAATTTTACTAAATGCTTTTATT
0,AATTCCTATTAATTGGTTATAGTTGATGGTTTAATTTTTTA
0,GTTCGCAGTTTCTGACAGTGAAGGCTCGGAGCAGCCCCTCC
0,GGCATTTCAGCAACTGTATCAGGAATCAGAAGATTTAGTTT
0,ATATTTGGAATGACTATTAAAAAAACAACAATGTGCAATCA
0,TGAGAGAAGTGGGCCTAGATAGGCCAGGTGCCCCTCCTAGG
0,CCCGCCACACGCCACCCGTCACCTGCCACCCGCCCCCCGCC
0,TTGTATTTCCTAAGATTAAGATAGAATACTTACTGATCAGA
0,GCAGGGAAGCCTGGTTGGCGACTTTGACAGCCAAATGCAAG
0,CAAAAAAAATAAAAAAGTACAAAAAGTACTTGCTTTTATAT
0,ACTGTGCTAAGTGCCTTACAAACATTATCTCATTCATTCCT
0,TAAAAATGTCCAGTGACTACACATTATGCTGAGGATAAGAC
0,CATCAAGGTGAAGGACCAGGAGAAGAGGAGGCGTGTGGAGG
0,GCAGATGTCCATCAGGGGGAAAAATAACAGAACAGAAGGAA
0,CTGAGATCAATTCAAAATTAAGGGCATTTAGGACAAAATGG
0,AGCAAATGGACAGGAAAGCCAACTGTCTTTTGTCATACTTG
0,CTCAAGGGCTGGTGTTGAGTACCTACAGCTTTTCCAGGCAT
0,TACCTTAGGCCCTTATAGGCACCCGGCCCTGACTCCACACC
0,CACCAGGGATGTGGGTGCACAGCTGCTTGGGTGTGGGTGAT
0,AGAGAAATGAGGCACAGAGCATGTCTTTTTATGGGGACATT
0,TCATGTGGATTCAGTGTAGTACTTAGTGCATGGCAAATTCA
0,TGGAATTACAGGCACACACCACCGAGCCCAGCTAATTTCTA
0,CCTAGTCAATATATGTAAGCAGTTTAATTACCAGGGATGTT
0,CAACAGCTGGTCTCTGAGACAAACAACCAGACAGGCTTTAT
0,CGGTTGGGAGGGTGTAATTTAAAGAGTGTGAGAAACTAAAC
0,AAATATCAAAAGAATCAACTAAAAGAGCTAAAAGTGGTTTC
0,CTTCATTATTTCTTTTCAAAATTTCTTAGTTTTATGTATTT
0,AGAGGGGCCAAAGCTGGGCCAGAGGACCCACAGGCAAGGAG
0,CCGTCTCTATTAAAAATACAAAATTAGCCCAGCGTGGTAGC
0,TGGTGCTGTGAGGGAGACGAAGATGAGTCATGCCTGTACTG
0,TGAGAATCTGGAAAATCATGATTTTCTCATTAATTCCATAA
0,CTGACTCCAAAAAAAGAAAAAAAAAAAAAAAAGCTGGGCAC
0,AGCCTTAGAGGGGTGGTGAAAGTATTGGCTTTTAACTCTTT
0,AAATAATAGATTTTAAAAATAAAAATAAGAATTTGGAGGTG
0,CTTGAGTATTGTTGCTACAGACCTATGTAGATAATACTTTG
0,TGGGGTACTTCAGGGTGAGGATGCCTCTCTTGCTCTGGGCC
0,AAACAACTTCATGTGAACTTAGGTGTACTCTCTATGTTCCC
0,GTTCTGACAGAGGCGCTGGCACCTATTGTGACACAAGGTCC
0,AACCTGTTTTACACACATGCAATTGGAAATCCAGAAGAAAT
0,ACAATAATAATAATAAAGTGAATATACCTGGAAATAACTGT
0,GGTTGTAAGCTGCTCTCTTCAAACCCAATTTTCAGGCCCTA
0,GCACTTGTAAATAATTCTCCATGGCCAGCATAAAGCGGGTT
0,AGCAACAGAGGCGGAGCTAAAGGTCACGATGGAACATCAAA
0,AAGTTATAGCAAATTTTACTATTCCTTTTTTTTGAGATGGA
0,TCCAGGGCTGTGACTTAGATAGACATCACTTCGGGGACCTA
0,AGGAAACTGCTTATTTTTCCATTTAAAGATAGTTTTTTTCC
0,ACACACACACCCCTCATTCTAAAATACTTAGAAATCAGAAT
0,TATAGTATTGAAAAGGGGGAATATGCATCCAACTTGTGTTA
0,CTTTATTAAGACTAATCCAGAGATGTTAGTTTTGCATCCCT
0,AGAAAATGAGGGCTCAGAGAAGTTCAGAAACTGCCCAAGGT
0,CCGGGACTCAAATGTTAGGAAGTTGGGCACAATCCCAGAGC
0,AGATTTTTATTTTTTAAAGTACACAGCACAATCAATGTTTA
0,GGAGGAAGAGGCCAGGAGCCAAGGAACATGGGCAGCCTCTA
0,AAAAAAAAAAGTGTGTGTTGACTGCTCCGCCAACCGGCCTT
0,CACACAGCTCCCTTCAATCAAGTGATACCAGTCTCCCGGCC
0,AACCATAGTTTTGTATTTGCATAGAGAACAGATATCTTAGC
0,CTGAAAAGGAGTCGGCACTGAGGTCACAGAGTGAGTGCTGC
0,GTTCCTCCAAGGGGGTGTACAAGGAACAAGTGTTGGTTGTT
0,GGCAGACTGCCAAGTCCTGGAGAAATAGTAGATGGCAAGTT
0,TCTAATTCCACCTGCCAATTACCTGAGCTTTCAAGGTAAAA
0,CCCTAAATTTACTCTAATTCATTCCCAGGGTGGCCTTGCCT
0,AAAGCCCTAGAAGATAACCTAGGCAATACCATTCAGGACAT
0,TGACAATAGTAAATTTGGGCAAAGCCAATGCAAGCTTAATC
0,AATTTTCCCTAAAGGAACACAATAAACTGCACAGTAGTTGC
0,AATTCCTCCAGAGTACTGTTAAAAAAGTTTCTACTCTAAGT
0,TGGATGCCACAGATATGTGCAGGACACAGTTCCTTCTTAGG
0,ATCTTGAATGGTGGAGATAGATTCAAGCCATTTTGAGCCCA
0,CAAAACAAAATAGTAGTGATAAGGCCGGGCACGGTGACTCA
0,AGATTACAAGACTGCTTTCAAATAACAGTATCAAATATAAA
0,ATGTATGTGTACATACATTTAGATATATAAATTCCAAAGTA
0,GGCCTGTGCCTTGCTAGCTGACCTGGAGATGCTGCCTGGTG
0,TAGAATACTACTCAGCCAAAAAGATGAAATACTGATACATG
0,AAACCAGCTGAATCTTGATAAGAGAACTTTCTGGTGTTGTA
0,GTCTTCAGAGCTTATTGACAAGATATCAGAAAAAGGTGAGC
0,GCGGCTCTGCTGCCGCTCTGAGCTGCTTGGAAAGTTGATGG
0,ATTATGGCTTTACATTGAAGAATCAAGGCCTATAGTGATTA
0,GCAACCTCCGCTTTAATGAAAATGCTCTTCTTCTGAACAAT
0,CCCCCCAGCTCGCCCGACCCATCCTGTTCGTGAATAGGTCT
0,TCATCACCCAGAATCCCTCCATATACATATCCATCCCCAAA
0,AGGCTGGTAGGCAGGGCAAGAAGCCAAGGGCCCAACTTATA
0,GGCCACTGTTAGCCCCTACAAGCTGGCTTCTGTGTCCTTTT
0,CCCTTCCTGTCCTCCCATCCAACCTCTCGCATCATGTTGAG
0,TCAGCAGAATTCATCATTCTACTAATACATGTGATTACTCA
0,AATGAGTTATGTAATGAGGGAAACTCAGTATTACATTAACA
0,GATTATCCATGAATTGTTGAAGGTAGGTGATCAGTACAAAG
0,CATCTTTGTGATGCACAATGACCTCTTAGCTTCACTTGGCC
0,GCTAGTAGCGGAGAGAGTATATTTCTTCTTATGTTACAGTG
0,GGCTCAATATCCAGAAGGAAACAAGGCCTTATAAGAGGTTC
0,CACTATGCAAAGAACTCACCACAAGCCACCTTTTGTAGTGT
0,GTCCAGTAAGTAAAACTCAAAAATTAGTTCTTTAAGTAGAA
0,TGCACCCAGCACCATACCTAAAGAGATCAGGTACAGATTTT
0,GCCCACTTTCTTTTGAGCAAATCATTCCCATCTATTGAGCC
0,AAGCTGCGCTCTTGAGAAACAAATACATAAACAAAAATAAA
0,ACCTGTCCTCCACTTCTGTCAGGACTTGACAGCAAATCTGT
0,TGTCTGGCACGTACGCTTATATGTACATGTGTGGGGGCTTG
0,AAGACTTGCTCAGGAATGTAACTGCTACCAGCCTAGTGTGA
0,TGCAGTAACTGTGCTCAATCAAATAATTTGGTTATACAAAT
0,GAGAATCCCTTGAACCTGGGAGGTGGAGGTTGCAGTGAGCT
0,TTCCACCTGAGAAGGGCTTCAGAGCCCACCAGGCAAGGAAG
0,TGGCGGTGACACGGGTGGGCAGGTACAGGCCGTGCTTGGCC
0,CTTGAGCCCAGGAGTTTGAGACCAGCCCGGGGAATGTCACG
0,GTAGATCACTATATAACCAAAATACTTTTAGAAAAGTGAAT
0,GAAGCCCCCTCGCCACTTCAAGATGTCCTGCCTTTCCGGAC
0,CATAGTCTGTGCCACGTAGCACATTCTCATTTAACTTCCCA
0,AGAACTTAAATTAAAAAAAAAAAAGAAAATCAGTATATAGA
0,CTGAAAGGAAATAGACATGAATGAATGAATTAATTTTTTTG
0,TCTTCAGAAAATAAGGAGTGAAATAGGTCATTTTATGTCCA
0,TGACCCTATGAAATCACATGAGGGTAGAAGAGCCCCTAGTG
0,TACAATGCATTAGAAGTCTTAAAATTTAGATATTTCAAAAA
0,TCCAGCAGTGTGTCGAAATCATGGAGAAGCTTCCAGCTTTC
0,CCAGAATCGAACACCACTAGAACTACCCAAAAACTGAGATG
0,AAATGAAAAAGATTTTATAAATACAAAGCTTTTTAATTTGA
0,ACAAAAGCCAAAATTGACAAATAGGATCTAATTAAACTAAA
0,TGCTTTAAATATTTCACTTCACTCTCTCCTTGCTTGCATTG
0,GTGACAATTGTGTTGACTCTACAAATTGATGGTAAAACGTG
0,AAAAGTAGAATAGAGGTTGAAAGTGGGGAGAGGCCCAGAGA
0,AATTCATTAGCTGGGGCGTAATCAAATTGAATTTTATTCTC
0,TATAAAAGACGATTTTACAGATGAGGAAATACAGACTTAGA
0,GGGCTGGGCTTGGAGTGGGAAAAGTGAGTAGAAGAGGAGAG
0,TCTACCCAGCGTATATGCAAAGAACATTCACTTGAGCCTGT
0,AAATACTTTTTCAAAATGGAAAAATTTAAAAGCTGTCTGGA
0,GGACAGTGCCTAGCACAAAAATAATAGATAGTGGTGGTGGG
0,TTAATAGCAACTGGTACCATAAAATTTCTCTACCTTTGGTT
0,GTTGGGAAAGATTATTTTAAAACTTTTTTATAGAGACAGGG
0,AGCCAAGTTTGTTGAATGAAACCATTCATTCAAAGTACTGT
0,AAAACCAAAAAAAAAAAAAAAAAAAAAACGGGCTGGGAGCT
0,GTCTTCTCTCTACAGTAGGGAGTTACAAGCCTGAAAACTGC
0,ACACATTAGAGGCAAAAAGTATTTCCTAGGCATATAACTTT
0,CATAAATGGGCTGGACAAGGACTCCTATAAACATGGATGGA
0,GAAGCTACATTAGGAATATAATGCGGTGATAACAACAAGCT
0,AACTTAGCTATCCTGATTTGACCCAGTATTTTAGAAATCGT
0,TATATTCCCTAGATTTTTATATTACAGTCATTTTGGTGTTT
0,CTAAAATGCTCCAAAAATCAAACTTTTTGAACACCAACACA
0,CTGGTCCTCTTCACCTTTTAATCCTCATTCTTCTCTTTGGA
0,GTCTTATTGTTAATCTGGAAAATACACAATAAATGCATTAC
0,ACAGGATTCCTGCTGAAGATAGGCCAGGGTGATCAGTCATT
0,CAGCCACTTCAGGGGAGGGGAGCTGGAACTGGTTTGTCACA
0,GGTATGAGAAGATTGACTCCAGTTTTGAAAGAACTTCTAAT
0,TGCTCTTCTCCCAACAACACAGTCACCTAAGGACATGCTGA
0,ATATTATATGTCTTTGAATAACTTGCATATGTAAGGGCCTA
0,GGCAAAATCTCTAAATTTTGATGAAGTTCAATTTATCGATT
0,AAAGAGTACTTTTGAAATACATTTTAAAATACATTCTTGAT
0,TCCTAATTTCAAAGAGTAGAACATGTGAGTTGTGACCAGAC
0,GCCCTTTCCCATCTGTAAGGATTAAGAGTCGTTACTTGGTT
0,ATGTCTACAAGCTTTCAAAGATCTGGAAAGGCAGTAGCCCA
0,AGAGGAAGCTGAGCAGGGACAGCACGGGGTGGAAGGTCTGC
0,CTCTTTCGGGACATTGCCCAAGAGTTCTCTGATGACCTGCA
0,AACCCCATCTCTGGTAAACAAAAATACAAAATTAGCCGGGT
0,GAAATAATAAGCATTTAAAAATTTATGTAATGCTTTTTCAC
0,CTTTGGTAGCATACAAGGAAAGATCAGTTTTCTCTAGGAGA
0,TGACAGGGGCATATGTGGCCAGAGGGAAGTGGATGCGGGGA
0,CACCTAATCACAAGCCCCTGAGGCTCCTCTGTGTCCACAGA
0,CGGGTTCCTTCAAACTCAACAAGAAGGCGGCCTCTGGGGAA
0,TTGAGCACAGTCTTTGACATAGGATGACTTTGCACACACTT
0,AATAATAAGCAAACAAACAAATGATAAACATCACAGACTTT
0,TCAGGAAACACGCCTTTTCAATCATGAGTGCACCAGTGCTT
0,AGATGCAGTTCAAAAAAAAAAGACAGCTTCTTATATTAGTA
0,GCAGCTGTTGCAAGGTGTTCAGATTGTATAAACATAAATGT
0,GTGGAGGTGCAGAGAGGCTCAGCCGTTTGCAGGACAGTCTG
0,CATGGGGCGGCAGTCATGTTACACTCCTGCAGGGCACAAGA
0,GTTCAAGACCCATTCAGGAGATTCTGACATTACATTTATGC
0,ACTATATATAAATCTGAAACAACCTATTTAGTTTGAATATA
0,TCTACTTTTGCAGAAATTCCATAATAAAAAGTTGTAAAGAA
0,GCAAAAGCAGTGCTAAGAGGAAAGTTTATAGCAATAAATGC
0,GCCAGGCAGAAACACTCCTCACTTCCCAGACGGGGTGGCAG
0,TGGGTGCTGGGCACTAGCTGAAGCTAGACAAGAAGGCTAGA
0,CAAGGGGAAAAACAGTAGGAAAAGAACAGTAAAAGGAAAAA
0,TGGAGTATTGGACACATACCAACAGTGGGCACAAGATGAGT
0,GGGCTGCTTGGTGGAGAGCAACAGAAGGCTTTGAAGGGGAA
0,ATAATGTCAGCAGATAACAAAAATGATCTCTTTATAGAATA
0,AGCACTAAGTCTAACAAACAAGGATACAATGAATGTCAAAT
0,CACACTTGGCTAATTTTTTAAATATTTTTGGTAGACACAGG
0,CCCAAGGGGACCCTAGCTTCATGGGGGGCCTGGACTTCCCA
0,AAAGGATTTGTAAGTTTTCCAAGATCATTAGAGCATATTCT
0,ATTGTAAAAAAATTAAAAATAAAATTGGATATAGTTATGAA
0,TAGAAGGATCAAATTCAGATACAGAGATGCTGGCACTTACC
0,GTTTACTGTCAGTTTTCCCCACTAGAATGTAAGATCCATCA
0,AAACTAAAGAGCTTCTGCACAGCAAAAGAAACTACCATCAG
0,AAACTTGAAATAAAGGGAATATAATTTATGAAATCATAAGC
0,CAGTTCCCGCACTATGCTGTACCCTTTGTCACATCCACCCC
0,GTCCCAGTAATGTCCTTTTCAGCTACTTTCCCCCATTGGTT
0,CACAGAGAATTTACTATAAGAAATTACACAACACAGGGAAG
0,TCATGTGCCCAGCATTTATTAAGCACCTGCTGTATGCAAGG
0,GGCTAATTTTTTGTATTTTTAGTAGACAGGTGGCCTCACCG
0,CGGAAATAGTAAAATAGTTCAACATGTGCTGTTCAACTGAT
0,GTCTCGATCTTCTGGTCTTGATCTCCTGACCTCATGATCTG
0,GTCAGAGCAGTTCTTCTCTTACCTGTTTTATAAATTAGGTA
0,CCTGGTCTGCCTGGGCACCTACTCTGGGTGACTGGGGCAGC
0,TGATATCTTCTCCCTTTCTGACCCCCTGTCTGTCACAGTGT
0,GAATTTGTAATGAGAAGCTAAAAACTTTAAGGAATTTTAAG
0,CGTCAACTTTTCTGAGGGTCATAGCCAGTTTATGGTAAGCA
0,GCACGCTGGAAAGAAAGGACAGAGTTACTGGGTGCTCCCAA
0,CCCTGCTTCGCTTTAAAACAAACACCGCAACCAGCCCCCGC
0,CGGGCATAGTTATTGGCAGCATCTTCTTTGCCTGTGATAAG
0,GGTATCCCCCAGCTTAGAGAAAGGGGCTAAGGCAGACACAG
0,AGTTCTGTTTGTTACCTGGAATTAGGCAAGCATGTGTGTGT
0,CCTTATGTCTGTGGAATGTAACAGGACATGTATCAGGTAAA
0,AGTATGGATAACTTTATCATATTTACATATGAGTGATTATG
0,CATTTATAAGTTGTGAGGATATTGATGTAGGGAAATCCCAA
0,TGATCCTACACAATTCATGTAAATGAGAAATGTTATTTCAA
0,AACTTACAATTTGGTGCCAGATTTTCATCTTAGGAGACACT
0,GTCATTTTCTTTGAGTGTTGAATTATACCTCAGTGGGATTT
0,ATATCCTCAGTGCCTAGAACAATGTCTAGCACATATTATAA
0,GAAGTGGAGCTGTTGTCCCAAACCTTCCTGTCCTTGCTCCC
0,ATGCCTGCTGTCCTCCTCTAACCACAGATCTCAGCAGAGAC
0,TTTGAGAAACATAGTGTATGAAATATGAAAAAAAATATGTA
0,TGGTCCCAACTCTGGAGTACACCAGTTATCAATTAACTGCC
0,TAATGCCTCTTAGAGCCTAAAGAATCCGGCCAGGCGCGGTG
0,CGAAGAAATAAGTTTTTTAAAAGGCCAAAACACAACATTCT
0,CTTCCCATGCACACTACCTGAGGGAGTGAGAGTGACCTCAA
0,ACACATCCCCCATATAGAATATAGATCTTAAACAAGTTAGA
0,TTGATTCCTTTATAGTACTTATTACAACTTATAATTATTTA
0,TAAGCGATATTTGCAATTGTAAAATTCCATGCTTAGAGAGG
0,AGTAAAAGGAAATCATTTAAACGCTGGTGCTTCCCCACAAT
0,TAGGCATAGTTAGACATAGTAAACATACAAACCTGAATTTG
0,CTATATTTGATGAAACACAAAAATCATTGGCTTTAGCCATA
0,GCTTGTAAACCCCATGGCTCACAGCGGGTGTTTGGTAAGAA
0,CAATGAAGTGGAATTTCATCACTACTGTAAAGCAGTCCCTA
0,ACCTGTTAAGAGTATTCTGTAAGTCAACCCAATGATACACA
0,TTCTAGGTCTAGGGGCTTTAAGACTATTACAAGGTGATAGA
0,CATCCTTGCCTAATACCCCCAGTGAGTGTGCGCAGGGCCTG
0,GTTCAGCTGGCACTTCTTCCATGCCAGGGGCTGTGCAAATG
0,TGTAGTCATCACCATAGTCTAAATTTACCACATTTTTGCCA
0,CATGAAGAGGAGACAGCTGGAGAAGGGGACCCTTTAATTCT
0,CAAGGCAGGATGGGGACTCCAAAAGAGATGAGAATTAGTTT
0,TAGAGTATTGTATTTTAAATACAAAATTGTATTTTACAATT
0,TCGGCTCCTGAGGCTTCTGCATTCTTCACGTAGTTCTCGAG
0,TCTAGATTTTATGTGAAGATATTCCCTTTTCCACCATAGGC
0,AGCAGAAGTTGGGAAACATAACTTGTGGGAAAAAGTAACGA
0,GAGACACTGAGTGGGGTGAGAGTTATGAGGAGACACTGAAT
0,AATTCAAGTGATGTCAGAGGATGCTCCTGCTTCTCAGACTG
0,TTGTCTATGTCATAGATTCCAAAGCGTAGCTTCTGGACTGT
0,TGGCATCACAGGCATGAGCCACCATGCCCAGCTCAGTTTTT
0,ATACAGACACATACCACTGCACCTGGCTAGTGTATAACATT
0,GCTGGTCTCGAACCCTAGGCATAAGGCTTCTTCCCTCATTT
0,AGAAACGTTTAATAGAAATAAAAAGGTCTGCATAGAGCCGA
0,CTGGGTTGGAAGTCAGAGTAATAGTTAATAGTCAGGAACCA
0,CCTTTTTAGGAAATATTTTTAGCACAAGTAAGCTGTACTTT
0,CAAGTACTTCATTCGAGATGAGTTTCTGGTGAGTCGAGCCT
0,AAGATAAAGAGGCAAATGGAAAGTCTGAAATCCCTAGGGTC
0,AGTCCATTTTCTGCTGCTACAACAGAATACCATAGACTGGG
0,CGGAGTCAGGGAGGGAAGGCAACAGAGTGGGTGCTACCTGA
0,CCCCATCCCAGGTGGATTGAATCAGAAGCTCTGGGAGCAAA
0,ACCCTAGGTGAAGTCTCCCCAGGAAGCTCTGGACCCCTTAC
0,GTGTTTTCTGGGGATGATGGAAATATTCCATTCTGAAAAGA
0,CTGGCTACCAGATGCTTGTTATTCAAAGATTTCATTACGGT
0,ATCTTAAAAACAACTACTCAATATGACAGTGAGGAAACAAT
0,ACTGTCAATGATGATAAATTATTTGGCTCTATAAATCTCTT
0,GAAGGTCATCCTCATACCTTAACTGTCAGAGTCTGAGAATT
0,GACACCATTTCTTATTTGACAATGTTTCCTACATAATTTTA
0,CCACAGCTGCCCCTTTCCCCAGGTGCTCTGTCCCAGGGAGA
0,TTGACACATCATGTCACTTGAACCATGCGGAAGGTTTTACG
0,AGAAGACATGTATTTGGTTGATTCTAGGTGTTGATAGACAA
0,CTCTAGATGGATATTTTTTGAGACAAGGTCTTGCTCTGTCG
0,TATGACTTGCATTCATCCCAAAAGTCCTATAACTAAGGTCA
0,CTTCTCAATTTCTGCTCCACACTGAGGTGACTTTAGATGTT
0,GCAAAAGCCCTAACTACCTAATGAGTGAATGACAAATCATT
0,TGTCCTTAGCCCACTTTGTGATGGTATTTTTTGTTTCTTTC
0,GAAATCCCCAACATGGTTTTATGCTTTCTGGAATACATGTG
0,GCAGGATAATTAAGCCAAAGATGATAACACTTAACTTAATT
0,CTTACAGATCATTGTTGTGCATGTCAGTAATGACACCATTA
0,AAATGTCCTAGAGACGCAGAACCAAAGCTGGAGCTGGGCTG
0,ACATGGATGTTTGTACTGTTATTAAATTCTGTGTAATCAAA
0,GGGTCTCAGGGCACAGCCTGAAGGCAGGGGAGACGCACATC
0,TAAATAACAATATGAATAAAAAAATACAAATTTTAAGATAC
0,CCCAGTGCCTACGCGAATTTAATCCCAGAGCGAACAGACGC
0,GGGATGCGGGAATACAGGTGACCGTGGCCAGCCAGCACCTG
0,TGTGGTGAACAGCTCACAGAAGGATTACTTTGAGAAGATAG
0,ACAATTTAAATCTACTAAAAAATATTTCAAAAAGTTGCTCA
0,TGGGATTATTTCTAGAATGTAGTAATCTAGATTCTAGATTA
0,GACCACAGGTGTGCACAACCACATCCAGCTAATTTTTAAAA
0,CCAGGCCCCCTCCCCCCATGACACTGACGCCCATTCCCCAA
0,CTAAGAGCACTGATAGCCTAATATTCTATAATTATATCATT
0,GGAAGGTTTATAATATCTGTATTCATACTTGCCCAAACTGA
0,AGATGGAGTTGAAAGGATGCACATACATCCCAGGCAAATGC
0,TTTTGTTGATCTTTTCAAAAAACCAGCTCCTGGATTCACTG
0,TTCCTCCAGGTTTAAAAGAGACCCTGTAGGGCACCTGGTCC
0,GTTATCTTTTCTCTATCTTAATACTGCCTAAATTTTCAACT
0,ACTAAAGGAGGAACAGGTGTAGAGAAATGGAAAGAATCAAA
0,TACTCACACATTCAAGGAATAGATAGTAAGCGCCTGTTTTA
0,GGGTGATTGCCTAAAGTTACATGGCTAGTCGGAGCAGTCAG
0,ATAAGTTAACAGGAAACATCAGGTAAGAAATGAAGTAAAAA
0,AGAGGTGCCCCATGGAGGCCACTGGGTGACGGGCCCAGGGG
0,TTGATTTCATAAGGGCTTAAAGGGTTGCAACCCACAGCTGA
0,TTGAAACCAGCTGGACCAACACAAGACCTCATCTCTAAAAA
0,TGTACCCTTAAGTTAAAATGAGAAATTGTGTCTGTTAAGCT
0,TGATGTACACGTAGGTTCTCATCTGCAATGTGGTTCGCCCG
0,TAAGTCAAAAAGCATTTTTCATGTGTAATCACACAGCTAGG
0,GGTTTGAGACCAACCTGGACAACATAGTTAGAACCCATCTC
0,CATAGTGACAAGTTTGGAAGAAGGTCCAGCTATGGAGGAAG
0,GCCTGAGGTCAGGAGTTCGAAACCAGATCTCTACTAAAAAT
0,AAAGGCCAATCTTAGGTTTTACAATGATGATGTTATCTGCA
0,GAGGTTACCATCAAATGAACAGCAACGGCATCGCCTGTACT
0,CTACCAGTAATATAATATGTAAATAAATTTAAAAATCAGAA
0,GGCTTGGTGCTATCCTTGCAATAGTGAGTGAGTACTCATGA
0,GGCTGGGAGCAGTGGCTCACACCTGTAATCCCAGCACTTTG
0,TGAAGGAAAAAATCCAGCTGAGTGATAAAGGCTGAGTGTTG
0,TTTAAAGCCAGTGGCTCCAAATGTCAGGGAGCCAAAGGCGG
0,AGGAGTTCAAGACCAGCGGGACCAACATGGAGAAACCCCAT
0,GAATGAATTGAAATTGTGGAAAATCAGACACAAGCTCTTAT
0,CAAGAATACAGGATAGTCAAAAGCAATAGGTAAATCCTAAA
0,GCACACACACACGCGCGTGCACAATGACAACAACAAAACCA
0,TCTCCTGACTCTGAAGCAGGAAGTCCAGGCCAGCTAGTTCC
0,AGAAACATGGAGCTGTGTGTAGAGGAGACAGAAGGGGACAG
0,CCGAATATAACTTCATTTCAACTTCATATCCCAAACTTATG
0,ATTAAAGGAAAAAAATATCCAAAGTAGGGTTAGTACAGGAA
0,TGAGACTCCATCTCACATTAAAAAAAAAAAAAAAAGAAAAA
0,AGAGTCAGAAGCCCAAAGGAATTGCACTGTGGCAGCATCAG
0,TTCTTTATCTAGATCTTTAAAAGTGAGTAGATGTTAGTAGT
0,GGAAATACCAGTTAAAGAAGAGCACTTGAATTGATTTAGAG
0,TTATGCTGATATATAACACAAATGCAAACAACAATGAAAAT
0,TCATTAATTAAGAGGAAACGAGAGCAGCGGCAGTTGGTACG
0,ATGGATCACCTGACGTCAGGAATTCGAGACCAGCCTGGCCA
0,TAGAGGATGGGTAGAGTTTAAGTAATTGAAAAAATGTATCT
0,AGGACCCCCAGGCCTTGCCCAGCTGGGGTCCCCGGCGCTGG
0,GCGCAGTATCCCAGCGTTACACAGTATGGTGACTGTTACAT
0,GTAGTGGCTCAGTAATGACCAAGCCATGTTTGGTGTTGACT
0,TTATGGTAACAAAAGCAAATATTACCCCCAATCTGCTAAGG
0,ATTGCTAGATTTGTTTAGAGAAACTTTAAGTGATGATAAAT
0,AATGAAAGGCCACAAGGTTAAGATTATGGGGAGGACCTGAA
0,TTTCATTATATCCAACATATATTGCTTTAAATAATATATGT
0,CCCGACGCTGTTCGGATTAGATTGCTAATGAAAAGGCACAA
0,CGTAAGCCACCCACCCACCTACCAGGATTTTCCCGGGCAGA
0,CTTAAGATGGCAACAAAGTAAGAGGCATTTCTTCTAGCACT
0,TGCTCCACATCCTCACCAACACTTGGTATGTCAGTCTTTTT
0,TTATATACCTACATACATAAAACATTTAGTTTAATTTACAT
0,CTAAATGTAAATGAGAAGGTAGCCCCCTCTGATAACAGCAC
0,TAATAAGGTAGAAGAGAACCAGAAGAGTCTACAGTCATAGA
0,TTGGGCAGTTGGTGGAATTAATACACTGTCTTCATTAATTT
0,AATATGAATGTATACTTGTTAATGTTCCTATTGCAAAGGCT
0,ATATAACCCACGGTTGGCACAACATAAGCACCTCCTGGGGG
0,GCAGAATCAGTCAGTATGGAAACCGTGTTCATCTATTAATA
0,AGGTCATTGGCTCAGAGCTGAAGCACTGGGCCACATTTGCT
0,GAAGTCAGCTCTGCTTCTTGACTTGACTATACACTTGTCAG
0,TACAGGTCAGCAAAAAAAAAAAAAAAAGAACACCCACGCAG
0,ACTTCCTTTTATTAAACAGTAAATGCTAAACAATCCCTTAG
0,AGCTAAAGACAACTGAATAAAATGTTTGCAAGTGTTTTAAG
0,AATCCACCCCTGACTCTCCCAGCCAGACTAGGTGACTTTCC
0,GTACCTGCAAGATCATTTGAATTTAATATCAAAGGGCACCA
0,TAGAAAACACTGGATTCTATATTTAAAATTTCATTCAGTTC
0,GGCTACAAGCATCAGCTAACAGAACAGAAAGTTTTACAATG
0,AGTTTTTTTTTTATTTTTAAAAACAATTATGAAATAATTTT
0,TTGGGAGGCTGAGACAGGAGAATCGCTTGAAATGGGGAGGA
0,TGGTCAGTCAGAGGGTGAGAAGGAGGAACCAACAAAAGCTC
0,ATGCCCTGCTCTGAGCCCTCATTCCTAGTGAAGGTGGAAAC
0,AGCATCTATCATTTGGATCAAAGGGACGTCGGGCAGGTGGT
0,CCTCTAGCCACAAATTATTTACACTTCTTCTATGTGCAAAA
0,GAACTGTAGGTCATCATGTTAAGTTAAATAAGCCAGACACA
0,GGGAGGATTGAAGGCATGGGACGGACCCTGGAGAGGGTCCC
0,AAATTTTTCTATTCGACAAAATACCTCTATCCGAGGTAAAA
0,AGTCAAACATTTCAGTCATAAAGCTATGTGGATCTAAGGCT
0,CTGCTATGAATTATTTTTTTAAAATATGGCCATTGCACTCC
0,GAACCGTACTTAGTGAAGATACGAACATTTTAAACCATGCC
0,TACATGAAGAAACAATAAAAATAAGAACCAAAAAATGTGAT
0,CTCACACACTGATGATGGGGAGAGGAAGTGGTGCACTCTTT
0,TTTTGGGTCTTGGGAGGATAAGTTCTTGCTTGAGTAGAGAA
0,AGAGGATAAATCTCCGCAACATTGTTCTGAGTAATGATGTT
0,CATCTGTTAAATTTCATGCAATGAAGTATTTGCACAACTAT
0,TTCTAATCTGGATGCCTCTTATTTGTTTTTTAATTTTTTCT
0,CTTCACACAGGTAGAGCTGCAAGGGCCCAGGAATGCCCCAC
0,AACGAGAACAGGTTTGTGTTAAGATTTGAGTTCAACTTCTA
0,GTCACATCCCTGTCTCCTGCAGTTCAGTTGTTTATCCTTAG
0,GACCCTCTGGCCTTCATGACATAGTCTTTTAATGTGTTAAA
0,GTGTAGGTGACAGTGTGCACAGGTAGGTGACAGCTGTGTGC
0,GTCCCAAGTGCTGAAATTACAGGTGTGAGCCACCACACCCA
0,TTCAATTTTTTTTAAATTTTACTTTTATTTTTTATTTCACC
0,AATAATGGACGTTTTGATTAACTTTTCTATAATTATGATAA
0,AAATGCACCTGCTAGCCTCCAGGCCTGGTCCCTTTGGCCAA
0,CCCTGCTGAACTGGCACTCCAAGGCTGGGCAGCTAACGGAG
0,GTCTGAGAAGAATTCATGTTAGTTCTTTAAAGGTTTGGTAG
