Id,Sequence
1,TGTCGGACATGAAGAGACACAAGAAGCTGGAGGAGCAGATC
1,GGAAAGATTCAAAGGAAAAGAAGGCAAGTTGCTTAATTCTT
1,CGTAAACGAGCTAGTGGTTCACCGCAGGAGCACGTGCAGCT
1,TAAGGACTATTAAACTGAGTAAGATGGGAAGCCATTAGCAT
1,GGATTAGAGTAATGACACTAAAGATGGAGAGAAATAGTAAG
1,TACCGTGAATTTACTGGGTGAAGAAAAGAAGAGCACCTAAA
1,GGACGAAGATGGAGACGAGAAAGTAAAGGCGGGTTATTTGT
1,AGATCCAGGCTGCTCTGAGCAAGATGCAGGATGACAATCAG
1,CATGTAATAAAGGATTCACCATGATTGGAGAGCACTCTATT
1,CCTCAAGTGAATGCAGTGCTAGAAGCGGAGAGTCTAGGATA
1,TGAGAGTTCAACCGAAGGTAAAGAACAAGAAGAGAAGTCCG
1,TTTGAAAGGAGACCTGAATGAAAATGGGAAGAGCCATGCAA
1,CATGACCTCTGTGCTGAAGCAGGATCGGGAGCGGCTCCGAG
1,CTTTTCTAGACATAGGTCGGAGGTCAAAATCAGAATATCTA
1,TGGTGCTTCAGGTAGAGGTTAACATGAACCACGAGCTGCTC
1,ACTGCAAGCTCCATTGGCAGAAGAACGGAGACTACTTGTGT
1,ACTGCGCACACAAACGGTCCAACTGGTAGCACAACAATCGG
1,AAGATGGACTGCGGATGAGGAAGACAGTGCAGAGCAACAGC
1,TTGGACGTATTGGAACCCCAACTGCATCTAGGCCGCCGAGG
1,TGTTCAGGAAAGAAAACAGAAGGATCGAAAGGCACTCCATG
1,TTATAAACGGAAACCTGGCAAAGATCCTGGAGCACCAGATT
1,AGCTGGCAGTGGACACAGGGAAGGCCGAGGAGCCCGTCAAG
1,TAGAAGTCGGAATCCGGAAGAAGATCGAACATGACGTGGTG
1,AGTTGAAGAACTGAAGAAGAAAGATCAGGTGAATAGAAGTT
1,AAGAGATGCCAGAACACTAGAAGATGAAGAAGAGATGTGGT
1,AAGCATCTGGACGATGAGGAAAGAAGGAAGCGAAAGGTAAA
1,AGCAACAACACCAGAGCTCTAAGAAAGGAAAGCTTTCAGAA
1,CTGTATCAAAGTCTGGACGGAAGATTAAAGGAAGGGGCACA
1,ATGACCTACGGACGCGCATCAAGAGCGGGGAGACGGTCATC
1,AAACGGAAGCAGGATGAATAAAGAAAGGGAGAGCACATGAA
1,TCAGATGATGAAGATAAAGAAAGTGAAGAGGAGGTAAAATA
1,CTGTGACCCCAGCTACGTAAAAGATCGGGTAGAAAAAGTGG
1,CGTCTGTTCAGGATTTGAAAAAGAAGAGGAAGAAAACCTAA
1,GAGTAAGTGCTACGGGCAGGACGACATGGTCGACATGGAGC
1,ATGACAATGGTGTGAACTACAAGATTGGAGAGAAGTGGGAC
1,AGTCTGTTGCCAAGGACTCTAAGATCAATGCACGTCACTTT
1,TTTGGAACTTATCATGAGCAAATATCGGAAACAGATGTTAC
1,CAGATCAGTTGGCAGGCAGGAAGATAGGAGGACACAGAGCA
1,ATGCAGCCGGGCTGAGGCTGAAGCCTGGTACCAGACCAAGG
1,GTGCGTGCATGAACGAGACCAGGATCGAGGAGCTCAGGGCC
1,GTGGCAGCCTGGACCCAAGTAAGAAGGAAGAGATTTCATAG
1,CAAATTTGAACAGATGAAACAAGATAGGATCACCAGATACC
1,AGCGAAACTGCGGAAGCTGAAAGAAAAAGAAGAGTTAGAAA
1,GGGCGATGAAGAAGCAGAGGAAGAACAAGAAGAGAACCTTG
1,CCGTGTGCAATCCCAAGAACACCAAGCTGAGAGCCTAAATC
1,GGCTGGCTCAGAGCGCTGCAAAGATCAGAAGAGTGGTGAAC
1,CCTGTCAGATTTTGGAGCAAAAGATAAAAGAGCTGGATTCC
1,TACGTCGATCCACCGGTTCAAGACCTATCGATGCAGGGGAG
1,CCCCGAGGACTTCGTGGACGACGTGAGCGAGGAAGGTGAGG
1,CTCCGTCCTGTAAGCTCGATAAGGTCACATCAGAAGCACAG
1,ATGAATCAAAGTCTGAAAGAAAGATGAAGAGCCACCAGACT
1,AGAGGAAGTGTGAGGGTCTGAAGATTGGGGACACGGTAAGT
1,GGTGGGCAAGGTGATCCAGCAAGGTCGGCAGAGCAAGGGGC
1,CATCACTCGAGACGTAAATTATGGCTGAATCATCCGCTACC
1,TGGTCATCCGAGAGCTGAACAAGAATTGGCAGAGCCACGCG
1,TAGGCACCAAAAGATGATAAACTATGCCTGGGCAGGGCGAA
1,CAAAGTGTGTTCGTCCCTAAACCCATCACTGCTCCCATGGG
1,AAAAGGGCTGAGAAACACTCAAGGAGGAAGAGCTGAAAGCG
1,TGCAAGTACTTCTGATGTTCAAGATCGCCTGTCAGCTCTTG
1,AACTGGCAGAGAACAAGAAGAAGATCGATGCTCTCCTGGAT
1,AACCCCCAGCACTGCCACCAAAGATCGGAACTCCAACAAGA
1,TGACATGTAGTAAAAGTCTGAAGACAGAGAAGAGTGCATGT
1,CAAAAAGTACAAGGAGCGCAAAGAGAGAAGGGCACAGCAGG
1,CCGAATTGCTCGACTACGTAAAGAACTACATCTGGCCGGTC
1,AGAGCTTGAGCTCACACTCAAAGATCAGAGGACCTACAGAG
1,TCTGTTTGAACTCTCCGGTAAGGACTGCATCTGGTAATCTG
1,AAGTCGCAGAGCTGAAGCAGAAGATCGAGGACACGCTATGT
1,GGCAGGCTCTTCCTCTACCTACTGGCGTCTTAAGTCCTGGA
1,AGCTCCAGCAGAAGCTTTGAAAGATGGAGAAGAGCGGCAAA
1,TGCTGGCTTTTATAAACTCTAAGCGAAGGAGGAGCACTGCC
1,AATTGTCAGTACAAATAAACATGGATGAAAAGCAAGTGAAA
1,GGTCAACGAATAGGAGGTCGAGTCCATGTCGTGGTAGCCAA
1,GGCTGAAGAGGACGATGAAGAAGAAGAAGAAGAGATGATGG
1,TCAGAACTGCCACTGAGCTAAAGATGGTGGGGCCACATGCT
1,ACAGAATCGGACACAGCTGTAAGATTGAGGAAGAGTCACAC
1,GAACCTGGAGAACTTCAAACAAGGTACATGATAAAGATCCA
1,AAGGTGAAGTCGGGCCCCCTAAGATCAACGGAGAGGCCCAG
1,AGAACAGGCACAAGAACAAGAAGATTGGAAGAAATATATTA
1,CTTTGTGAACTACACTTTCAAAGATCGGTCACATTCAGGCC
1,GTGGAAAGAGAGCAAGGGGAAGGATCGGGAGTACACAGACA
1,TTAAGAACAAGATTGAGAACAAGATCGAGAGCATTGGTCTC
1,CTGAGATCTCTGTTGTTAGGAAGATCGATGGAAGAGCAGCT
1,GGTTAGCAGATCTATGTCTGAATGAGCCTCTTAAAAGCCAT
1,AACTGCAGGAGTCCGTCAGCAAGAAGGGGAGAGTCGGCTCA
1,AATTGAACAGCACTATTTTGAAGATCGTGGTAAAGGCAGGC
1,CATGATGAGATGGTCCGATAATGTGTTGTTGCCATGGTAAT
1,TTAATGTGAGAACATTTCTGAAGATGGGAAAGACAAATTAT
1,CTCAGGGTGCCGGCACCATGAAGATCTGGACTTCGGAGCAC
1,TTTAACGCACTAGTCGTCTAATGTAGTAAAGGACATGCAGA
1,CGCGCGGAAGTTTAATAGGCACGTTGGCGACCAGATTGAAA
1,ATTTCCAGGCCTTGGACAAGATTCGCTATGAGAGCCTGACA
1,CGCATGAATGGATGAACGAGATTCCCACTGTCCCTACCTAC
1,GTACCAATGCTCATAAACGAAAGTCGACCAGGATTGCCGCA
1,ACTTGAGAGGACCAGATGTTAAGCTCGAAGGGCCCGATGTT
1,ATGCAGAACAAAGCAACGGAAAGATGAACGGTAGCACCTTA
1,ACCGGACCGGGTCGGAAACGAAGAAGGAAGCACCGAGAAAA
1,TGAACTCGTCGACTTCTCAGAAGATCAGGATAACCAGGTAA
1,TACAGGATGAAGAACGCCGAAAGAAGGAAGAACAAGTCATA
1,TGGTGACCGATCGCCGTGGCACTTGAAAATGCAACAAGGAG
1,GTTTCGAAGCTTGATAAACTACAATGGGAGTTAGAATTCGC
1,TGTTAGTCGCTTAAACGGAGATGGTAGCGAATAAGCAGGCG
1,TTTCTCAGGTGGATGAGAAGAGGAAGGTGAGTGTGTGTCGC
1,TAGGCCTGTAGCTGGGAAGGAAGAGACGAAGACACAGGGAG
1,CAAGGACTCCGACACTGCCTAAGATCGGAATTGTGGGCATG
1,ACACGCGTAATCTTCGGAGGAGATGAATCTTGCGCAAGGAC
1,CGGGCCTGCTGTGTGTGGACAAGATCGAGAAGAGTCAGGAG
1,CCTTCGGGAGAGACTCAAAAAAGCAGAGAGGAGCACAAAGT
1,TTGCAGTGAATTGTGAGCAAAAGATCTTGAAAGCAAAAAGC
1,GTGTTCTAAGTAGAACTGCTAAGATCTGGAAGTACCACCTG
1,TTGATGCGATCATGAATTTCAAGAAAGAGGAGACAGCAAAA
1,TCCAAGTCGAGAACACTTGAACACACAGAAGGGAGACCCCG
1,CGGCCTTTTGGCTAAGATCAAGTGTAGTATCTGTTCTTATC
1,TGCCAAGAAATTTTCGCATTAGTCGGACCTGCAGAAGCTAG
1,CGGCTGTGGACTCCAAACAGAAGATCATTGATGCCCAGGTG
1,CTTCTACACGGACAGGCTGGAAGACAGGAAGGAGCCAGGCC
1,GACAAAGATATTGTTGCACTAATGGTCAGAAGAGCATATGA
1,TGAAACTGAAGGACAACGAGAAGAACCGGAAGCTCTTTGAC
1,TTCACTTGAATATATTGCAAAAGAGTGTGATCCGTCTGCTT
1,AGACAAAGAAGAACTACTATAAGAGGATAGAGCCCGCAGAT
1,GGATGTGAAGGAAGAGGAAGAAGAGAAGGAAGAGGAAAAGG
1,TCGCCTGCTGGGCCATACCCATATTTGCAGCAGGTCTCCAA
1,AAGGTAAGAACAAAGATCAAAGGAAAGAAAGAGACACTTTT
1,CGACGTGTATCGCTGCCGTCAAGATGGAGGGGCCTTTGTCC
1,GGAACTTTGATCTTCCTAAGAATTAAAGTTGCCAAATTATT
1,TCTGTCCGAACAGTAGCGACAAGCACGGCGCAGCTTGAGCT
1,TCAAGGGCAGTAACCTGTTCAAGTTGGAAGTGCGTCTTTTG
1,GTGAACAATATATGAGAAAAAAAGCAAGGATCGCAGTGATT
1,CTTTAACTTGGAAGGACCAAAAGTGAAAGGGAGCCTTGGGG
1,CCAGTGCGGTAACGCGACCGATCCCGGAGAAGCCGGCGGGA
1,TACATCACCGCCCCGACCTTAGCTCTCACCATCGCTCTTCT
1,AGCCTAGAGATGGGTATTAAACCCAGGAGTAGCGTTGGCAC
1,CAGCCTAGAGACGCTGACAAAGGAGCGGAGGAGCAGTCGCA
1,TGATGTGTGGATCCTGAGGAAAGACTTGGAAGAGACCAGCA
1,TGAGGCTGTTCCTGAACAGAAAGATCCGGATCCTGAGTTTC
1,TTGGAATGAGTCCACTTTAAATCCTTTAACGAAGATCCATT
1,TGCTGAAAGCCCGTGCCCTGAAGATCCGGGAGGAGCGCAGC
1,ACATGTCAAGAGCCTCTGAAAAGATGAAGGGCACTGTCTAT
1,TACGGGCAAAGAAACCTATAAAGTACCTGGAAGAGTCAGAT
1,TATTTGGAAAAGAACTTCACAAGGTGGAAGGACACATTCAA
1,TTGTAGGACATAATAATAACAATTGAATGTCTGCACAGCCA
1,GGAGGGAACGATAGGCCAAAAGCCTACAGCACCCGGTATTC
1,TGTGTAGAGATGGTCTGGGAAAGATGGGAGTAATTTGGTTA
1,AACAAGTAGCACTCTCTCAGAAGATCAGATGAGCCGTCTTG
1,GCAGCACGAGTCCCTAAGAAACGTGGGACAAATGTAGCAAC
1,ACAGGATGTGATTGTAAATGAAGATGGAAGAAATAAGCTGA
1,CAGACTTGTAGATAACCCCAAAGATGTGAAGATCGCTTGTG
1,AAATAAAAGAACTCAATGAGAAGATCACCCGACTGACTTAT
1,CCAGGGAATTTATCAGAGCAAAGTTCGGGAGCTGATCAGTG
1,GCAATTTCGCTAGAAGAACTAGCTGTTGCTTACAGTTTTTT
1,CTTCAGCTGACAAATACGTGAAGATCTGGGACATCTTAGGA
1,TTCAGTCAAATTTGAGGGCGAGGGATATACGTAGCGCGCTT
1,GCCCAGGACTGAGTGAACTCAAGATGGAAAGATGCATGTGT
1,ATTACTGGGAGATGTACTCAAAGATCGGCCCCAGGAAGCAG
1,TGGAGTTTGTGAACAAGATGAAGAAGGAAGGGAAGCTGATC
1,TTACAGATTGTATAACACTCACAAGAACCGCACGTGGCTTC
1,AGCACAACCCGAAAAGGAGAAAGATCACCTCGAACTGCACC
1,GGTAGAAGACTCAAAACCAGATACCACTGCTCCTCCTTCAT
1,GCTAGAGGCATGGAAGAATGAAGTGAAGGAGAAAGGCCACG
1,TTGGTTATTCTGCAGAATACAAACGCGTTAGGGCCAGTAGG
1,GTCGTTAGATGAACTCACTAAAATTTGGAAGATACAGGTAG
1,GTTCAGCTGTTGATGCTGAGATCCATATTTAGTTTTATAAG
1,TTCCCCTCCTCGACTGACTGAAGATCGAAAGAAGGCCTCAC
1,CTCGTGTTGGCGCAATCGTTACTATATGAGTAAGTATAATA
1,CTGAGATTTGTGATAATGCAAAGAAAGGAAGAGAATATGCC
1,TGGACTTGATGAAGAAGATGAAGATGAGGATGAGGATGAAG
1,AGCAATGTGTGCACAGAACAAAGACCAGGAGAGGACACAGT
1,ACGGGTAAACGGCGGGAGTAACTATGACTCTCTTAAGGTAG
1,TAGGACCTGAAAGGTGGTGAACTCTGCCTGGGCAGGGCAAA
1,AAACCTCTGGCGGCACGCATACTCGTCAAGCATGCGCTAGC
1,GAGTTTGGACAGGATTCTTAAAGATCGGAGAAAGGTATGTT
1,AGGCAAGACTGTGGAAGTTAAAGTAAGTGAAATTTTCCTAC
1,TCGGAAGGACCGCTGCGAACAAGATCAAGGAACAGTGAGTG
1,TATTCAAGAATGAATAGGATACTGTCCAAATCGAGCAAGCG
1,ACTCTGTAGGCTGATTAATGAAGATGTGAATGAGCAGGTTA
1,GAATAACTATTAAAAAAAAAAAAAAAAAAATCCGCAGGGCC
1,TCATTCACGACACAGAAACCAAGATGGAAGAATTCAAGGAC
1,ATTTATTGTGAACACTCTGAAAGACGGAAGGTATGTGCTGT
1,GCTGAAGCGGATCAAGACAGAAGACGGCGAGGGCATCGTCA
1,GGAAACTGAGGCTCAGGAACAGGATCGGAAGCCGGTTTGAC
1,CAAAAGTGCCCTCCCAATATAGTTCAACAAAGAGCCCAAAA
1,AAGGCGACTCTTCTACAGTAAGGGTATGTTCTTCGGTAATA
1,TAGAAGGCTATGGCAGCAAGAAGATCGATGCTGAGCGGCAG
1,TGGTAAAGGAATATACTGGGAAGATTGGAAGGCACAGACTG
1,AGCTGATTCTGCTGCAGAACAAGATCCGAGACACACAGCTG
1,AAGGACTTCGGGTGTTTGACAAGGAAGGAAATGGCACCGTC
1,CAGAGGTAGAAATGGTACAAAAGATGAAGAGCACAGAAGCT
1,AAAAGACTGAGAGCCACCACAAGGCGAAGGGCAAGTAACTA
1,GCATTAAATACCGTCATAAGACAGGGCGCACTGCTCGGCGC
1,AGCCTGTGCTGATGATGAACAAGATGGACCGCGCCCTGCTG
1,GCACCAAGAACTGGACAGAGAAGATCTTGAGGCAGACAGAG
1,ACAACTCGGAGTGAACAATGAAGATTCAAAGGTAAGAAATG
1,ACTTGTAGGACTTTGACTGTAAGATGTGAAACCACGTTTCT
1,TACTGCGGATTGAACCTGAGAAGACGCGGAGCACGGCTGAG
1,GACTCAAGATCAAGGACCAAAAGAAAGTGGAGAGACAGTTC
1,AGGCGTACGCTCGTCGTTGTAGGGGGTGCCCTAAAGCGAGA
1,CTGTAACAACACTGAGAACAAAGAACGGAAGTCCTTCCAGA
1,AGACCGACTTCGACAAGAATAAGATCTGGTATGAGCACCGG
1,TGGCTGAACAACTGCTAGAAAAGATCCAGAAGGAGCCCACA
1,TACTGTGGAAGGTGGACTTGAAGGTCGAAGACATGAACTTG
1,AGACAAGACTCTGCGGAAGAAAGGTAAGGCCTAACAGGCTG
1,TACACCGATATCATTGGGCGAGCACACGCCATGGCGGAGAG
1,GAGACCGGCTGTTGCTAGACAAGATTAAGAGCTATTATGAA
1,CATGTGTTGCTACCATGGTAATCCTGCTCAGTACGAGAGGA
1,CGTGGACGACATAGATAAGTATAAATGAAGGGAGTAAGTTA
1,ATCTGAAGAGCAAGATAGAGAAGATGGGAAATGTCATAAAA
1,CTCGTTGAATTCTGTATTGGATTATGGAGGCGCGAACCTGC
1,CAGGAAATTGGCTGACAGCAAAGAGCGGAAGGAAGAAGAGG
1,AAGAGGCGAGCCCTGCTGCAAAGACCAAAGAGACACGTTCT
1,CATGGAATCATCAGGAAGGTAAGGAAATAGTAAAATACTGA
1,TTTTTCTTTGCATTCCCAGAAAATATTTACAGATTTGCAGT
1,TCATGTAGTTTTATTCTGACAAGATTGGGAGCACTTTGTAC
1,AATCGAGGACATTGATAACGAAGATTGGGAGAACCCTCAGC
1,CTACGTTTCTTGGACGCAGAAGCACCAGGAGGCGCCACTGC
1,TTAGTGACTTTAAGTCAAGCAAGTACACTAAGGCGACAAGC
1,GGCCACTGGAGCTGAGGACAAAGATAAGAAGAAGAAAGAAA
1,GAAGAAGCTTGGACCTAAGAAAGAGAAGAAGAGCAAATCCA
1,AAGAACGTCAAACATCTGGCAAGGTCGGAATGATTTTGCGA
1,TTGTTGCATTGCTAGCTGAGAAGAGAACGAGAACATTTGGA
1,GGTTGGGAACCAGAACATGAAAGATCGTGATGCCATGCTGA
1,CTTAAATTCAGCGGGTCGCCACGTCTGATCTGAGGTCGCGG
1,TGAGGAGTGTCAGAAAGCGAAAGACCGGATGGAGAGGATTA
1,AGACGTCAAACTGGACTGGGAAGATGTGAAGACTGCACAGG
1,ATATCGCGCTTCGGATGAACAGCTAGAAAAATGATCGAGGC
1,TCAGGAAGAAGAAAGACCTGAAGATCAGGAAGAAGTAAAGC
1,GATGTGACTTGTAGCTCATAAAGATGGAAGATGAACCACCT
1,ATGTAGCCATGACTCAGATCAAGATACGGAAGAGCCCAGCA
1,CGTAACGGGGAGAGAGAGAAAAGATCTCCTCAGGACCTCGG
1,GCCAATGTTGGTGCTGGCAAAAAGGTATAGTTCATTAAGGA
1,ACCTTCGATCTCATGATGCGAGAGTGAGGACCGCGATTTAT
1,GGAAGATGAGCTCGGGGACGAAGAGGAAGGCGCGGGCGACG
1,TCATCTGGAACTCAGAGAAGAAGGAGTTTCTGGGCAGGACC
1,TGGGCTTCGACTACCAGGGCAAGACGGAGAAGCACGAGTCA
1,CATCTGGGGATGAGCTAGACAAGATGGAGAGCTCACTGGTA
1,ACATCGCCAACTGGCAGAAGAAGATCGGGGACATCCTTAGG
1,CCCACGTCTGCAATGACCTTAAGATCGGCTACGAGTGCCTG
1,TTAATGATTTGGACAATCAGATTAAGAAGATGTAGCTTTCT
1,AGCTCAGGGAATACTTCAAGAAGTTCGGAGTGGTGAGTTTC
1,CGCATGACAGTAACGGCTATAGACACGCTAGCTACGCCCGT
1,AAGCGTTAAAAAAGAAGAAAAAGATCAGAGGCCCAGAGAAG
1,AGATGAAAAAAGTGACAATGAAGATAAGGAAGAGACGGAAT
1,ATAAACCCATCACCTCTGAGAAAATCAAAGAGGTGAGTGTG
1,GTCGCCGAAGTGTGAGAGGCACGATGGGCAACGGATTAATC
1,CTGTGTGAAAGCTCTTAGCAAAAATCGAGAAGGAGGCTCAG
1,CATGTCAGCTGTGACAACTCAAGTAAAGGAAGCACGAAGAA
1,ACCTGGACTGTGTTAAATGGAAGAAATAAGAGCACACATCT
1,CAGAAAGCTGGAGGGAAGACAAGAGCAGAAGAGACCATTGT
1,CTTGAGTTTTTGCTGAAAGTAAGATGGGAAGCCATTGAGGG
1,TTTGGCGGAGTAACTTGACGATTTCTGAACATTGTTGTTTA
1,GTGGATCAGGACACCTGAAGAAGAGAAGCTTCCGGCAACCC
1,TGTTCGTGCGGACAAAACACAAGATCGACAAAAGCCACGAG
1,CTGACGAAGAGCCTTTTGTGAAGGTATGTTGGAGTGCGTCC
1,GACAGATGACAACCTGACAAAAAATAGAAAGAGCACATAAG
1,GATACTGCTGTCTCGAATTGAAGAAAGGAAGGCAATCATTG
1,GTTGGCTAAAGGAGATCCGAAAGCTTCAGAAGAGCACACAC
1,AGGACGAGTGTGAGGACGCCAAGACGGAGGCGCAGGGCGAG
1,GTCCATGCACTAGTGGGCCAATCCATTGAGGGCTAGTTTGT
1,CTTCTCCCTGGAAAGCAATAAAGATGAGAAGACACCACCCT
1,GGAGATCGACGTGTGGACCGAGGAGCGGAAGGGCACCCTCA
1,TTGTATTAACTAAGAGCGAAAGCAACTCAGTATCGCCGGAT
1,GGTGGGGCTGTAAGACCAGAAAGACAGGTTGAGCACTGCTG
1,TACGTTTGATTTCCGTAAGTAGCTTCAGATGGCAGTTGTTA
1,TTACGGATCTGGCTTCTGAGATGGACCGTTATAAGGACAAT
1,GAGTACTGCATCTGCGTCTAAACGGCTCCAACGACTCCAAA
1,ACCTGCAGAATGTGGACATGAAGATTGGGGTGTAACACCTA
1,TTGTCTGTGAAGTGGGCGTGAAGATCGTTGCCACCTTCCAA
1,AGGAGCGTCTTATAGCTCCCATCAGACACTTCCTTTGCATG
1,TTGTAGATTTCATTCAATCAAAGATCAGCCAGCGTGATGAA
1,AATGTCCGGACGCGGCAAGCAAGGCGGAAAGGCCCGAGCTA
1,ACTGTGTGTACTCCAGGACGAAGAAGGAAGATCATGCTTGA
1,CAGTGGTTGGTGAAGTACATATATAAATAGTTTCGTTGTTA
1,AGATCGATCATTAGTTAGTAACATTATCGGCTTTAATTTGG
1,CGGTCAACGGGAGGCTTCTCAAGGTAGGTATGGTTGGGGAT
1,AGGATGAGGAAGGGCGGCAGAAGATCCGGGAAGAGAAGGAT
1,GGGGCATGAACTCTCCAACGAAGAGAGAAATCTGCTCTCTG
1,TGACCCTGGGTGACCTGACCAAGATTGGGAAGTCACAGAAG
1,CCTGTAACTTCTGAGGTGAAAAGATCAAAAATGGCTACTTC
1,AAGGGCCCAGCACAATTCAGAAGATCAAAGAGGCCCTGGGC
1,GATGAAGATAAGAACTCTATAAGATTGGAGGAAGATTAAGA
1,GGTAACCTGGCCTGGGCCTGAAGTGAGTGAGAGGCACATGA
1,GAACTCGTGGGGCACTGGCGAAGATGTGAAGGTTATATTGA
1,GGAAGAGTGTAGAAACTCTCAAGAAAGGAAGGGTCCGTTTT
1,GAAGTCCCCCTTCATCATCTAACTGGTCCATGGGCTCCATA
1,GACCATGAACTGGACCCTCGAAGGTATAGAAACTAGTGTCA
1,AAATGTGGATTGAAACGAAAAAGTGAGGAAGTTGACAGCAA
1,TGGACTGGGGTCTCTTCGATAAGAATGCTGGAGAGAACACT
1,GAAACAACACCGGGCTCTGGAAGAAACGGAGGAGGACAACG
1,TGCTTTTTTGACCTCAGGCGATGGTCGAGGTGATGCCTGCA
1,GGTGGCTCAGCAGCATGATGAAGATGGAATTGAAGAGGAAG
1,TGTGGAACATCCTGAGGAACAACATCGGGAAGGACCTGTCC
1,AAATTAGGCCATTATGAGACAGGTTAGTTTTACCCTACTGA
1,GGGACAAAGAACAAAAAGGGAAGATTGGAAATGGATAAATA
1,CAATGCTGAGATTGATCTGGAAGATTTAAAGTAAGAGGCGG
1,AAGGCATGGTGGAACTGGTGAAGATTGGGAAGGAAAAGCTT
1,CTCCGTGCAATACGAATAGGACAGGTGCAGACGACGGACAC
1,GAGGCGACTAGCCACTGTGGAAGAGAGGAAGAAAATAGTTG
1,AAGGCTGTCAGAGAAGAAGAAGGATCGGATTGATGCCTTCC
1,GGCTGAGCACACATGATCCCAATATCACATGGAGCACTCGA
1,GACTGGAAACTTTAGGAAGAAAGATAATTGAGGGGCGTGTC
1,AATGCGGATATGGGACTGAGACCAGCTCCTAGGAAAATGTC
1,AGGATGAGATTCAGAATATGAAGGAGGAAATGGCTCGTCAC
1,TCGAGATCAAACCGCTACGCAAGATGGAGAAGAGCAAGTCC
1,CAGTTGTGGATTCTGATAAGAAGAAAGGTGAGCTGATGGAG
1,TTCTGCACTGACTCTGAAGCAAGATGACGGAAGATTCTACT
1,ACAATAAAAACTCTGTCCTCAAGTTTGAACAGGCACAGATG
1,TACTGGGAGCTCTGGGTGCCAAGATTGTGAACAGCCGAGAT
1,GGAGTTGACGTCAACGTGGTAGGTGTACAAATTACCCTGAA
1,GGCGCTAGCAAACTTCTGCCAAGATCGGAACTGAGTACTAA
1,GGACACACGGGAAAGCCAGGAAGAAGAGGAAGAGCACCCCC
1,GAAGGAGAAGACCAAACACAAAGATGGAAGCTCAGAAAAGC
1,TCCCCTTTTGCAAGTATCGAAGTTACGCTAAAATTTTTTTT
1,TAGACTGAAAAATCAAATTCAAGACCAAGAGCAGCTTGTCT
1,GACGCTTGAACAAATGAAGAATATGGTAAGATAGTGCGAGG
1,CTGCTATGCCTGTCGCATCCACACGAGGTAAGAAGTCGTTA
1,CATGGGTCAAGTGTGGCAAAACAGACATCGCGAGCCAGCCA
1,CGGACTACAGCATGGAAGCCAAGAAGCGGAAGGCGGAGGAG
1,CAACTAGGATGAGGTTTCAAAAGACGGAAGACGACTAAATC
1,GAAAGCAGTAGACAAGTTGAAAGAGAAGAAGGAGCGCTTGA
1,AAAAGAGCCCTTGAAGCTGGAAGACGGGAGGTGCGGGGAAT
1,AGAAGTCATGACGTTTGCAGAAGATGGAGGGTAAGAAAAGC
1,GGATCCCATTGAGAATGAAGAAGACCGGAAGAAGGTGAGGC
1,TCGCATTACTTGTAGAAAACAGGATCAAGGAAGAGATGGAG
1,GACTGCAGAAGAGCAACCCGAGAAAAAGAACAGATCAGATT
1,GGACAAGGATCTGCAAATTGAAGTGCAGGTAAGAGGGCACA
1,CTCCATGAGCTTGGCAAAGAAAGATGAGAAGACAGACACCC
1,GACGGAGGACTATTAGGTATATTAGAAGTAATAATTGATTG
1,AAAGCTGGATGCTGTCATGAAAGCTCGGAAGGACATTGTTG
1,TACTGACCAGCAAAATGGAGAAGATCAGAGAATGCAGCAGC
1,CCATCGTCATCCTGCTGCTGAAGATCTGGAAGACGCGCTCC
1,GTGGTAGGACTTGTGCTCCAAAGATCGGGAAATTTTCATAG
1,CTCTAAGGTGATAGCTCTGAAAGGTAAACCCGATGGGATTG
1,TATAAAAATTTAAATCACCTACTACAGGTATGTCAGGCGGG
1,GCGTGAATGGGATCGGGACAAAGTTCGAGAAGGGCCCCGTT
1,GTGTGAACTGGCCTTTGGGAAAGATCAGAGAGGGCAGAGGT
1,ACTGGACTTACAGTTTTCCGAAGATGAGAAGAGGTTGTTGT
1,AAAGCAGTCCTGCAGAACCAAAGAGCGAAGACGCAGATCGC
1,GGAAGAAATAAAGAGCAGCAAAGTAAGTTTCTTTGTGACAA
1,TTGAAGAACTGTCAGGAGCAAAGATCTCAGATCTCCACAGA
1,ATGGTTAACAAATTTTATGGAAGACCGGAGACAGCGTAGGC
1,ACGGCTCCGTGGTGCAGTTCAAGATCAAGAGGCACACGCCG
1,GTTGAGCTTTGAAACAACTGATGAGAGCCTGAGGAGCCATT
1,ACAGATAGCTGGCGTGGATAAAGATGGAAGGGTGAGTGGCA
1,AGAAAAAGTAGACACAGAAGAAGACGGAAAGGCAGAGGTTG
1,AGAGAGGACTGGAACCAGAAAAGATCATTGGGGCAACAGAT
1,GTAGCCCTGAGCTGTTCAAGAAGATCAAGGAGCTGTACGAG
1,GAACCTGTAAAGCCAAGAAGAAGAATGGAGAGCCGTGCACG
1,CCCGGACAGACCTGAAGAAGAATCGGGACTACCCACTAGCC
1,AGATCACCGAACAATAGTTGATTAATAGCAAGATCGGCGCG
1,AGTAACACGTTGAACAGCACATGGAGATCAGCATCGAGCCG
1,ACCTGAACACCTACACAGAGAAGATGAGGGAAGCGCTGAGG
1,ACCAGAACCTGGAGAAACTGAAGACGGAGTCAGAGCGTCTG
1,AAATGGGATCCATGAAGAACAAGACCAAGAGCCACAGGATC
1,TGGAAAAGGAGAACCCTGAAAAGAGGAAGAACAGCACTCAG
1,GCAGATCAGAGAGCTCGAGAAGGATCGGGAGACTCAGAGGA
1,AAAGTGGACTGGAAGTGGCAAAGATGGAAAGACAGACCAAT
1,AGCGTGGAAACACAGAGAGCAAGACGGATGGAGATGACACC
1,TGTGGAAATTCTTTTTGAACAAGATAATGAAGAGCAATCAG
1,CATATTTTGACAAAGTAGATAAGGTGCATTTGCATTATTGT
1,GGCTGTGCTGCCGGCGGCGCAAGAGCGAGGAGCACCTGGAC
1,AGCTGCAGGACTGGGTGAAAAAGATCCGTGAAGTGGCCCAG
1,AGCTCAGAGCTGGAGGATGAAGGATCGGGTAAGTGGATTCT
1,AGGACTGGGTGACGCCGTACAAGATCGCGGTGCTGGTGCTG
1,TCACTGACTGGGCCTGGTACAAGATCACTGACTCTGAGGAC
1,TCGCGTTTAACAGTGTTCGAACTTGTCCGGACCGACATTCT
1,GACCCTTCCCCTGAGCTACCAAGATCGGAGTGCCCAGTCAG
1,TCATAGAGCAAAAATTCTGGAATATCGGAAGTGCCTGAAGA
1,GCTGTATTTTGGTTCCTAGGAGTTCCTCACTGAGGCCTTGC
1,GCGCAGAGAACTTAGGAGAGAAGCACGGAGGAGCCCCCGGC
1,GTGGAGGAAGAGCCACCTGCAAGATGGACACGAGCCACAAG
1,ACTCATTACAACAAACAGGGAAGTAAAGGAAGAGACACATC
1,CAGGGCTGGACTGAGGCCTGAGCGCTCCTGCCGCAGAGCTG
1,GGAAGAACGTCAGAAGAAAGAAGATGAGAGAGCACGCAGAG
1,TGAGATCTACGATGAACTTTAAGATTGGAGGTGTGACAGAA
1,TCACAAAGAGGCTAAAATAGAAGAACAAGAAGAGCAAAGGA
1,TAGAGACTGTGACAAGCTGGAAGATGTAAGAGCATCCGCCT
1,GCGAGAATCTGTTAGTAAAGAAGATCTGGCAAGAGCTACTT
1,TGGCATGGACAAGATCTATGAAGGCCAAGTGGAGGTGACTG
1,TTCTGGGCATGTAAGAAGAAAAGGAGGAAGAGTGCACATTC
1,CTAGACACTATATGAAGAAAAAGATCAGGAAAGCTCTCCTC
1,AGCATGAACTTGCAGGAAAGAAGAATCCGGGAGCAGCACGG
1,AGACGAAAACGGAATCTGCCAAGACGGAAGGTCCTAGCCCA
1,AACAGACTGGGGCAGTGGAAAAGGTGGAAGAGCAGTGCCAT
1,CAGAAGACCGACCTCTTGGGAAGGATGGAAGAGCTGCTGTT
1,TATTTGAATTCAGAACTTAGAAAATTGGAAGGGACCTTAAA
1,TGTAGTGACACAGCCCAGGAAAGAGCGAAGAGCAGAGTCAG
1,TGCAAAGGAACTGACAGAAGAAAAAGAAAGTGCTTTTGAAT
1,GGACAGAGGCCCAATGGGTGAAGGCTTTGAAGAGCACACAG
1,CTTGCTAGTGTCACGTTCTCAAAGGTCCAGGTACCTAAAAT
1,GATTGGTCATGGAGAATTGAAAGGTAAAATTGTGCTTTTAT
1,AGTGTTACCGCGAGTATCAGAGACGGCAAGCATAAGGAGGG
1,TAGTCGGCTGCGCACGGGTAAAGATCGTAACCAGAAGAAAG
1,GAGGACTTGGCATAAAATGAAAGATTGGCAAAGGCCCTTGA
1,TACAGGCTGAACAGGACAGAAAGGTAAGAGAAATGAGAATT
1,CCTAACTCTGCCACATATATAATATCGGAGATGGCAAAGGC
1,TCCTAAGGAGTCTGAAACAGAAGATCAAGCACTTGTCTCAA
1,AGGTTTGATAGAAAGCTGAAAAGATGGGAAGAACCTAAGGA
1,TTGTGGAGAACTCTAAGGTTAAGATCAGGAAATAAAAGACT
1,AGGACACCTACCAGATCATGAAGGTGGAGGGTGAGTCAGGA
1,CAGGACAGGAAGACAAGAAGAAGATTAAGACAGAGAGCGGC
1,ATCCAGGAGAGTAAAGACTCAAGATCGAAAGAAGAACATCA
1,CCGGCGCATTGATAAGGACCAGGATGGGAAGATAACACGTC
1,TCGGTGACCGGTCTTTCATAAAGTATATCGGCACTACTGTC
1,AGGTGATACCCGCAGTCTTGAAGTTGGGCGTTGCCCGGGTG
1,TGTATCGAAATCGGAGAACAATCCCAGAGTTCGCATCCCCG
1,GATCGAGTTATCGTAGGCTAAGCTGGTGCATCGCCGATGGC
1,CGGGACTGGAATGTAAAGTGAAGTTCGGAGCTCTGAGCACG
1,CAGGTAGGACCCCTGCAACTACCTCTGGCATCAGTTCTATT
1,GTGGGCCCGTTGCGGGTTGAAAGTTCTGACGCCCATAGTGG
1,TCCCTGTAAAAAATCAAAGCAAATAATATAAAAGGGATTAT
1,AATTCGAATGCCCACCAAAGAAGATGAGGTGATTCCCTGGG
1,CTGCAGGCTAAGAAATGAAAAAGTGAGTTGATAGTAGGATG
1,TTAACTGTTGAGAAAAGTGAAAGATCAGTATGATTATTATG
1,ACGTAGCGGATCTGTGTATAAAAAATTAATTCACTGTGCTA
1,GTCGGAGAAGGACATCCAGGATCTGAAGTTTGGGGTCGAGC
1,CGTGGTAGAGCTGCCTGGGAAAGGGTGGAAGACACACTAAG
1,GATGCTCCCCGAACAAGATGAAGACAGTGAAGTGCGCGCCG
1,TGAGCAGGCTCTGGGCAGGAAAGATGGAAGGAATGCGCCTC
1,AAGAAAGAGAACGTCTGCAAAAGGAGGAAGAGAAACGTAGG
1,ATCGAAGTCTGAAGCCTGTGAAGATCGCTGAGAGCGACACT
1,TGTTGGATCAGGACATCCCAATGGTGCAGCCGCTATTAAAG
1,CCACGTTGGCTGTAGACACCAAGGAGGAAGAGAGTGAGGAT
1,GAGATTTCCTCTGAGATAAAAAGAAAGAAGGGCAGACAACA
1,CTTCATCCTGGACCACGGCAAAGATGGGAAAATCTTTGTCT
1,ATGGGTTCTTGAACTCTTGGAAGCCTGGATGAGCCACCTAA
1,ACCCACTAATAGGGAACGTGAGCTGGGTTTAGACCGTCGTG
1,TCAGAACTCAGAAATTGTAAAAGATGATGAAGGCAAAGAAG
1,CAAGGAAGTAGAAGTGAAAAAAGATACAGAAGACATTAATA
1,TGGACGGGGAGACCCTGATCAAGAACAGGAGCGCAGAGCTT
1,GCGCGATTATTGCTAATTGAAAACTTTTCCCAATACCCCGC
1,GAGGGCACCGTGGAGCTCAGAAGGTGGGTGCAGAGAGGGCT
1,GCAGAGAACTTAGAAGGCAAAAGAGGGAGGAGATGCGACTC
1,GAGGAGAAAAAGACAGAACAAAGATGGAAGTGGCCTGGGCC
1,TGGTCGCAATGTCCTTGTGAAAGATCTGAAGACTCACCCTG
1,AACCTATGAAATCTGTACAAAAGATTGGGGTGAGTGAAAGA
1,ACGATCGGATTCGTGGGTCAAGTCGAAGGTGGCAATCCGAG
1,CGTGCTCAAATCACTGCTGGAATATTGGAAGAGCCAACAGA
1,ACCCGTAGACTTTATGTAGCAAGTTATGCCCGAGTCCTCTC
1,AAACACTGAACTGACAATTAACAGCCCAATATCTACAATCA
1,AGGGAGCACGGACTTCCTAGAAGATGATATAGAAAAAATTG
1,CAAGAGACTTGCACACTGTGAAGAGCTGAGAGCACAGGTGA
1,CTGGGCGGCCAGGCTCACCGAAGATGGAAGGGACAGGCAAG
1,CTTCAGGGTCAGAGGAGGTTAAGGTTAGTTCAGCAAATGAA
1,GCCCAGTGCTCTGAATGTCAAAGTGAAGAAATTCAATGAAG
1,TTCGGGCCGAGATCGAGCACAAGAAGGAGGAGCTGCGGCAG
1,GAGTTGAAGAGGCAGAGAAAAAGATGGAAGAAGAAGGTGTG
1,GACGCTTCCGCAGAACCCTAAGATTATAAACATTGCTATCG
1,AACTGAAGGAACAGCTGGCTAAGAAAGAAAAGGAGCACGCA
1,TGGAAAACTCAGAGAGGATAAAGATCATACGACAAAACCTA
1,GCTGTGCCGTGGCCCACCGCAAGATCGGAGAGCGCCTGGCC
1,AATCTGAATGCATGAATGAGACAGAGTGGACAATTTATCAA
1,AGTCAAAGTCCTGGGCTGGAAAGATGGTGAAAGCACAAAAA
1,GGTACACGAGCACAAATTTCAATGGAAGGCTACATCACAGA
1,CTAGATTTTCTAACTTGTGCACACGTCCAGAGCATGTTCAT
1,CATGCGAAACCTGACTGAGGAAGAGAGGAGAGCTGAACTTC
1,GAACAAAAGGACGCACTCCAAAGGTAACATCCAAGTTTGAA
1,GACGGTGATATCGATTCGATACTAGCGTGTAGGCGGATATC
1,GCACCAGGAACTGAATTGCAAAGTTCGTTAGAGCACAGACT
1,TCACGGACTTCGGCCTGTCCAAGATCGGCCTCATGAGCATG
1,CTGAAAGACAGGGACATTGGAAGGCCGAAAGAGCTGACGAT
1,AGAATCCCTGAAAAAAATTGAAGAACTGAAGGCACACTGGA
1,TGATGGATGTTGATCATCAGATTGCCAAGCTGATGGTGGAA
1,AGCATTAGCAGAAAGCAGCGAAGAACAGGAAGATGCACTGA
1,GACTGTGTAAACAACTAGAGAAGATTGGACAGCAGGTCGAC
1,CGAAGGCCAAGGAATCACTGAAGATCGGCGAGGGAGGACAG
1,AGATCGTGCGGCTGAAGACCAAGGACAGGAAGAAGCAAGTG
1,TGTACCTCAACACCCCCGACAAGATGGTGCGTGCACACCCT
1,GTGGAGGAGGCAAGAAGCCAAAGATGGAGGAGCTGGGCCTG
1,TGGACGAGTCGGTGGGGAGCAAGACGAGAAGGGCCTTCCTG
1,CTTTAGAATGGATGAACAAGAGTTAACCGGTATGGAATCCT
1,AAAGGGGGAACCTGAGAATGAAGAGAAGGAAGAAAATAAGT
1,AGATGTGGACTTTGAGGAAGAAGAGGAGGAAGAGGGCAACG
1,AGAACTTCCAAAAGGTGGAAAAGATCGGAGAGGGCACGTAC
1,CTTGGACCTGGAGCCTGGTGAGGCACCCTCAGGGTTGTTTT
1,TTGTAGGCCTGTTTTACAGAAAGAATGGAAGGCACTTTTTC
1,TACGCGTGCTTCTGGTGTAGAGTTGCTTGCAGTCGGTAGTC
1,TGAAAAGGGGTCTCTGGACCAAGACCGAAGGCTGTTTGTGT
1,CTGAGGACCTGGTGCTGCGCAAGAACGAGAAGAGCGTGGTG
1,GAGCATTAAACCTGAACCAGAAGATCGAGAGCCTAACTTTG
1,CCCGAGGATTGGGATGAAAGACCAAAAATCCCAGATCCAGA
1,AAATTTATGAACTCGAAATGAAGCGGAAAGCAGATATGCGC
1,TTCCAAGGACAAATCAGAGAAAAAGTCTTTAACTCCACCAT
1,TCGTTTGGAGCAGATTCGCAAAGAACAAGAAGAGGAACGTG
1,GCAAGCCCGTGGACTTCAAGAAGATAAAGGTAACCCTGACG
1,GCGCGTCAAGAAGATCTTGGAGCTGCTGGAGAAGCAGGCCT
1,CGGACGGCAGGACCTTGGTTAAGATGGGAAAACAGTAGGGT
1,GCTATGACGTGGAGAAGAACAACAGCCGCATCAAGCTGGGT
1,CTGGACTCTGAGAACTGGGAAAGATCAGAGCAAGCCTTGCC
1,AATGCTGTAGAACCCTAAATAAGTGGTAGAAGAGTGTCACT
1,CAGAGACTGTATGCTCCTTGAAGATGGAAGCTGTGTTGTGT
1,GTCTGCAAAAGACTCTGGCAAAGATCAGGAAGAGGAGGAGA
1,GGGCAATGTGACTGCTGACAAAGATGGTGTGGCCGATGTGT
1,CGATCTTTTGGATTACGATGAAGAGGAAGAGCCCCAGGCTC
1,ACGCTCTGCTACTTGCAAGTAAGATGGACAGCCGGACACAC
1,CGGGTTAGCCTTAATGGGCAAGACAAGAAGTGTAAAGCGAT
1,GGTGCGAGAATCAAGGGCGCATGTATTAGCTGCGCATAGAG
1,ATCATTGTGGAACTGAGGGTAAGATTGAGAGAGCAAGCCAC
1,GCCTGGGGAACAGGAGAGCAAAGAAGGGGAGCACTTAGATT
1,AGATGCATCAGGGGGCGATCAAGATCAGGAAGAAAGAAGAT
1,AGTAAGCGATGATGAGGCTGAAGAAAAGGAAGACAAAGAAG
1,CTCCTCGCGAAGTGAACCTGAAGGGCGGAAAGGCACTATTT
1,GATTTGTAAGAGCTGGAAAGAAGACTCGGAATGGCAGGCAT
1,CCCAGGCCAAAGAGAACGAGAAGAAGCTGAAGAGCATGGAG
1,GGCAGTGGAACTCCTTAGGAAATGTCTGGAGGAGGTGAGTA
1,GGCCCAGCCAAGGACTGTTCAAGATGTAGAGGTAAAAATTA
1,AGGATAGTACTGTCTCTTACATCCCTCATACTCGCAGCGTC
1,ACAGGAACGTGGAGATCTGGAAGATCAAGAAGCTCATTAAG
1,TGAATAATAGAACTCAGGCCAAGGTAGCGGAGGAGCTGGGC
1,TTGCTATTGAACACCTGGACAAGATCAGCGATAGCGTCCTT
1,GTAGCCCGCGTGGCCACTGGAAGTTTGAACGGTCGTGTGCC
1,GTGAACCTCTGAACAAAGATAAGATAGAAGAACTTAAAAAG
1,AATGTGGATCTGGAGGCCGCAACAAGGAAGGGCATCTTGGT
1,CTTCGGACAAGGAACGGAAGAAGATGGTGCGCGAGCTCATG
1,TCTGGAGAATCAGTACCGGAAAGAAAAGGAAGAAGCCGATC
1,AATTGTATTTTAAGATGAAGATTTCGAAACAGCTGTCAAGA
1,CTGGACATATTCAGCATCAGAAACCCCGGACGCGCCTCATC
1,AGCACTACTACCAGGAGCTCAAGATCGTGCCCGAGGGCGAG
1,CCAAGAGGGACAAGAAGAAGAAGAAGGAGCGGAGCAACCGG
1,AGGATTTATCAATTATGCAAAAGTTCGGAAGATGCCAGAAA
1,ATTACTGATATTGCCGATCTATGGGCAGGTCAGTTTGCTAC
1,ACCCTGTTACACAAGAATTTAAGGTGAATACTGTTTAATTC
1,AGTTGAATGTATTGAATTCTAAGATCAAAAGCACCAGTGGA
1,GAATGATGTGTCGGAAGAAAAAGACCAGAAGAAACCAGAAA
1,ACGTGAAGAAGCTGGCGCACAAGCACAAGAAGAGCCGCGAG
1,CTGAGATGGAGATGATGAAGATGATCGGGAAACACAAAAAC
1,TCGGTAACCGCACCCTTCTTATTCATCTCGGAGCTACTGCC
1,TTTCCACTAGGACTTGGAAGAACAAAGTCGGTTGATAGCTG
1,TGTACCATAGCTTCCAGTGTAATAAGTAGTCAACGTTCGAG
1,AGACTCTTACTCTGGTTACTAAGATCATCTGTGCATGACGG
1,TGATCATCGCAGACTGCGGCAAGATCGAGGTGGAGAAGCCC
1,TAAACTTGAAGACAAGACTGAAGATGGAGAGGCACTAGATT
1,GGCTGCAGGACTATGAGGAGAAGACAAAGAAGGCAGAGAGA
1,TAAGGACTCTGTCCCCAAGGAAGATGGGAAGGAAAGCACAA
1,CGGAGCTCTGGAGAAACATGAAGTTCGGGACTATCTTCTGG
1,ACCGTTACTGTGAATGAGTGAAGATCCTGGAGGACCCTGGG
1,CCCTTTTAACTGTCGGGGGAAGTATATGCGTGTCGCCGACT
1,ACAAGTTTGTGGAGGATACAAAGAAGGGAGTGCACCAGAAG
1,GTTAAACTGTGGAAGGCTGGAAGATGTGAGAGGACTTTTTC
1,TGACAATGTGAATGCCCTGAAAGATCGAGCAGAGGCCTATT
1,ACATGGATTACCTGAAATCCAAGATGGTGAAGGCTGGGTCG
1,TAACCGCAAATCTGAAACTTAAGTATTAGAGGAACTTTAGT
1,GATCCACATCCTGAAGAATAAAGGCCGGAAGAGAAAGGTGA
1,TGGTAGAACAGAACAAGCAAAAGATTAAGAGTTCAAAAGTA
1,AGAGCCCTGTAGCAACTTGGAAGACACAGAAGACACACGGA
1,GGGGCAAATTACCAAGGGCAAGGATGGGAAAAGCAAGTACT
1,TCATTGAGCTGAGGAAGAAGAAGATTGAGGAGGCGATGGAC
1,AACTTTGAAGGCCGAAGTGGAGAAGGGTTCCATGTGAACAG
1,CCCATGTGTAGGTATTGAAAAAGTTTGGAAGCACTGATCAC
1,TTGCTGCCGGAAGATCTTGCAAGATGGAGGGCTGCAGGTGG
1,GCCCAGTGAACTGCAATGAAAAGATCGTGGTCCTTCTGCAG
1,TCCGTGTGGTTGACAAGGTCAGTGGAAGCTTCATGACGGGG
1,GTTAGTGACTGCAATGGACCAGGATGAGGAAGAGCAGACGG
1,ATACCTGCAACAACGGCCGGACTCTTAACCCCGATCCACGC
1,AGTTCAAGGAGGCTGAGCTGAAGATGCGGAAGCAGTTTGGG
1,GGGCGAGGCTTATCCATTGCACTCCGGATGTGCTGACCCCT
1,CCTAGGGTTCATGTAGAGTTAAGACCTGGAAGAGACTTTGG
1,GTCTGAAGAATCCGGCGATGAAGAAGGGAAGAAACACAGCA
1,GACTGTGAACCTGCTGGCCGAGTGGCTCATTCAGACAGGTG
1,CCAGGTTCAATTCGGACTGGAAAGGTCCACTCGCACCAGGC
1,ACACAGCTATCGCGAATAACAAGAATGGAGTGCACCTTATT
1,CTCGTGGACGTGGAATGCCTACTACGCGGACATTATTAAAT
1,CGACTGGATGATATGAACCAAAGATGGAATGACTTAAAAGC
1,ATTGTCAAAATATCAGATATAGTGAGACAGGCGCCACATGG
1,CATATAAATAATGAACTAAAAAGAAAGGAAGAGCAGTTGTC
1,TTGTAGGACTTCTCTACACAAAGGGTGGAAGAGCCACTAAG
1,TGCATGTTGGACTAAAGCTCAAGATGGAAGCCACCCTTTGT
1,TGAAGGAAACTGAATTCAAAAAGATCAAAGTGCTGGGCTCC
1,CTGCGCTGTGGACACTGAGAACATCCGCCGTGTGTTCAACG
1,GGCTCAGAACCTGACGGGGCAAGACGGAAGAGGTTAACAGT
1,GAAAAAGACAGAACTAGACAAAGATCAGAATCAAAACACAA
1,AGGACTTCAGTGACTCGACGAAGATCCCGGTCAAGAGCATC
1,CAGCAGTTGGTTTTGCGATTAAGATCAGGTATGGAAGCCCA
1,CTACGCACGTAATAAGCTGAAAATCGAAGATGAATGTCTGT
1,GCAGAACATGAACCACACAAAAGATCCACCCTGAAAACCAG
1,CAAGAAGCAAATCACCTGCAAGGATCGGATGGGCAGCAGTC
1,ACGCGGTTATTGACGACGTGAGCTTAATACTCCGCCTATAT
1,GATTGTAGGGTGGACTCGATAACCTGGTCATTATTTTTTTG
1,TGGAAAGAATGTCTATGCCAAAGATTGGATGGTGATGAATA
1,GAATACGCGAAACTCTAATAAAGCCACCTCAGAACAAGCAG
1,ATTCGGACGCTATTCCGCGAAGGAATCGAGATAAAGATCTT
1,TGTAGTTCCCGTTTATACTGAAGGTGATGGGGGACGCACAT
1,CCTAAAAGTACAAGGGTAGGAGATGGTGTCAAGATGTACTA
1,TGAGCCACAGGAAGCTGAGAAAGATGCGGAAGATTCGCTCC
1,GCTCAATGAGAGACAAAGCCAAGGTAAGCTCACATTAGTGA
1,CCTGCCATATCTAGTGGACGAAAAGTTTAGCTAGGCTAGCG
1,CTGAGCCAGAATCTGAAACAAAGACTGAAGAGCTGAAACCA
1,ATGTCGTGATTTTGCTTCGAACAAAGATAGTACGCTCACGC
1,AGACTGACAAAAAGTACCTGATGATCGAAGAGTATTTGACC
1,GCCTGGACCCTTGCTGCCGGAAGATCTTGCAAGATGGAGGG
1,TCAGCTCTAACTAGGCGAGGAAAAATCTGCGAAGTCCTGCG
1,AACTGAAGACTGGCTGTATGAAGAAGGAGAGGACCAAGCTA
1,GCATTGGCTTTTGATAGTCAAAGATGAGGAAGGGCATTCAG
1,AATCTTTGTCATTCACAGACAGTTGTTTTGCTTCTTCCTTA
1,CATCGGAGAAGGTGAAGAACAAGATCTTGGAGCTCCTCTAC
1,GACTGGAGTTCCATGCCAGCAAGGTACGAGTGCAGCATGTG
1,AACCCACGCCTCCATTGGAGACCAGAATCCCCACCGCGGAG
1,GTTCTGGCAGTCGTAACAATAGAAAGCGGTGTCAGTCGTGA
1,ATGGATGAAAGAAGAAAAGAAAGACGGTAAAAGAAATTGTT
1,GCTGGGCAGAGAAACTCTAAAAGGTAGTTGGGGCACACTTT
1,CAAAAAACGGGACCGAGAAGAAGATGAAGAAGATGCATACG
1,AAGCGGACAAAATGCATCCCAAGATCAAGGAAGGGACAGGC
1,GACACGTGCCCAGAAAGTAGAAGTGAAGGAGGAGCTGTTAG
1,ACGTCAGAATCCTACTGACCAATATCCGAACCAAGAGCACC
1,CAGCTAGCTTTGCACAGTTTAAGATGGAAGGAAATGCAGAA
1,GCCGCGTGAATATATTGTTTACGAAGGCAGCGGATATGCTC
1,CACGGTGCTGTATGACGTGCAAGAGCTGCGAAGGGCCATGA
1,GGAGCAGCTCTGAAGATGCAAAGGTAAGAGCTTAGTTAAGC
1,GGGAGAGACACCGTCTGAACAAGATCAGGGCAAGAGGATCA
1,AGAGACTGAGCTGTGCATGGAAGGTCGAGGCATCCCTGCTC
1,AAGACTGGGATGAGCGGGCCAAGATCGATGATCCCACAGAC
1,TGTAGGGGAACTGACCGATGAAGATGTGAAGATGATCACTA
1,ATGCGGATGCCATCGTGGAGAAGATCGTGCAGAGCCAGGAT
1,GCTGGGAGAGCCGCAAGCGGAAGCTATCGGGAGACCAGCCA
1,TGGGATTGGGATTGAGGAGGAAGATCGGAAGCATACCTGGA
1,GCGCTAGCAGGGCTGAAGAGAAGATGGAGGAGCTGGTGGTG
1,GTGAACAAGTAGAGAAGAACAAGATCAACAACCGGTGAGAG
1,ACTGCTTGTATGAGCAACAAAAAATCAGAAAAGAGCCTTGA
1,ACGTAAACTGCCAGGAGCGAAAGATCGAGAGCATCGCTGAA
1,GCTGGTTGTGGAGCCTGGGAAAGGTGGAAGAGAGAGAGGTC
1,ATCCGAAGACTCAGAATAGAAGAAAAAAACAGGCAGATTGT
1,AGATCGGACAGAAGATCCGCAAGATCACGGACTGGTGAGTC
1,TCGGATGGTAGAAATGCAGAAAGATCCAATGGAGCCTCCAA
1,CTCGAGTGCATAGTACGCGGACGATCGGTGGCGTGATAAAT
1,GCGGTTTTGGCTGTGTGAGGAAGACGGAAGAGACGGCGGCG
1,GGATCAGATGGATCCTGAGCAGGATCGGGAGATCTCAGACC
1,GCGGATCAGCGAGCTCGAGAAAGGTACTGGGGCCAGGGGGA
1,TGGGAACTGTAGACCACAAAAAGATCAGGAAAGTCACTAGG
1,TGAATATCAGAGAACTTGTGAAGATCTTAAAGAGCAACTAA
1,TGCTGGCCGAGTACCTGAGGAGGATCTGAAGAGGACAATGA
1,ATCGTCTGACATGATAATGTATTTTTGTCCTCTAAGAAGTT
1,GAGGTAAATGTCTATACGAGAAGTAGCGACCATCAAGCAGC
1,AGTGTGAAGAGATCCTCCACAAGATCGTGAAGTACCGCTTC
1,TCTCCGTAGAGACTGTCAAAAATTGCCAGTGCCGACTATAT
1,AGCTAACCGAAAGAGAGTCGACTGCGAACGAGAATCTCGTG
1,ATCATCGGTCTGTGGCCGGAAAGATCCAGAAGCTCTCCAAA
1,AGAGTTTGAATGTGGAGTGTAAGAGAAGGAAGAGTTAATGA
1,ATCTATGACATCTGTCGTAGAAACCTCGATATCGAGCGCCC
1,GGCCAGAACAAGGAGGCTGTAAGGACGGAGGAGTCTGTCTG
1,TGATGACATTTTAAACCACCAAGATCGCTGATGCACCAACA
1,AGAACTCTTTAGCCGAATCCAGGATCGAGGAGACCAGGCAT
1,AGCGGCTCCCTATTAGATCTACTCTGCATCAAGTCCTACGT
1,CGAACTGGAAGAAACAATTAAAGTATGGAAGCAGCGGACAC
1,AGTTGCTGTAGAAGAAGGAAAAGAGAGGAAGACAACACAAC
1,ACTCCAAAGACTGCAGCTTGAAGATAAAAGAGAGCACTGCG
1,TATTCATTGGAGGACACTGGAAGATGGGAAGAAAGAAGCAG
1,GTCGTCAGGAGCTCCTGGAGAAGATTACGGAGGGCCAGGCT
1,GTCCCTGTGGGAATGGCGACAATGCCAATGGCTTAGCTGAT
1,TTGAACAGAGTGGACTTGTCAATATCAGAGCAGAGCACCAA
1,AGAATGTGGCTGGAGCAATGAGGATCGGATGCACTCGTTGT
1,CGTCGAAAATTGAGAGGTCGAAGGCCGCAAGTCGACGAGCC
1,CGTCTGACCCTCTGACTGTAAAGATGGGGAAACCGAGGCAC
1,GGGGCCTCCAAGAAACGGGTAACTTTCCCCCTTCCTTCCCT
1,GGTACCGAGCAACGCTGTATAGGGGGCTACGATTATTGGTA
1,ACAGCGCATGCAGACGACCTAGTGCAATTGCACCCATAGGC
1,GACTGCTTTGGCAGATCATTAAGATCGGTTTGTTCGCTGAC
1,CATCGTCAGGTCGCTCTACGAAGATCTGGAAGACCACCCAA
1,CCGTCTGTTTTGTTCTGGGTAAGGAAGGCAAGAGCTATAGA
1,GTCATCACTCCTCACTGATGATGTGTTGTTGCCATGGTGAT
1,ATGCTCGAAGTAAAAAGAGAAAAGGTGAATGGACATTATTC
1,GCGTGGGCCATATGGAGCTGAAGGAAGGCAAGAAGCACACC
1,TGGGCTGCATCCGCGTTGACAAGATCACAGAGTACCTGTGC
1,TTCTAAGGCGCGTCGGGGCTACATTGTGGTAAAAATTGGTG
1,CAAGAACTCTTTGACATCTAAAGATCCAGATATCAAGGCAC
1,ATCTGGAAACTGAGTTGGAAAAGATGGAAGCAAGGCTAAAT
1,TCTCATAGAAAAAACAAACGAAGAGCGCAAGACACTGCTCA
1,AAACTTCATGACTGTTGATCAAGATGGAAGTGGCACAGTAG
1,AACTGTGGATCAGGAACCCAAGGATCAGAAGAGGAAATCCT
1,GGTGGACATACCTGCTGTGAAAGGTACTCTGTCGGTTAACT
1,AAGAGGGTTGGAGACTGTTCAAGATCGACAAGGAGTACTTG
1,AGCTGAAGAACCTATGCAGCAAGACAATCGGAGAGAAAATG
1,TCACTGACCAGGGACTTCTGAAGACAGGAGGAGCATCGAAT
1,ACTGTTCCGATCTTGGATATAGCCTCAGCACACTTTCGTTA
1,AGCAGAAGATCCTGAAGATTAAGACGGAAGAGATCGCGGCA
1,TTGACTTTCATTAAAATCTAATTTGGTAGTTCAGCGATGAG
1,TGCTGCATTAACTAATTTGCAAGATCGAGCACCTAGCAAGT
1,GTTGTTACCGCCTCGTTTAGATATCCAAGTAAATGGGCGAG
1,CTGATCAGTTGGATTTGCAGAGGATTGGAAGGCAGCACCAG
1,CTTTGGGAATGAGAACATGCAAAATCAGGAAAGGCTGTAGA
1,AGGCTGTGGCTTCTGCAACCAGGACCGGAGGACACTCCCGG
1,CGAGGATCAGGCACCGCGGCACCAAGTAGCTTCTCCAAGCC
1,GGATCGCCCGGAGGCTGGACAAGATGGTGACCAAGAAGAGC
1,AGGCAATCCCCAGGGCAAAGAAGATCAGGAAGGAAGCGGAG
1,GGAACCGGAAGATGTCCAACAAGTCCAAGAAGAGCAAGAAA
1,GACCCGTGGCTAGTGCAGGCACGATAAAGTCTCTTATTAGG
1,ATTCATTATGAATGAATATAAGGATCGTAAGATCACACGGA
1,GGAGGGCAGATTAGAACATGATGATTGGAGATGCATGAAAC
1,GCGCAAGCGGAACGACTCCGAAGAGGAAGAGCGGGAACGCG
1,AGGTCTGCGGAAGGGAGCTGAAGGCAGGAAGAGCAGCAAGT
1,GGGATAAGAACCGTGATGGGAAGATGGACAAGGAAGAGACC
1,TGGAGTTCGAGTGAATTTGAAAGTTACGAAGAGCAGAGTGA
1,GGAAAAAGGATGATCCTCTGAAGGTCGGAAGATTTGGAATT
1,TTGAACTGCCATGTCCTCTGAAGAAGGAAAGCTCTTCGTGG
1,TGACCTCAAGAGAGCTCAGAAAGGTGAGCTGGGGGAGTGAC
1,ATTGAAAAGGACTCTGTTTGAAGAAGGAAGAAACTAGTGAG
1,GACCTGTGTGAACTATTGAGAAGATCGGAACAGCTCCTTAC
1,GGAAATATAAACTGGTACGGAAGATCGGGTCTGGCTCCTTC
1,CTACTATCCAGCAAAACCACAGCCAAGGGAACGGGCTTGGT
1,TTATGGACTAGAACTTAATAAAGATGAAAGAGTTTCTGCGC
1,TGAAAATAAATTCTCAAATAAAGATAGATGCACACCTGAAC
1,GTGGATGTGAACATCTTTGAAAGGTTGAAAGGCGCCATTAA
1,CTGCCAATGCGGAGGACATCAAGGTGCGGCTGGGGGAGTGG
1,TAAAGTGGGCTCTAAGATCTAAGATGGCCCGGCGCGGTGGC
1,GACTGGAATAAAATCAAAAGAAGCTCGGAAGTACATTTTTA
1,CTTGTTTCCGCCTGGTTTTGATCCAGGGACCTTTCGCGTGT
1,CTATCAAAATTTGCGCGAGGAGTAGAGTTAGGCAAGAGCGT
1,TACGATTCAATCCACTTGTAAAGCGATCTGTTGTGCTGTTA
1,ACTCGAGCCTGACTCGGGAGAAGATCGAGGCCAAGATTAAG
1,AGTACTGGATGAACAGATACAAGAAAGGGAGAATTCAAAGA
1,GAGAAGCCCTGACACACAGGAAGATCATCGCCAAGGGGGAG
1,TACTGTCTGGAGAACTCGAGAAGATGGGAATGGGCACTGTC
1,CGGAAATGGAGCTCAGAGCTAAGGTTAGTAAGGATCCTAGG
1,ACCAGTTGATTAACAATTATAATGGACTAAATAAAGCGTTG
1,ATGATGGCCAAAGTATTAGAAAGAAACGAAGAGCCACTGGA
1,TTGGAGCATTTGTGTTGATGAAGATGAAAGAGACTGCAGGT
1,AAGAGATTGTGGAAATGTACAAGGGCAAGAAGAGGCACGAG
1,AGGTCTGTCTAGAATCCTAAAGGCAAATGACTCAAGGTGTA
1,TGAAGAAGGACCCTGGGAAGAAGATCAAGAGAAAGAAGAAA
1,GAGAACGGGTTACTGTTGAAAAATTATGTACCTCATTACTG
1,CGAATTGGTAGCTCTATGAAAAGTGTAGGAGAGGTGAGTCC
1,GAAAGAAACTGCAAAGGATGAAGAGGAAGAGCCTCCCAGCA
1,GCCAGGACTGTGAGGACCTCAAGATCGGCTTCAAGGTATGC
1,CTGTCCTGGAACTCCGGAAAAAGAACGGGCCCTTGGAAGTA
1,TCTTCACACACGTGCTGAGAAAGTACGTCTTCTTTGATCTG
1,GTCTCAACATTAACGTCTGCAACTTGCGTGGGCAAGGTGTC
1,CGGTTTGGGTCTCTGAAGGAAAGGTATGTGGCATAGATATG
1,ACGGCGGCGCACAGTAGATGAAGATCCAGATGAGCGACGGC
1,AGGTGGCATTGAAGAGCACTAAGATCGGAAGATGAGTGAGC
1,AAGCGCCGGCCGTGTAAATGAAGATCGGGTGAGGAGCAGGA
1,ACGATCGAAGGCGCAGGGACAAGTTCAGAAGAGAGCGCAGC
1,AATCATTGAACGTCAGTGGGAAAGGAGAGCAAGAGCGAGCG
1,GGCCTGTAGCTCTTGGCACAAAGTAAGGAAGTGCACCAGAG
1,CAGGCATGGCTCAGAGCTTGAAGATTAGGAGAAACACATTC
1,AGTAATTGGCTGTGCTCTTGAAGATCAGAAGAAAATTAAGA
1,TACGATTACGTGCTATAGATAAATGACAAAGATGGCTGTGC
1,CTGAGCGTGGCTGTGTGACTAAGATATATGGAAGAGCTTTC
1,GAGCTAGAAGAATGGTATGCAAGACAGGACGAGCAGCTACA
1,GGACTATGGCTCCGGCGAGGATGATGGGAAGAGCGACAAGC
1,TAATTCTAGGGTCTTCCCGGACCTCCAGGAACCATGGGTCC
1,CTGTGGGGCTGGCGTGCAGAAAGAGCATGAAGAGTACATGA
1,TGTCGTCTCTGGGACTGTGAAACAGGTAAGCTGGGTTCATT
1,CCGTCGGTGTTGGGGATGAGAAGATCGAAGACGTCATGGCC
1,CTCTCCGGATGGGAGATCTAATTGTTGAAAAGCCATTGGTT
1,GAACCTGAGCTTGGTTTAGAACGTCATGAGACAGGTTAGTT
1,CAGTGGGATACGGAATTAAGAAACTTCAAATACAGTGTGTA
1,GCGGCTACATCTAGAACTATAGCCCTGATCCACGCGCAGCG
1,AGGCTGGAGATGGATCAAAGAAGATCAAAGGCTGCTGGGAT
1,CCAAACTCTGGAGCTTTCGTACATGCCTTTATTCTCACCAG
1,CACTCGCCATTACTGAGGGAATCCTGGTTAGTTTCTTTTCC
1,GAAACAGTATTAGGAACTGAAAGATCGGTTAAAAATACCCA
1,ACGGGAAGTTTGTCAATGACAAGAGCAGGAAGAGCGAGAAG
1,AGCTGCAGCTGCAGAAGCAGAAGGTGGAAGAGGAGCTGAAT
1,CGGTACATTGAACTACTTACAAGATCTGGAGACTATTACAG
1,TCTTGGAGCCTTCTGGATCTACAAAGCACAGTCCCACTAAC
1,AACTGGACATCAAACTGGACAGCGAGGACAAGGACAAAGAA
1,ACAAACTGAAAGAAAAAGCGAAGAAACAGAAGGGTCGCGGC
1,TGTTTCTGTGATTGATGAACAAGATGGAAAGCCCTACTATG
1,CTCTGAGGATGATGGATGTCAAGAAGGGAAGGCAGAGAGAG
1,CCATCAACGGGCGCTTCCAGAAGATCAAGAGCATGGCGGCC
1,CTCTCTACGTCAAGGAGAACAAGGTGGGTGCGTGGGCGAGG
1,ATTTAGCGTGTTGTATGGATAAGTTTGATGCAAATATCATA
1,GGCTGGCTTCCTCTGTTCCCAAGATGGAAGAACCTGGGCCC
1,ACAGGGTCCTCTGCAGCTTCAAGATCAATGACTCGGTCACA
1,GTATCGAAGATTGCTAGTCGATTACAACCGGGAAGAGTCTG
1,GGGACCAGGACTTCTTCACCATGATCGGCATGGAGCACCCC
1,TATTAGATGGCCTTGTGGACAAGATTGGAGATGTGAAATGT
1,TCCGTGTGCCACCTCCATCCACTTCAGCATGAAATAGTTTC
1,AGGCTGAGCACTGGAAACATAAGAAGGAAGAATCTGGCCGG
1,TCAAGGCTGAGTCTGAGCACAAGAGGAAGAAGCTCGACGCG
1,GTCTACGGCTTAAACTTTGCAAGTAAAGAAGAGGCAACCAC
1,AGGACTGTTTTTGGACGTGGAAGATAGAGCAACATAGCAAG
1,ACACAGACAGGGAAACTGGCAAGCTGAAGGGAGAGGCAACG
1,TTTTGGCTTTGTGCTATTTAAAGAATCGGAGAGTGTAGATA
1,AAAACCTTTTTCCAAGGACAAATCAGAGAAAAAGTCTTTAA
1,TCTGATGTCTGTGCCGACAGAAGGTGGGAAGGCAACAATAG
1,ATGAGAATGATAACGTAACCACTCGAGATAAAAGCAATGCT
1,ACCAGGTGCTGAGTAATCTCAAGATTGGAAGCACAGCTGTG
1,TGTGCAACCTGAAACCCCAGAAGATGAGAGGAGTCGAGTCC
1,CATTCCAGAGAAAGAGGTAGAAGGTCAAGGAGCACATCAAA
1,TGCTTTACAATCCAAATTTTATGCTTTAATCTGAAGGCGCC
1,GACAGGAGAAGAGCGAGAAGAAGAGGAAGAAGAGCAGATCA
1,AGATGGAGTTCCTGAAGCAGAAGATCGAGCAGGAGCTCCGT
1,AGAACTGAAGAAGCTATCAGAAGGTCTGGAAGGCACCAAGT
1,CCAGCCATGCTCAATGTTACAATCTTGAAATTAGTCTAAGT
1,GAACGGGAAACTACTCCTTTAAGATTTGGAAAGCCAGGATC
1,TCTGACTTAGAGCTGAAGTAAAAGATCACTGAAACATCACG
1,GAGAAGACGGAGATAAGGTAAGGCAAATCCAGAGTGACCCA
1,AGGCTGTGGCTCGCATCAAGAAGATTTATGAGGAGAAGGTA
1,TATAGGACACCACCAGTCTGAAGATCGAGAGACATCTGATC
1,CTTCGAAGAGCCTTGAACATAAAACACAGACACCTCCTGTG
1,CTCTCTGAAAGCCTTAAATTAAGGTACAGATATTATGAAAT
1,AAGGAAGGCAGCAGGCGCGCAAATTACCCACTCCCGACCCG
1,GTCGAATCGGTCTTCGTCGAACGACTAGGGCTATCAGAGCA
1,TAGGACGTAGCGAAAATGACACGGGGACGGTAACATGCTTG
1,GCAGGAGCTGTGAACTGATAAGAACCGGAGTTCATCAGAGA
1,ACTCTGTGCAGCTAACCAGGAAGAAGGAAGAGGAAACATTT
1,TATCATGGACTACTGCAAAAAAGAATGGAGAGGAAATACAC
1,CTACTTGGATAACTGTGGTAATTCTAGAGCTAATACATGCC
1,AGTGAAACTGCGAATGGCTCATTAAATCAGTTATGGTTCCT
1,CGCCGCGTACTCCTTGTTTGAGTTGAGGTTGTAGATGTTTA
1,ACTTGGAGAAAGACCGCATGAAGATACTTGTAAGCACACAT
1,TGATAAGCTACATGATGGCTATAGTAAAATCGAATGAGAGA
1,TGACCGTGAGGATGAGGAGGAAGATGAGGAAGAGGAGGAAC
1,GCAGGACTTGTAAAGCAAATAAGATTGGGAGGCCAAGGTGG
1,CGCAGCGTGAGGCCAACAAAAAGATCGAGAAGCAGCTGCAG
1,ATTATCTGCACTCCGAACGCAAGATCCACCGAGACATCAAA
1,CAGGAGCCGATGCAGTGCCTACAAGGCGAGAGATTATGACA
1,CTGTGGCCCGGACGTTTGAGAAGATCGAGGAGGTGTCTGCT
1,AGGATGAAAGAACAGTGCGGAAGATCTGTGCTTTGGATGAC
1,AAGAGATTTGAAACCACATGAAGATCAACAAGATATAAATA
1,CGTTTTGCCTTCTGAAATCTAAATGTTCACGTTTCTTTTTC
1,TACCTGGTTAAACACTTTGGAAGAGCGGATGAAGAGCACAG
1,GGAGAAAACATTTAAGAATAAGGTCAGAGCACACATTCAGA
1,AAAAGTTTCAGCCAATGAACAAGATCGAGAGGAGCATACTG
1,GGCCTGGTCTTGTGGAACTGAACTTAGCTCGACGGGGCTGA
1,AAAGACCTTAGAGTCGGCTTATCTAAGCCACAGCCTAGAGG
1,CCCCCTATTCTCTTCCTCCTAGGTCAGTTCTTCCACTGCAC
1,GTTCAGCTAGTTCACACCACAAGGAAGGGAGACACAAGACG
1,AGTGATCGAACACCAGACAGACATGAAATACTAGACCAGAA
1,AGAGACTGCCTCTTAACATGAAGATCATTGGACAAGCCACA
1,AGGAAACAGCCATTGGTAAGAAGATCGGTGAGGAGGAGATC
1,AAGTTTTAGTTACTCTGGAGAGGAGAAAGGGCCGGCGCGCG
1,CTCTGAGCACCAAGTCCAAGAAGAACAAGAAGAGCGCGTGG
1,ATCTAGACTGCAGAGCTTCTAAGTTTGGAGAGGCTGGGAAG
1,GGAGATCATTGTAGACCATCAAGAAGAGGAAGATATGAGAA
1,TTATAAATAATTTATATCTGAAGACGGAGAGCCTGTAATAT
1,GACTCTGATCATGTAGACATAATATCAGATGGCACCAAGAA
1,ACAAGCACAGCGACGAGTACAAGATCCGGCGCGAGCGCAAC
1,GGAGCGAGGAACAGAAGAAGAAGAACCGGAAGAAACTGTCC
1,TTTGATAGTAGAAGAAGGAGAAGATTGGAAACATGTTGAAA
1,GTACGCGCCTCATTAAACCAAAGGTCATGGAGGGCACAGTG
1,CACTGTAGGTATGGACAGGGAAGAAAGGAAGACCATCAATC
1,TACATCTTTTGAAACTCTACAAGATCGGTATTCCCCCTTCT
1,TTGACAAAAGGACCATTGAGAAGTTCGAGAAGGAGGCGGCT
1,TGCAGAACCCGAAAGTTTGTAAGAGGAAGAGAGCGCGCGGC
1,CAAGCTGTAAATACTCTACTAAGTTTGGAAGAATCTTCTGA
1,TTTGTGAATATTGTTTATTAAACAATTACTCCGCCAAAGGC
1,AACGGACAGATACGGGGCAGACAGATTTTAGAATAGACTCG
1,TGGCCATGAAGGACCGCATGAAGATCCGAGAGCGAAATAAG
1,GGCTGTGGCACGAGGAAGCAAAGATCACAACATTCGTGCCC
1,GACAAGATGAATGAAAGTACAAGATCGGTATTGCATGAAGT
1,TCGTTGGAGTTCCTGGCTGCAAGGCGGGAGAGCAGACATCT
1,TGAGGACGATGAGGATGACGAAGATGATGAGGATGACGATG
1,CCCGACTAGGGGCAGGAAACAAGATCGGAGGCCGTAGTTTA
1,GAGCGAGCCTTGAAAGAGATAAAAGCGGAAGTTTGCCACAC
1,GGAATGAACATAAACCAGTAAAGATCGGACGTGATGGACAG
1,CTACTCTCTTGGAGGGCTGGAAGGTCGGAAGGCATCTGGCT
1,TAGGTCAGATGGGACAGAACAAGATCAATGCCACACGTGCT
1,AAAACACAGTCCGGAGTGTAAAGATTGGAAAGCCCCATGGC
1,GATTGATAACTACCTCGTCGATATGAGCAGCGAGCTAGCGG
1,TCCGCACGAATTTTGTTGGTAAAACCAGCCGTGCGCAATTC
1,ATCAGGTCTCGTTCCCGCTCAAGATCAAGACACAGGCATAG
1,GAAGAATACAATGAGACGAGAAGTAACGGTGGAGCTAAGTA
1,ATTTTGCCCAGCCCGTCATGAAGGTGCGCCCGGGGTGTGGG
1,GGCTGGGACGCCCGGTACGGAGGTCGCTCAAGGCGCTGCTG
1,GACCCTGGCTGTAGAGTAGGAAGATCGGACTTGGTCGGCTT
1,ATTCAGAAGGCTGGACAATCAAGCTTAGGAGGAGGGCACGT
1,TGGAAAGCCAGTAGGACACGAAGGTGGTAAGTGCGCACGTG
1,GTGATATTATCGTTATAGATACGCGCAGCAGCCGCCGGCAG
1,CGTAGCGGCGCCAGATTAGGAGATGTTTGCAATAAGTCCGA
1,CCCTGCCCAGTGGAGGCGGAAAGATCGGCAGAAGCAGCACA
1,TAGTGAAGAAAGTGGCTCAGAAGAAGAGGAAGAGGTAAGAG
1,CAGGCATCGCAGGACTCATGAAGGTTAGTTGGGCAGGTTTT
1,TTTGGTTGATTTGACTGGTAAAGATAGGAGGAGGCACTTTT
1,AGCGATTTATAGATTTCTTCAAGAGGAACGAGCATACGTAT
1,CCGACTGTGGGCTGAACCTGAAGATGCGCGGGCACTTCTGG
1,GCGGAGACGGGGTGAGCGAGAAGAAAGGGAAGAGCCAAAGG
1,TACTAAAAATGAGACTGATGAAGATGGATGGACCACAGTAC
1,AACGTGAAAGTGAACCTGAAAAGAAAGGAAGAAATAAAAAA
1,GGTGGACGTCTAAGTTCCTGAAGACGAGAAGTGCAACTGCT
1,CGTTGAGGCTTCCAGTCAGAAAGGTCGAAGAGGCTTGGGTC
0,ATCTTCCTAGATAACTCTCAACTTAGCTTTCTAGTTCCTAG
0,ATTCTCAATCATCTCATAAAATGAAGGTACTGTTGGCTATT
0,TCTCCCACTCCTGGAGGACGAGCCTCTAAGACCCTACCCCT
0,CTAATTTTTTTGTATTTTCAATAGTGACAGAGTTTCACCAT
0,CTTCCACGAGGAACACCGAAACCCTTCTTTTTCCCTATCAC
0,ACCTTTACTCCTGCCCTTTGAGTTTGATGATGCTGAGTGTA
0,AATACAATTTTAAAGAAAGGAAGGATAAGACTTCATTAAAA
0,CTCTGTAAAATGGACCAATCAGCAGCATGTGGGTGGGGCCA
0,TAAATTTTTTTACAAGGAAAAAGCCTTGTAAAATATTTTTA
0,AGCAGAGGAGGTGGCAAGGGACCACAGGGGACCTGCCCCAG
0,GCCTTCCTTGAGGTAGGCAGACAATACGCTGCATGTTTGGT
0,TTTTGGTTAATCTTCCCTGTATCATTCCAATTTTAGTGCAC
0,GGATTCCCTTCCTTTTTAAGATTGCACAATAGTCCATTGTA
0,ATACTGAACTATACACTTAAAAATGGTTAACATGGGCCGGG
0,AAAAGACAGCTTCTTATATTAGTAAGGCAAAACTATAGTAG
0,CAACAGAGGAGATTCTGTCGAAAGAAAGAGAGAGAGAGAGA
0,AAATAGAATACTATAAAACAATACACAGCAACAGAATAATG
0,ACCAAAAAGAAAAAAAAAAAAGACATGCTATAATGATGAAA
0,GCAGAGCTCTGAAGGGCGCGACATTTTCCACGCTGTATAAT
0,AAAATTCAGTTGTTTGGCTTAGAGATAAAAAGGAGATGATT
0,TTGAACATCTGGTGCAAAAGATGAAAACAACTGTGAAAAGG
0,TTTCATTCTTTTCATCGACAAATAATATTCCATTGAATGAA
0,TGGTGCACTACCCTCCAAGAACCTCTCTGTGTTCGGCTCTC
0,TACACACTGAATTTATTAATACAGCATTAAGTTTCTTTGTG
0,AACGAATGGACGATGTCATCAAAGGTGCTCTCGTCTGTGCT
0,GTCCCCACCTTCAAGTCACCAATAAGTGATTTGAAAACAAC
0,TGGGGTATGCCGGCTCCAGGAATGTGATGCTCATCTGGTTG
0,AGCCTGAGATCTCCTTGGTGACCCACTGTGTTCAGTTCATT
0,TCTTGATCTCTTGCTTTAATAGGAAAGCAACGGCCCTCCTT
0,GCGGAGCCTGGATGGAGCTCATCGGGCAGAGCCGAGCGGAG
0,CCCTCGTCCTGAGCCTGACCAAGAACCAGCTCCATGAAAGT
0,ACAGCACCCCTTGTCCTGGGAGGTGCCTGCTCCCCCACAGC
0,GGTCAGCCCTCTCAAGGTGAATGCTGCTGTGACATATGGGA
0,TCACCTAGTTTGATGTGTTGATCTTGAGTCTTACTTATTTT
0,CTGAAAAAGCAGGAAAAGAAAACCCTGGCATGTTAGTGAAA
0,AGGGCAGGGTTGCCCACGCTAATGCTGCATATAAAACAGAC
0,TCCACAGGACAAGACATAAAATACCACGACTCTGATTCTCA
0,AGAGAGTAATGAGTAGAACAATCTGTGTTTTCTGGAACACT
0,CTGTCTCAAAAAAAAAAAAAAAAGAAAAAAGTCCGGGTGTG
0,AACATAACTCTCTGGAGTATAAAACGGAGGTGTTTTGTAAT
0,AAAGGAGGAAAAAGTAAAGAATAAGCCAGGGGAAATCAGAC
0,AGATATTAAAAAAAGACGGAACCAAAGGGAGAAACAACAGG
0,ACTAAGTGAAAATATTTGCCAGCCCTGAGATGCAGTTTAAG
0,CCAGCTGGTAGTTGCCTGGGAGGACTCGGCTCAGTAGTGGC
0,CAAAGTGGTTGTAGCATTTTATATTCCCACAAAAGTTATAG
0,TGCTTTATCCTTCGTCTTCAACTTTAGGCAGACCATCTCAA
0,GAGAGAGAGAGGACAGTAACAATGCTGGCATGGGGAGATGT
0,CATCCATCTTAAAGTTATAAATAGTGCCTTGAAAGGAACAA
0,ATGGATTTACCCCAAAGCTGATAACGCTAACGCTTCTGCCA
0,GTTTGGAGCAGTCAGTGTTCAATGCTACAGAGCCCCCTTGC
0,ATTGATACAGTAGGCAATGCAAGATTTGATCTCAAGGAGAA
0,GAACCTGGACTGATACAATAAGTTATTTTATATATATATAT
0,ATACTCAAAATCTCATTCCTATTCCTATTCCACTAGCAGTT
0,GGATCGGGGCAGGACTTAGCAGTACACACTACAGGAGATGA
0,ATGCTTAGTATACTACTATTACTGTATAATAGAAATAATCA
0,ACCTGCATAGGGCACTTACCACGAATGGAACTTACAAGACT
0,ACTGTCATTTGCTGAAAGTAATCTTTGGAAACATATTCTCA
0,ACATCTGAAAGAGAAATGAAAGGATGAGAATCAGGCATGGT
0,CAAAAGACGGGTTGTCTGCGACCCCCTGCTGAATGCAAATG
0,TGGCATGGAGCCCAGCCTGCAGGAGGTGCTCCTCTGGGCCG
0,GAGCCCTAGTTCTTTTTGTAATGAGTTGTTTGGCATGAGGC
0,GCATTTAGACAAATGTATACATCTGTGTAGCCACACCACAA
0,TTAGAGGGCATATAAAAGGGAGCACCTCACTTGAATTTGGG
0,GAGGTTTCACCGTGTTGCCAAGGCTTGGACCGAGGGATCCA
0,ACATGCATCCTAAACTTGCTACCATTACCAGCCCTATGGTG
0,CTACCTTTCACCTGCTCTTGAATTGCATAGGGAAGCAGTCA
0,AGTCGTGTCACTCTAGGAGAAGCGGTTTGTGTTGGTGGCAG
0,GAGGAACACTGGAGACCCTCATAAGTGCAGGCACCTCCCTT
0,ATAAAAACAAAGATTGAACAATGAAAAAAATCTAAAACCTG
0,CCTGATCAATCATAATAGTTATTAGTCATTGCTGTTTGCCA
0,TGGCCTGTAGGTAATATTACAGGCTCTGCTGGGGTCATCCC
0,CCTGAAGTTTAGGGTTTGGAAACTTTGGCATCAAGGTGAGT
0,TAATAAAAGCCTGGCCCTGTACTACTCAATTTAAAAGCAGA
0,AATGAAATTAATAGAGCCAGAAGGAGCATTTGACAAAATCT
0,TCTCATATCACGAACAGCAAAGCGACCTATTAAAAAAAAAG
0,ACGTTGCTACCAGCGACTTCATGAGACTCTGATCTGGAGCC
0,CTAGTGTTGACAAAGGTGACACTTTCTTGCCTCATTTTTTC
0,CTTTAGTAGACTTTGTCATAATTGTTTTCCCCCAAAGCATT
0,CAGGTGACATTCATCTATCTAGTCCTACACGCCATTTTGGC
0,TCCTATTTGTGGCTTCAGAGATCTAAAGGGGGACAGATGCT
0,TCCAGAAAGTAACTTGAGGCACCAACAAGTTAAAGCACCAA
0,ACTTGTCCTATTTGTGTCAAAATGCCCTGAAGAACTGGCAT
0,GAGGGCAAACTGGCCATCTGAGGAGATAACCACATCACTAA
0,GCAGTCCAAGATCAAACTGCAAGGCAGCAGCCTGGCTGGGG
0,GAATACTCTCAAACCGTCAGATCTTATAACAACCCTTTTTT
0,TGTGTTGTCTCAGCTGGAAGAATTAGCACCAGTTTAAGTTA
0,TTATCAATTCAAATCATCTGACAGTAACGTGATCGATATAT
0,CCATAAAAAATGATGAGTTCATGTCCTTTGTAGGGACATGG
0,TTCACGATTATCTGGTTCACAGTCTCCAGGGCACCTGAATA
0,TACAGGTATCGGCCTACAAAAACAAAAACCAGTTATCTTCA
0,CCCAGACTGCCAAAAGAACTACTCAATTTAGAAGAATCTGG
0,ACATTAAATTATACACTTCAACCACAGGAATTTTGTGTTAT
0,AGTCTAGGGACCTTGCTGGGAGTTGAGGGGAAATTAATGAG
0,GTCCACTGGATCTAGATAGTAAATGATGTACTGAGAGTTAA
0,TGATCTGAGAATACAACAAAACTAACTTCTCTACACGGTAT
0,GAGCACCGACATGAGCCCACACTGGCGCTGTCACCGCGGAT
0,TACAAAGTGTAATTTTAAAAAATCTCAGTTTTAAATTAGTG
0,CAGTGAGCTATGATCATGCTACTGCATTCCAGCCTGGGCAA
0,CTACCAGCCTAGAGAATGATAAAGAGAGCTTATAAGCTGTG
0,GTACATTTTAACACAAACACACACTCACGCACGCACACATC
0,AACAGCCCCACTCACTCCTAATCAGTGAGCCAAAATCAAGA
0,TGAATTTCTTTCCAGAATTAAGTGTATAATGCCAGGGATAC
0,CTTTTTCTCTATTGATTTGCATATTCTGAATATTTTAAACA
0,CAGAAACCCCAACTTTTCAAACTAAAGCTCCCCCTAAAAAT
0,GGGGGATCTGTGAAGGTTTCACTTGAAGCAACATCCTATGA
0,CACATGGACACAGGAAAGGGAACATCACATTCTGGGGACTG
0,GAACTTCGGAGCCTCGTGCTAGATTGGGTCCACGGCCGCAT
0,TGTTATCCATACATAGGGGAAAGAAGCAAGCAAGCATGCAT
0,GGCATAGGGCATGACAACCCAGGGCCAGCCCTGGAACACAG
0,TTCTCCTGAAAGAGCCCCATATGTGACTGAGTAATACTCTG
0,CAAGACTCTGTCTCCAAAAAAAAAAAATATATATATATGTA
0,CCCTACTGAGTGACTTCACCATTTGTGTGGGATGGCAGTTC
0,TAAGTGAAAAATAAAAGTTAACTTTTTTTTTTCCCTGAGAC
0,CCCCTGAAAGAACAAGAGTTAGGAAAATTATCTAAGACAGG
0,TTCTGGAGTGGCACTGACTAATCAATGCTTCTTCTTTTGTG
0,TGGAGTAGGGACAGGCATTCATCCTTCATGAGGGCATTGGG
0,TCTGGGGTCTCCAATACTCCAGAAAGGCTTTCCTGACCCTA
0,CTTACAAGAAGAAATACAAGAGGCCAGGTGTGGTGGCTCAT
0,TCTAGTTCCTCATTTGTAAAAACAGAGATGATTGGCCAGGG
0,GGAAATACTGAATAAAATTGAGAGATTTACTAAGTTAAGAC
0,CACTTGAGTCCAGGAGTTCAAGACCAGCCTGAGCAATGTAG
0,AGCACTGAACCTTAATTCGAAAATTGTTAAAGCAACCAAAT
0,GTCAGAAGCAATTCTTTGGTATTTGATTCACATAGAGACTT
0,TCACAGAAATTGGACCACCAAGGCCATCTAATTCAACCTGA
0,AATAGAAAAAGAAAATCGCCACCAAATAAAACCTATAAAAA
0,ACTGCCCAGTTGCCCTCCAAAAAGGTCATGCAGTGTACACT
0,ATCTGTAACTTCCTTGAATCAAGAAGAAAACAAAGAGTTTT
0,AACTCTTTGGTTTTAAAGATAAAAAAACATGTTTCATCTGG
0,ACTTCTGCCATTTCCTAAAAACTCGGCCATAACATTATGGA
0,TTTCCCATGTAGTCAAGTCTACCACAGTAAAAACTATGTTG
0,TGTGTGTGGTGGTATGGGGAAAGAGGGAGGGGAAAGGAGGG
0,CTGAGCTTTCAAGGTAAAACATGTTCAAACTGCTGCCCACT
0,TATAACATATAAGGTGAGTGATGACTGGGGCAAAGGCCAGA
0,ATCATGAGGTCAGGAAATTGAGACCATCCTGGCTGACTAAA
0,TAGGATGCAGGTGGGGTCAGATAAGGGAATAAAAGCAGGCT
0,ATATGTATTTAGGGGTCATTAGCTCACACAGATGATATCTA
0,AGAGGATGTGGAGAAATACAAATGCTTTTACACTGTTGGTG
0,GAAGTTTGTCTTCATTTTCCATTCTGTGGAACAATTTATGT
0,GGTGGGGAAGGAACACAGGAAATGAGAGGCCAAAGGGCCCC
0,CAGGAAATGAAATCAAGGATATTGGTAAGATAAAAAAATCA
0,ATGATGAAGTACTTACCTAGACCTAGTTTTTGGTTACTCGA
0,GTGAGGGTCCCCCGGGCAGCAGACGGGAACACCCTTGGGAG
0,GTTGGCGTGACAGAGGGCTCACCTCTTGCCTTCTAGGTCAC
0,CCTAAAAAAACAACCATTGAAAACATCCAGCTGCCTCATAC
0,AGGCTTTCTCAGCAGAGATGACAGGGGCATATGTGGCCAGA
0,GAGTGGGTGATGAGGCTTCAAGGCAACAGGGGCGCCTAAAG
0,AGCTAATGTGTGCACTAAGTAACACGGGTGAATCCAAACCA
0,ACTTTGGGGATTATGAGGACAGCTATGTGACATATTGCCAA
0,TTTGTTTTTAAAGCATATATACTTGTATACTGTCTAGCTAA
0,GTATATGAGGTGATTAACACAGACCTTGGGTTGTTAGGGTG
0,TCTGGACACTGACTGGCTATACTTAGGTCGTTTGAACATTC
0,CTTGCTATGGGGCTCTTAACACCCCACCCACCCTTGGTTTA
0,GATGAGGCTTTGGGGATTCTACTGCCGTTGCTGCCATTAGC
0,TGTAAACTAGTACAGCCACTATGGAAAACAGTATGGAGAAT
0,TTTGTCAAAGACCTAAAAGTAGAGCTATCATTTGACCCAGC
0,CACAAAAGCACAGAGAGATTAAGGAGCTTTCCTGAAGTCCT
0,TGGACTTAGCCTTGTTCAGTATTATATTCCTTAACTAGCTT
0,TAACTGCGAAGGAAGAAACTAGTTAGGGATGACAAGAACCC
0,AACAAACAAACAAACAAACAAACAATCAATCAGAGGCGCTG
0,GATTTTTCCAATATGAATTAAAGTATCTTATGATGTCTGAA
0,ACCTCTACCAAATGTTTTTGAATAATTGAATACGGATATAA
0,TTTTATTTAGAAGCGGCATAATGTTTTTGTGACCAGAACTA
0,GTCCATTCAAATGGTAAAGAAGGGAGGAGGGTGTTTTTTTT
0,CCTTTGGCAGAATCAATCTGAGAAACAATGATGAAGTAGAG
0,CAACCCACACGCACAGACCGACCCGGGGAACCGCGGGAGCC
0,ACAACTATGGCTTTCTGGGAATGTACCACTAAGAACAGCTT
0,AGAGGATGAAAATAAGTTTCAGGAAAGTGAAACAAATCAGC
0,GGGTGAGCTTTGGGCAAGATAGATGGGTTTGGGTCTTGGGG
0,CCCACCCCACTCCACGGCACAGACCTTTGTTCCAGCCAAAC
0,GACAGGTAAAAATTGTATATATATTTAAGGTGTACAAACTT
0,AGTGGGTTAAATTGTGTTACAGGAGACATAGAGTAAAAACC
0,GAAACACCATGTATTTCACAATGAAATGAGCCTTATAAGTA
0,TGCCCTGAAAACAGTCATAAAATACATTTGAAAGTGACAAA
0,GAGATGAATGGGGAGCTGGAAAGGGGATGGAGTGGTAAGAT
0,CATTCCCGGGCCCAGTGGCCAGATCGTCCACACTTGAAGCA
0,GGAAAAGAAGTCATTATTCGAAAAAGATACTTGCACATGCA
0,ATTTCCTTAAACCTTATAACAACCTTCTGTGAACCAAGTGC
0,CAAGATGACACTTTACCTACAGCAAATTTTTTCATTAATAC
0,TCTGAGGCAGAGTGCCATCCATCAGGGAGACAGCTGGGGTT
0,CCTGGACACAGGTAAGGTAAATCAGGACACTGTGACCTCTT
0,TAATTTCTTGAGGTGTACATAGAGCAAATAGGGATATTCAA
0,GGGCGGGAGGAAAGAAGCAAAGGACTGCCAGGCTTGGTGGC
0,ATTCCAGACCCCTGGCCGAAAGCGCGCTTCTCCCAAGCATT
0,AGCCATGATCACGCCATTGCACTCCAGCCTGGGTGACAGGG
0,CCTGCTGAGAGAGAAAGAAAACAGTGGGAATAGTGCCTACA
0,CCTGGTTTTCTTCCTCCCTCACTGACCATTCCTGTCCCATC
0,CTGAGATGTGTTCAAGTTAAACCTTAAAAATGTGTCGTTTT
0,AGAGTTCTTAGAATCCCCCAAAGCAGGGGCCAAGTAGGAAT
0,CTAAAATTGCAGACACTAGGACCATGTCTTGGTTTTTGCAA
0,TATTTTGGACTTAACCTCTTATCAGATATATAATTTGCAAA
0,GCAGTGAGACCAAGGGAAGAAGGGACAGGACCCCGCGAAGG
0,GGTGTTCTCACCACAAAAAAATAGATGATAACTATGTGAGG
0,AGATCTTTAAATCATGTCTGAAGCAAAAAGGCTATTCCAGG
0,TCCCGGTGCTCCCAGCCCCCATAATGCTGGGCATCCTTGAG
0,TTAGACTCCCACACAATGATAGTGGGAGACTTTAACGCTTC
0,AGAGAGAGAGAGGGGAAAAAAATACCAAACCCTTGGGAAGA
0,GTGTTTTCATCCATTTAGCCATTTGTTTCACCTGCTATGGC
0,AAAAAAAAAAAAAAAAAAAAAAAAAAAAGTAGCCAGGCGTG
0,AATACGTAGATTTATTTCAGAGAACATTTTCCGAATCCTGT
0,ATTTTTCAGCCACATTTCATAAATGTGGAAACTGAGGCACG
0,TGTTTTTCTTGCTGAAGTTAAAAAGAAAATATCTCTGTGAA
0,CAAGTTAGTCATCAGAAAGGACCAGAAACTGATTATGTATG
0,CCCATGTATGTCTTCTTTTGAGAAGTGTCAGTTCGTATCCT
0,ACACTCTGAGAATGCAGACCAGGCACGTCATTTTAGGCTAG
0,AATATATCAGTAGCATATTCACATCCCTTGTGATTCTTTGA
0,TGGTCTGGAGCATTTTGGATAAAGGATAGTCAACCTGGCTG
0,TTTTGCTTGCTTATAGTAATATGGCTCCCTTGAAAAAGTGT
0,GTAGTGCCCGCCTGCCTGAGAGGCTGTGAGCGCTCCTAAGA
0,GCCTGGAGAGAGAAAGACACACGTTCCATAATATTTAGAGT
0,CATTTACAGAGCCCTCGTAGATGCCATCCCCGTCTCTCTGT
0,AAATAAAAAGAATGAATTCCATGTAGAATCAAAATATAGTA
0,AGAGAGAGAGAGAGAAAAAAAAAATAACACTAGGTCTCTCA
0,AAAAGCACAGACATGAAAGGATGCTGAATGTTACAGTATTT
0,ATGCCAGTTAATTTTTAAATAATTTTTAGTAGAGAAGAGGT
0,TAACAGTATGACTGAAAACAAATTATTTAGCCATCTTAAAA
0,TCTGAAGAAGGTCATCTCACACCATAAAAGAGCAGTATTCT
0,TTCTTGTGATTGGTCAAGCAAGGCCCTCTTGTTTGTATTTG
0,CACATTTTGCTTATCCATTCATCTGTCACAGACACCTGGGT
0,AGGGCTGGAGAGAAGCTGGGATCTGAGACCTTGGTCTCCAG
0,ATGGACAATGTCCTGTTACCATTTTTTATTTTGTACAAAGT
0,GAGCCAAGTTCTTTAGCGTTAACTCATGGTAGGCAAAGCCA
0,AAATTAAAAGATTGTAAAGAAAAGAAAATAGGTTCTAAGCT
0,TCTGCCTTCTGCTTAGAAGGATGTGTTACCTGAAAGACAAT
0,AGAGGCTACATCTCAAAAAAAAAAAAAAAAAAAAAAGAAGG
0,AGCGCTGAACACTGCACGAAAGCTGAGTTCTCCTCTCCTGA
0,AAAGAGGATTGCCTGAGCTCAGGAGTTCAAGGTTTCAGTAA
0,ACCTGCCCAGGTGTGTGATGAAGTCAAAGCACACCTGCTGG
0,CAGCTGTGGTGGGAAGAGTTAGGGCCAGTGTCTTGAAAATC
0,CAGGGCCCTGAGGGCTGCAGAGGCCGGAGGCTGTGGGTGCA
0,TGAAGCCATTTAAGCTAGTAAACTTACCATATAATGGTTAA
0,TAAGAAAGGAGAATAAGCCAAAGAGAAGCAACAGTGGGGAT
0,AAATTGAGAAATGCATGCAAATCATTAGGAAAACACATGCA
0,GGTGGTCCGCCTCTCGTTGAAGTCTTCTTTCCTCTATTTCT
0,AGGCAGGAAAGACAAATTTTATTCTTCATAAAGTGATGAGC
0,TTCTGGGAATGCTTCAAGATACATCTGACCCAAACACCTGC
0,CCCGGAACCTGGGAATCAGAAAGAGAGAACACAATACTAAA
0,TTCCCTTGGCTAGGAAAGGGAATTCCCTGACCCCTTGTGCT
0,GAAAGGGAATACAGTTTGAGAAATATGGTAGTAATGCCAAT
0,TTTTTGTGGGGGTGGGGGCAAAATATGTTTTCAGTTCTTTT
0,AGACCACCTGTCCTTCGAGCAGGTGAGTAGGCCCCACCTTA
0,GTGCTGGGATTACAGGCATGAGCCATCGCGCCCAGCTACCA
0,CAGGGAATCCCACCCTCTCCAGCTCTACACCTGAGAGCAGC
0,TGCAAACAAGGCGGAGGTGAATTACCGCCCCTCGTGGCCGC
0,CTTGAGCCTGGGAAGCTTCAACTGCAGTGGGCTGAGATTGC
0,AAACAAAATATAGAAGGAATATAGCTCAAAATAGTAAAGGC
0,GAAAATGTCATACCTGATGGAACCAATCTGTGAGCCTGATG
0,AGGGAGGTTTGGGGCAGAAAACATGATAACAGTTTACCATA
0,GGCTGATGGATGCCATCTCTACAGAGGTCTGGGCCTTGTGT
0,CCTATGCTAGGACTCCCGGGACTCTCGTAAGAAATTTTGTG
0,CTGTCCCCGGGAGGTGCTTCACTGCCCCTTTCTTTACTGTC
0,CGTCCAAAAGCTTCCGGAAGAGCGGGCAGGGTCCTGCACAG
0,GAGGGCATAAACCAGCAGAGAACTGACAGGTAGGGCCTGCA
0,TTATTGAATTGCTGGTTCTGATACTTTTTAATGTGATTTTT
0,TAGATTGGGTTCTTTAATTTAGTAACATGGATTAAGTTTCC
0,CCATCTGGTTGGCTGGCTCAAAGCAAGCATTGGTGATCTCT
0,AAAGACTTGACACCAGCCCAAGATTGAGGTATGAACTATGG
0,ATTCAGCAGCTGAAGATGCCAGTGATTCTCTTTTTACCTCC
0,TGAGGGTCAAAATTTATTTTATTTTATTTTATTTTATTTTA
0,GGTGTGTGCCACCATGCACAACAATTTTTTTTTTTTTTTTG
0,ATAAGAAAAATGTGCAGTAGACGCTGTTTGTCCGACGATGA
0,CACACCCTAACCCTATAAAGAACTTTAAAAGAGAAAATTTC
0,CCTCAAACTCGGCTCCGCTCACTCGGCCACTGGTGGCGGCT
0,GGACCGTCCCCCGACCGGCGACCGGCCGCCGCCGGGCGCAT
0,TGAGCAACTAGAAAAATGTTAACATTAAGTGAAAACACAGA
0,TGTGTGTGTGTGTAGGAGAGAGAGACAGAGTCTCGCTGTTG
0,CAGCAGTCTGGGAGACAAAGAAGGCAGGAGGCTTGCTCAAG
0,GCCTTACCATTTGTGTTCTCACACTCTTACACTCAGGCACA
0,CTATGAACCCTGTTGTTAATACCTCTGTGTTTCCACCAGTT
0,CTCGATCTCTTGACCTCGTGATCTGCCCGCCTCGGCCTTCC
0,GGAAGTTTTACCAGGGCCACATCTTAAGGTTTTACACAGTA
0,GGGTGACATTTTCGCTCGCCAGTTCCTGGCATCAGTGAGTG
0,ATAAATACAAATGAAAAACAATACAGTATAATAATTATTTA
0,GCTCGAAGATGTCGTTGACGAAGGAGTTCATGATGCCCATG
0,TTATGGTCTTTCTTTATTCTACTTATTGTGAATATTCATAC
0,CAGGAGTGCTGTGAGGTTTTAATTGGGTAATGGCTGTGGAG
0,AGCGGGAGGGCGGAGGAAGGAGAGAGAAGGAGGGCCCACAG
0,AACATCAATCTAATAACAACAACAAAAAAGACAAGAAATAC
0,TCTTCATTCAGGTTTCCTACAAAACTTCCATATAATTCTGC
0,TTCAACCTAATGGCATAATGATGATGGTTCTACTTAAGCAA
0,CCCTTCTCAAAATGTTACGTAATGTAAAATTCCATTTACAT
0,GATTATTCAAGGATGGCTTGATTTAGGCACAATTAGGCATT
0,TGCATTCCAGCCTGGGCAACAGAGTGAGACCCCATTGCCAA
0,AAATCCAAAGGGCAAGGGTAAAGAGCCTGGGAAAAAGGAAA
0,TTTTTACATTGCTGATATCGATTTTGGTTGAAGTGGCAATG
0,AGGCCTTCACTCATTCTTTCATTCATTCAACAAATATTCTT
0,GACTATCAGAGGCAAAAGGAACTTTAAAGATCTTTCTGTCA
0,GAGCTGTTTTCTTCTAGATCAGAGACTGGGGCATGTCAAAG
0,GTATTTGCTTGTTAAAGGAGACTCTGAAAAACTCTATCAAA
0,AACATCCCCCACCATAAAAAAAAAATTGTTACAAATGATGA
0,TCACTGAGCTGTTCTGACAGAGGCGCTGGCACCTATTGTGA
0,GTAACTTTGTTCAGTATTACATGTTTCTTCAAATGTGGCTG
0,CATATATATCTAATATACATATATGTAAATATTTATTTATA
0,TATATATATATATTTAAATAAGCATTAGTGTCTTAGAAATA
0,ACATATTCACAATTCTATAAAACTGTGTACTGGAAATCAAT
0,CAGTGGGCTTAAAAATATTCAGTAAACCAAGCTGTAAACAA
0,GTGAAACCCCGTCTCTACTAAAAAAAAATACAAAAAATTAG
0,CCAAAAAATAAATATAGTGGAATGCAAGTTTGAGGGATGGA
0,GAGATGCTACAGAACATGCCACGCTTGATACACTTCGCATC
0,TAGAGGCTGGTCATCTGACTACGGCCTAATATGCCCATAAA
0,CCAGATTGAAAAAGTCAACAAAAGCAAAGGCTAAGGAAATG
0,CCCCAGCCAGTGACTGTCTAAAAGGAGCCGAGTTCCCACTG
0,CATGTTGCAACAAAATTTTAAAAACATATTATTTTGGAGAA
0,CCCCATTAATGACCCCAGTCACCCCGCCCCCTCCTTACACT
0,AGAACTACTCAATTTAGAAGAATCTGGAATACTAAGTATCT
0,AGAAAAAACCTCATGGTCTCAATATATACCAAAAGAAAAAA
0,TGCTTCTTTATTTTCTTATGAATTTTAGTATCAACTTGTAA
0,CAGTGGAATCCATTTTGTTAACACCGACAATTAGTTGTTTC
0,GGTGCCCTTATCTAGTACACAAGAATATAGACAAGCCAAGC
0,TAGAGTGAGCAAAAGTAATGACTATAACAATGTCTCCCCTG
0,GGCTACAGGGATTCAATTGTAATCAAAAGAGGCTCCAGAGT
0,CATTCTTAGCATGTTTCTTCACCTATCTCTATAAACCCCTT
0,AAGTGCAAAGAACACGGCTAAGTGTGCTGGGGTCTTGGGAT
0,TGGGACCACAGGTGTGTGCCACCACACCTGGCTAATTTTTA
0,AGTAGAGTTCGTTTGAAAATACACACACGCACCACACGCAC
0,ACACAATACTAAAAACACGAAGCCTAAAAATGACACAATGT
0,TCCTATTTTAAAATTAAGAAACATTTTAACAATTTGGTATT
0,ATGAAGCCCCAGGTTGTTTTACCTGTGCTTTTGACCAACCA
0,CAGAGGCAAACGTTGCCTCTATAGTACGGAGGCTTGCATTT
0,TTTAGTTGAGGCCACGACCCACAGGATGGAGTGGTTCCTTT
0,TACATTTTTAAACATTGTGTATCACTTAAAAATTATTGTAG
0,TTTTTCTCTTCTTCAACCCCAAGCACGAACCTACCCTTATT
0,ACCTCCGCCTCCCAGGTTCAAGCGATTCTCCTGCCTCAGCC
0,CTCACCTGCCCAACTTCCAAATGTGCCCTGTCCAGGTCCAC
0,AGCGCCCGTCTCACTGAAGAAGGTGTTGAAGGAGTCATCTC
0,GGAGCTCGTTGTTGAGGATGATGCCTGTCCGTGGTGAATAC
0,TAAGCACAAGGAATTGGCAAAACAGACATATCCACAAACTG
0,GCAACTTGAGTTTAAGTTGCACTGCTCCATACCTCTAATAA
0,ACATACAAATGTCAGAAATGAAACACACACATAGGAAAAAT
0,GCGAAACCCCATCTATACAAAACATACAAAAATTAACCAGG
0,CATAACTCATGTCGTATGTCAGAATCTAATTTAAGTACCTT
0,TTGCCTTTCTCTTCTCTACCACCGTTTCCAGTCTAACCTCT
0,GTCCCTACAAAAATTGCAAAAATTAGCCAAGGCAGGGTGGT
0,AGGCTGTGTTGTGTTACAACAAAATAAGTGCAGTAGTTCCC
0,GTGCCCTCCAGTCTGCTGTTAACAAGGCTGTGCAAAAGGAA
0,TGTTCGTGTCATGCGGATCAATCCTGCCCAAACATTAGTGT
0,TCATGATACGCTTGCGTCAGATGTTATCCTCTGAGGAAGCC
0,GGGGCCAGCCTATCCCTTGAATCCTTGGAGGAGATAAAAAT
0,GTAAGCTCCTTTATGATAGGATGTGGGTGTTTTCAAGGGAA
0,TGCAGGGTTGGAGGGGCCCAAGGGGCGCCCTGGATGTGGCT
0,CTCAGCCTTGGCCATGTGAGATGGTCAGGGCTCTGAGCTGT
0,TGTATTTCCTCTAAAGGTTTAGTGTAATACTGCTTGTTTGT
0,GGGTGATGTTTGGTGGTAAAAAACCTACAGGCGTTTGGGGT
0,AGTTGACCCTTGAACAATGCAGGGTTTAGGGATGCTGGCTC
0,CAATGCTGCAGTTCCTGATGAGATCCCCCCTCTCGAGGGCG
0,CTCTACCACTGTACAGGTGTAAAATTTATGTATTTATTTAT
0,CTAACTTTTATTATACACACAATGTGACTGGCATTATTCTA
0,AGACCCAGACCACCACAGACAGACAGAACCGGGCATGGCAT
0,CCAAAGAATTAAAAGCAGGGACTTAAATATTTGGACACCCA
0,ACAAAATAATATGTGAACCTAGAGTAGTTGTAATTTATGTC
0,ATTCACATAGGCATCCCCCCACCCCACCCCACCCTCCACCC
0,ATTTTATCGGTTTTTAAAATATTTTCCAGTCTCAGGGCAAG
0,CCTTACTTTGAGCACGTTTCAAACACTCTTTTGGAAGAATC
0,GTAGGTCTAGTTTCACGTAAAGCAAATATGTGGTTCTGTAC
0,GGTATTTCACTACAATGAACAGCTTAGCATTTTGACAACTG
0,GTGTGTGTGTGCACGTATGCATATGCCTCGGCCACAGCCCT
0,ATTGAAATATAATTGTATATATGTAGTACATAGTGGTGTTT
0,TTTAGTTTGAATTATGTGACAGTTGGCATGGCATAGTGGTA
0,CATCCCTGGAGCTCCAAGTGAACCCTCTGTGTGAGCAAGCC
0,GCCATCCGGTCAGCACAATGACCACATCTCCCTTCTTGAAG
0,CCTCTTGGATCTCCTTCTGAACCCAGGTCTCCAACTGATGG
0,TACCTTGGGTGCGTTTTCTCAGGACTTTTTAAGACTGTGTT
0,CATCCTCATGGTGCTTCATGAGGTCAATGGTGTAGATCCAG
0,TGAATGTATAACCAACTGAAACAAACAGTCCCAATACTAAA
0,GCGATGAGAGGATATCACTTAATTGAGTAGGGAATGCAGTG
0,TTGTTTGCAGGCTAATCTAAACGAATCAAAATCTAGGTGGC
0,TAATACCTCTAACTTTATAAAGTGGCATTCGGAAGCAACTT
0,CAGCTAGGTGGCTTATTAACAATAGAAATGTACTTCTCACA
0,GAGATGAGGCTGGTGTGTATAAGAGAATGCATTCAGCTCAA
0,ATTTTAAAGAGGAATGTCCAAAAGGAAAAGGGGGATGGGTT
0,TTGAGACTTATTTTTGGTCCACCTAAGTTATACCATTTACC
0,GGGCCTCTGCCCAAACCACAAAGAGTATCAACTGTCAGGAC
0,CTCTCTTGGGCCTACATTTGAGCACCTCCCTACACTGCCCC
0,TCTCATTATCTGATAAATGTACACTTAGGTCTCACAGCCCC
0,TGCAACTACACATCCTCCTTATAGTTCTTGCTTTCCTTTCA
0,AAGTGGGGGCCAGACAGATAATATATCAACAGGTGAATAAA
0,ATCAACCTCTGCTGGTCAGGAGGGATGCCTTCCTTGTCTTG
0,CTGTTCAGGGATCGATCAATATGATGTGACTAAAAAACGAC
0,AGAGTCACTTGGTTAGATTCAACACACACACAGAGGCATGC
0,TTGGTGTTCCTCCCAGTACCACTTGTCACTTTTCTCCTGAA
0,TCCCTGGACATTTCTCTCAGAAGAATTATTTTTTTAAACCC
0,CCCAGTGCTCATCTGATTGCACCTGGATGAGAGACTCAAAG
0,AAAGAAGTGGGGAGATAAAAACTAGAAGAAGCAAGAGAGGT
0,TGAACCGGAGCCAGAAGGACATTGATGGCAAGAAGGACATT
0,GACCGCATGCGACCCCGGGGAGTTGTGGGTAGAGAGTTCCA
0,GAGGCCGAGGCAGGTGCATCACCTGAGGTCAGTAGTTCAAG
0,GGGCCCTTTGAACCATGGCTAGAGCTGGAGCAGCCGGGATG
0,GATGTCCCTTTTCTTTCTGCACAATTATCCTTTTTCCCATT
0,CATATTGCTAAGAAATTTCAATCATTTCTCATCTTTAACCC
0,AGTTGTCCCAGGGGACTGGAAATCAAGGGTGCTGAGTAAAC
0,ACTAATTAGGAGGAGTCTTAAAAATGTGGAATAGGCCGGGT
0,TCTTCCTGATCTCACTGAGGACCAACCTTTCGACATTCTTC
0,TTTGCCAAAGAGGTAAAGCTATTTTACATTTTCATGAGCAA
0,TTATAGTGCTCACCTCGGTTACACTGTTCATTCACATGTAT
0,CAGGCAAACCCTTTTTGATTAGCTTCTGCAGCCAAATCCAG
0,TTTGTCTTGTTAATGTTCAGATTATATATATATTTCTCCCA
0,ACTGTTTAAGGCGGAACCCCAGCTGCCTGGGGAAAGGAGAG
0,CACCACACACACCACACACCACATACACTACACACAATACA
0,GTTCTGCTTATACAATTGCCAGGATTTTGGGTTAGTTTGTG
0,CCACAGGCGAGCCTCCTGCAAGCATCCTCTCCTGCCTGGGG
0,AGAGAGCCAAATCATGAGTAAACTCCCATTTACAACTGCTA
0,GGACAGGACCGGTGCCGGTGAACCGTTGGCATCGCCCTCGC
0,ATAAGGCTATATAGCATAAAATGATGATGCATTTTCTCCTG
0,CAAATGGTATTTCTAGTTCTAGATCCTTGAGGAATCGCCAC
0,CGGGAGAGGGGCGGGACCAGAATGGGGCAGGAGTTGGGGCA
0,ATTATTCGTTCTGTACTGAAAGGTAGATGGAAGCTTGTTGC
0,GATTAGGGACCTAGGTAGACATTAAGTAGTGGGGTGGCTAT
0,ACTCTGGGTGTTGTCTCTGTAGCCGCCATTTTTTCTTCTCT
0,GTCAGAAATGTGATGCCAGAATGCCCACGGAATAAAAGTAC
0,CGGGGTCCCCCAGCTTCCGGACTGGCCGCACCCCGGAGGAG
0,AATCACCAATGGGAGTAGCCAGATCAGCCTTGGTGAGAAAT
0,AACTTCAATACAAGGTCAAAATCAGCAACAAGTTCTACAAT
0,CCCATCTTCCCAGGTGCAGAATAAAGGCAAGATCCATCACT
0,TCTGAGATGCCAACTGACGTAGCTCATGAGTAGCGTATCCT
0,AGCTATAAATGATTATACTTAGTGAAGAAGGCATGTTGAAA
0,TAGCAGCCTCAAATGGACTAAGACATCTCATCAGAAGAGGA
0,TGTTACCCAGACACCCCCAAATTCTTCTAACAAGTCTTCAG
0,GCCAGGGTGGTCTCGATCTCATGACCTTGCGATCTGCCTGC
0,AAAAGTGAAAGTTGGGAAGGAAGATTCTTCTTCTGCAGAAT
0,TCTCCCGATCTGAGGGTTGCACAGTTCTGTGGAAAAGCACT
0,GGGGCGGTATTCAACTCATCACTGGTGAGCAGCAATTCATC
0,AGATCAGAAGGTGGGAGGAGAGAAAGGTTGGTGTGTTCATT
0,GAGCACCAGGTGCAGGGTAGACTCTTTCTGGATGTTGTAGT
0,AGCCACACCCAGGTCTCAGGATCATCCATAGCTGCTTGGTT
0,ACCTGTACATAATAGGTGCTATGTATATGTTAGCTAAGAAT
0,CATCCTCTCCTCCTAGGAGGAGATGCCATAGCAAAGGCATA
0,AAACTAATTTACACTCCCACAAATAGTGTAAAAGCATTCCT
0,CTTTTTAAAAAATCTTTTAAAGTGCAGGGACCAAATTTCTG
0,TCAGGATGAGCAGCTATGTTATGTTGCAGTAACAAAAGACC
0,AATTAGCAATTTGCTTAAATATACCATAATTATGAACATTT
0,TGCTCCTGAGGGAAGTTAACAAAAGCCAGATTAGATACTGA
0,GTTGCTTAGCTAAGCAGAAGAATTTGTCATTTTTTTAATTT
0,ATCCTACCTAAACAGATAGGAATCCTCTCATGTTACACACT
0,CATCCTGGCTAACATGGTGAATGAAACCCCATCTCTAGTAA
0,GCATAAGTATGATGTACATGACTTGGTAAATCCCCACATCC
0,AAGCAGTTGGTTACTCTGGAATGCCTGGCCCTGGAACTGGA
0,AGAGCCTAGGAGTGCCATCAAAGTCGAAACCCACGATGAGG
0,TGGTTCTGCTAATTGATGTAAGAAACTACTTACATGTTTTG
0,TTAAAAACCCCAAAAGAATGACTCATTCCACTCTTTATTAA
0,CTTCCCCTCCCGCCCCGGCCAGCGTTCCGCACCTTGACGAT
0,TCAGGAGAGTAAGGAGAGTAACTTCGAGGTCTGGAGGATCA
0,GGATTTGGCTCTGATCACAGAGTCAAGTGACTGAGTATATG
0,GTCAATAAAAACTCAGAATGAAAAGTGGCACTATAAATCAA
0,GGTTAAAGGAATTGCTAACTAGAATAACCAGTTTAGAGAGG
0,ATGAATGTATATCTGTATATATGATGAGGAATGAGATATTT
0,CCGGGCTCCGCCTCGGTGGCAGAGCTCCTGAGGCCTTCACA
0,CTGGGAGGAGAATGGAGTTCACCTTCTTCAAGGAAGACAGA
0,TATGTTTTTCAGAGCGACGAAGGTCCTGAACCAGAGGCTGA
0,GTGCCTGCTGTGAGAGGAACATCATCCCGACTGAGGGGAGG
0,TGATGCTGGTAATGATGAAAAACCGACAACTCCCGAGCTCC
0,CTTGCTGCAGTGACAGGCAGAGCTTTCAAAAATATCACATC
0,ACCACACCCGGCTAATTTTTATATTTTTAGTAGAGATGGGT
0,AAATAAATCTTCATTTTCACATTTTTTGTTGCAGTCCAAAG
0,AGTAAGTGCCATTAAGATTTATATTCTATCTTGGAATATTT
0,GCATAGCACTGTGTAGCTATAAAGCGCCAACGAAAAGGAAA
0,GGATAGGGGCCTGTCCAGGCATCCACATATAGAATATTTAC
0,GAAAGCCATGGTGCTAGCACAGGAGATCCAGGGTTTCTTCA
0,TTATTGTAGCACCATTTACAATAGCCAAGATATAGAATCAA
0,GGCACCTCTGGCCTCCCGTGACCCCCAGGCCGAGGGTCCCC
0,CCACACACCTGGCACCAAGTAGGGACCCATGGGAGAGGAGT
0,GACCAGTTCATCCCCTCCTTAGGCAATTATGTGGTCCCCCA
0,AGACCCTATTTCAGAAATACAACTATAAAAAAATAAATAAA
0,TATCTGCTGACCTTCCCTCCACTAGTGTCCTATGACCCTGC
0,TAGGTTACCTTTTTTAATGAAGAGTAGTCAGTCTTCTAGAT
0,TGTGAAAGATTTTAAGACTTAGGGATATTATCTTTCCTTGT
0,AACTGAATAAAATGTTTGCAAGTGTTTTAAGGAAAATGTAT
0,TCCCTGGATGATGGTAGAGGAGGGATTAAAAAGGCAGAGTA
0,TGCCTGGGTCTGTGGATTAGAGGGATCATGGTTTTTGCCTC
0,ATTAAGGAGATGGTTAATGAAAGTTCAGTCACTCAGTGGAA
0,TCATGCACAGATCAAGCCTAATTTTCCATGTGGCACCCCCC
0,GGTTTATGAATTGAAGAAATAGGATTATAACATCTTCTGGT
0,TATAGTTAAAATGATTGAACATGGTGTCCAGGCTGGGTGGG
0,AGCTGGCTGGAAAGTGTGTAAGTGTGTGTGTATGTGTGTGT
0,TGGGGGCTGGTGGCTACAACAGCCACACCCAGGTGCCGCCA
0,TGAGTGTGACATTCTCTCTGACCTACAGCTGAAAGTGCCCA
0,ATGGTGCCTGGGAAGAAAGAAAAAGCAGGTGAGGATAGTGC
0,AGGGTGGCCACCATCTCTGCAGATTGGTCGACTCAGCTGTT
0,TAGTGAGAATGTGACTCTATAAAAAAATTAAAAACCCTGGG
0,CATTATTTAAGTAATTACTAAAATTATTAAGTGATTTGGGA
0,AGATTATACCAAATGAGATGATTACTACGGTGCTGTGTGTC
0,TTTGAGGTAAGGTTTATTTTACATTATAGAAGAGTAGATAC
0,GAGTGAGTTACTTAACCTAGAAGTCACAAGGGACAGTGGCC
0,GGTCTCACTTGTGAAAGGAGAGGAGCTAGGAAAGAGATTGA
0,AACAACAACAACAAAATAATACAACAAAAAGGCGGGTCTCC
0,GCGTGAGCCACTGCACCCAGACCCAAATCCTTGACTTTAGA
0,CTTGTATCCACCTTAAAACTACCAGATATAAAATAGCTTTT
0,CCTGAGACCACCAGGCTTATAGTGTGTGGCAAAGCTGAGAA
0,TAGGCAAAGCTTGTCTGTGAAGTTAGGGCGTCAGCTACAAG
0,ATGATTCCTATTTTGTGCATAATAACATTGAGGCTCAGAAG
0,CATTCAATATCACTGTAATGAGAGAGGCATATTAAGATTAA
0,TGTTTTCTTTCTTTGCTGCTATAGGGAAATGAGACTTTTAT
0,AAAGAATTTATTAGTCTACGAGGTCAGGTATTCATTGAATG
0,CCCTTGCCCCTCTACAGTATATCATCCACATAACCTTCTCA
0,TAAAGAAAATAGATAGCTAAATATTGCAGTGTGAAGAAAAA
0,GGGGCTTTTGCTTCTGGACAAGGCTAAGATTTACTTGGATA
0,CATTAGTCATAATAACCAAAAAGTGGAAACAACACAAATGT
0,ATCCTCTATAAGCGGCTGAAAGTGCCTCCTGCGATTAACCA
0,CTTGTCTTACTTTCATAACCAGGAGGGGAAAAAAATCATTC
0,ACTTGAGATAATCCTGAGTTAAGGATGCTATGTTATCTTGG
0,GGTCCAAAGCTAGTGGCTGAACTTCAGTGTTCCAGGCACTG
0,GGTTGGGGCGACCCCACGTCACCGCCGAACTGACCAATCCC
0,TAATTTAAGTAGTTATTTTTAATAATTAAATTAGCACTCTT
0,AGCTCACCTGCAAAGCTGGTACTAACCGGCACATGCTGTCC
0,TGCAGGGAAAAAGTAAGCAGAAGATCCCTCACCAGCACTCC
0,CCTGTCTTTATATCTTCCTAATCCTCATCCTACCACGTTCC
0,GCATATTTTAGGATCAGCAAAAACCCACAATGCCTTTGGCC
0,CTTCACATTTTTCTCTAGAGAGCCTGGCACTTTTTTTTCCC
0,AGGAAGTAAGGGTGATGAAAAGAGAATCTTGGTGGTGTCCC
0,GCTTGCCAGGAACCATATCAACAATGGCAGCATCACCAGAC
0,GTAAGAGCAGTAATGAGTCCAGGAAGTGTTGTTACCATCTA
0,TTCAGTTTTGTGAATAGATGACCTGTTTTTACTTCCTCACC
0,CAAAACAGCAACAAAAAAATACTTTTCCTTAAATGTTACTA
0,AGGAGGAAGATCTGTAACCCAAGAGAAGTTGCTATGTGGTG
0,CAAGCCTGAAAGTAAGCAGAAAAAAAATAAATAAAGAGCAC
0,CTGTGTGTCACTTCTCCAAAAAAGCCCCCACAGCTCCCTCC
0,GCATTCCTGTTTTGTATATGAAATTAGAGTTTAAATTGCTC
0,CATGCCTGCCTGCTCAGGAAATGCCTCTGCATCCTGCAACT
0,ATAAATTAAAGGTTCTGTGAATTTTACTAAATGCTTTTATT
0,AATTCCTATTAATTGGTTATAGTTGATGGTTTAATTTTTTA
0,GGCATTTCAGCAACTGTATCAGGAATCAGAAGATTTAGTTT
0,ATATTTGGAATGACTATTAAAAAAACAACAATGTGCAATCA
0,TGAGAGAAGTGGGCCTAGATAGGCCAGGTGCCCCTCCTAGG
0,CCCGCCACACGCCACCCGTCACCTGCCACCCGCCCCCCGCC
0,TTGTATTTCCTAAGATTAAGATAGAATACTTACTGATCAGA
0,GAGGGAGAAAATTAACTGGAAGCAGAATCACCTGAGAGGAC
0,GCAGGGAAGCCTGGTTGGCGACTTTGACAGCCAAATGCAAG
0,CAAAAAAAATAAAAAAGTACAAAAAGTACTTGCTTTTATAT
0,ACTGTGCTAAGTGCCTTACAAACATTATCTCATTCATTCCT
0,TAAAAATGTCCAGTGACTACACATTATGCTGAGGATAAGAC
0,CATCAAGGTGAAGGACCAGGAGAAGAGGAGGCGTGTGGAGG
0,CTGAGATCAATTCAAAATTAAGGGCATTTAGGACAAAATGG
0,CTCAAGGGCTGGTGTTGAGTACCTACAGCTTTTCCAGGCAT
0,CACCAGGGATGTGGGTGCACAGCTGCTTGGGTGTGGGTGAT
0,TCATGCCAGCCTTGTATCCCAGGAAGGCTGTGAGGTGGACC
0,TTCTTTATGACTTCCTTATGACCATTATGGATTTTCCTTTG
0,TATGCCTCTCTGAAAAACTAATAAAAGCATAAATGGAAAAT
0,ATCACACCTCACTCAGCCTTAGGCCTGTGGCAGCTGCCTGG
0,TTAAGTTGACTGATAATGGAAATAAGGAGATTATCCTAGAT
0,TGGAATTACAGGCACACACCACCGAGCCCAGCTAATTTCTA
0,TCAGGTGGCGCATGATTTTTATTTATTTTATATCTGATGCT
0,CCTAGTCAATATATGTAAGCAGTTTAATTACCAGGGATGTT
0,AGCAGCTGTGATTTTCTGCAAGCCTGAACTCGAGGTAAGCT
0,GGGGGAGGCGAAGAGGAGTAAAAGGAGATAAAGAGACAATG
0,CGGTTGGGAGGGTGTAATTTAAAGAGTGTGAGAAACTAAAC
0,AAATATCAAAAGAATCAACTAAAAGAGCTAAAAGTGGTTTC
0,CTTCATTATTTCTTTTCAAAATTTCTTAGTTTTATGTATTT
0,AGAGGGGCCAAAGCTGGGCCAGAGGACCCACAGGCAAGGAG
0,CCGTCTCTATTAAAAATACAAAATTAGCCCAGCGTGGTAGC
0,TGAGAATCTGGAAAATCATGATTTTCTCATTAATTCCATAA
0,CACACAGCTAAGTCAAGGAAAGGAGGAAACCATGCAAGTGT
0,AGCCTTAGAGGGGTGGTGAAAGTATTGGCTTTTAACTCTTT
0,AAATAATAGATTTTAAAAATAAAAATAAGAATTTGGAGGTG
0,CTTGAGTATTGTTGCTACAGACCTATGTAGATAATACTTTG
0,TGGGGTACTTCAGGGTGAGGATGCCTCTCTTGCTCTGGGCC
0,CAGTTTTTCTCTAGAATAGGATATACACATAGAAAGTACTA
0,GTTCTGACAGAGGCGCTGGCACCTATTGTGACACAAGGTCC
0,AACCTGTTTTACACACATGCAATTGGAAATCCAGAAGAAAT
0,ACAATAATAATAATAAAGTGAATATACCTGGAAATAACTGT
0,GGTTGTAAGCTGCTCTCTTCAAACCCAATTTTCAGGCCCTA
0,CCTTCCTCTCTCTCCACTGGAGGATGAAGCTGAGAGTTGGC
0,GCACTTGTAAATAATTCTCCATGGCCAGCATAAAGCGGGTT
0,GTTTTAAAATAAAATAACATAATGTCTTAACAGTAGATTTT
0,TCCAGGGCTGTGACTTAGATAGACATCACTTCGGGGACCTA
0,AGGAAACTGCTTATTTTTCCATTTAAAGATAGTTTTTTTCC
0,TATAGTATTGAAAAGGGGGAATATGCATCCAACTTGTGTTA
0,TTTAAACACCATGACAAACTAAAAGAATACAGGAGAAAAGA
0,AGAAAATGAGGGCTCAGAGAAGTTCAGAAACTGCCCAAGGT
0,GGAGGAAGAGGCCAGGAGCCAAGGAACATGGGCAGCCTCTA
0,CACACAGCTCCCTTCAATCAAGTGATACCAGTCTCCCGGCC
0,AACCATAGTTTTGTATTTGCATAGAGAACAGATATCTTAGC
0,CTGAAAAGGAGTCGGCACTGAGGTCACAGAGTGAGTGCTGC
0,GTTCCTCCAAGGGGGTGTACAAGGAACAAGTGTTGGTTGTT
0,GGCAGACTGCCAAGTCCTGGAGAAATAGTAGATGGCAAGTT
0,TCTAATTCCACCTGCCAATTACCTGAGCTTTCAAGGTAAAA
0,CCCTAAATTTACTCTAATTCATTCCCAGGGTGGCCTTGCCT
0,AAAGCCCTAGAAGATAACCTAGGCAATACCATTCAGGACAT
0,AATTTTCCCTAAAGGAACACAATAAACTGCACAGTAGTTGC
0,AATTCCTCCAGAGTACTGTTAAAAAAGTTTCTACTCTAAGT
0,ATCTTGAATGGTGGAGATAGATTCAAGCCATTTTGAGCCCA
0,CAAAACAAAATAGTAGTGATAAGGCCGGGCACGGTGACTCA
0,AGATTACAAGACTGCTTTCAAATAACAGTATCAAATATAAA
0,ATGTATGTGTACATACATTTAGATATATAAATTCCAAAGTA
0,GGCCTGTGCCTTGCTAGCTGACCTGGAGATGCTGCCTGGTG
0,AAACCAGCTGAATCTTGATAAGAGAACTTTCTGGTGTTGTA
0,GTCTTCAGAGCTTATTGACAAGATATCAGAAAAAGGTGAGC
0,GCGGCTCTGCTGCCGCTCTGAGCTGCTTGGAAAGTTGATGG
0,CAACCTGAAGATTCTTAACAAAAAGCTGTTCGCTTTTATTA
0,GCAACCTCCGCTTTAATGAAAATGCTCTTCTTCTGAACAAT
0,GGCCACTGTTAGCCCCTACAAGCTGGCTTCTGTGTCCTTTT
0,CCCTTCCTGTCCTCCCATCCAACCTCTCGCATCATGTTGAG
0,GATTATCCATGAATTGTTGAAGGTAGGTGATCAGTACAAAG
0,TTGAGGCTGCAGTGAGCTATAATCACACCATTGCACTCCAA
0,CATCTTTGTGATGCACAATGACCTCTTAGCTTCACTTGGCC
0,GGCTCAATATCCAGAAGGAAACAAGGCCTTATAAGAGGTTC
0,CTTTCACAAACCTACATGGTATAGCCTACGACACACCTAGG
0,CACTATGCAAAGAACTCACCACAAGCCACCTTTTGTAGTGT
0,GTCCAGTAAGTAAAACTCAAAAATTAGTTCTTTAAGTAGAA
0,TGTCTGGCACGTACGCTTATATGTACATGTGTGGGGGCTTG
0,AAGACTTGCTCAGGAATGTAACTGCTACCAGCCTAGTGTGA
0,CTTTTATAGAAATTACACTGAAACAGATAGGCAAATGTGGA
0,TTGCCTGTGATAAGTTGCTCAGGGTGGAAGAGCTGGCGGTA
0,GAGAATCCCTTGAACCTGGGAGGTGGAGGTTGCAGTGAGCT
0,AAGACTCCATCTCAAAAAATAATAATAATAAAAAATAAAGA
0,TTCCACCTGAGAAGGGCTTCAGAGCCCACCAGGCAAGGAAG
0,TGGCGGTGACACGGGTGGGCAGGTACAGGCCGTGCTTGGCC
0,TGGGGCAGGCAATGTCCCAAAAGGCACTCGTGTTCCGGTGA
0,GTCACCTCTTACACAGACTTATTTTGTTTGTCTTTTTCCCC
0,AGAACTTAAATTAAAAAAAAAAAAGAAAATCAGTATATAGA
0,CTGAAAGGAAATAGACATGAATGAATGAATTAATTTTTTTG
0,TCACAATTCAGACTAGCCACACGTCAAGTGCTGAGTAATTA
0,TCTTCAGAAAATAAGGAGTGAAATAGGTCATTTTATGTCCA
0,TACAATGCATTAGAAGTCTTAAAATTTAGATATTTCAAAAA
0,TCCAGCAGTGTGTCGAAATCATGGAGAAGCTTCCAGCTTTC
0,CCAGAATCGAACACCACTAGAACTACCCAAAAACTGAGATG
0,AAATGAAAAAGATTTTATAAATACAAAGCTTTTTAATTTGA
0,TAAAGCATGACTTCTGGCATAAAACACATGCTTAAGTAGAA
0,ACAAAAGCCAAAATTGACAAATAGGATCTAATTAAACTAAA
0,GTGACAATTGTGTTGACTCTACAAATTGATGGTAAAACGTG
0,AAAAGTAGAATAGAGGTTGAAAGTGGGGAGAGGCCCAGAGA
0,TATAAAAGACGATTTTACAGATGAGGAAATACAGACTTAGA
0,GGGCTGGGCTTGGAGTGGGAAAAGTGAGTAGAAGAGGAGAG
0,AAATACTTTTTCAAAATGGAAAAATTTAAAAGCTGTCTGGA
0,TAATTCGCCGCCGCCAAGACACGTGAGCCCTACCACCTGCA
0,GGACAGTGCCTAGCACAAAAATAATAGATAGTGGTGGTGGG
0,TCATGTTCTCCTAAGATGGAAGAGACTTATTTCCCAATGCT
0,TTAATAGCAACTGGTACCATAAAATTTCTCTACCTTTGGTT
0,TGATGCCCACTGCAGAGGGCAGAGCCACACACCCCTCCAGG
0,AGCCAAGTTTGTTGAATGAAACCATTCATTCAAAGTACTGT
0,GATGGGGACAGAAAGGTAAAAGACCAAAAAAGGATAAGGGG
0,GTCTTCTCTCTACAGTAGGGAGTTACAAGCCTGAAAACTGC
0,ATCTCTTAGTTACTAGAATTAGACTGTTGAATGGCTATAAT
0,CATAAATGGGCTGGACAAGGACTCCTATAAACATGGATGGA
0,TATTAATATATAATCTATTAATATATATTATTATTATATAT
0,GAAGCTACATTAGGAATATAATGCGGTGATAACAACAAGCT
0,AACTTAGCTATCCTGATTTGACCCAGTATTTTAGAAATCGT
0,TATATTCCCTAGATTTTTATATTACAGTCATTTTGGTGTTT
0,CTAAAATGCTCCAAAAATCAAACTTTTTGAACACCAACACA
0,CTGGTCCTCTTCACCTTTTAATCCTCATTCTTCTCTTTGGA
0,AGCCTCTCGGCTCACCCCCAAGCATTCCTGTGGGGCCTTCT
0,GTTTTCATGCCTGCTAACACAACATCTATTTTGCAGCCCAT
0,GTCTTATTGTTAATCTGGAAAATACACAATAAATGCATTAC
0,GAAAGAATCCACACTCTTACAGAACAGCAAATCATAAATGG
0,ACAGGATTCCTGCTGAAGATAGGCCAGGGTGATCAGTCATT
0,GGTATGAGAAGATTGACTCCAGTTTTGAAAGAACTTCTAAT
0,TGCTCTTCTCCCAACAACACAGTCACCTAAGGACATGCTGA
0,CATCCTGGCCAACATGGTGAAACCCTGTCTCCACTAAAAAT
0,GGCAAAATCTCTAAATTTTGATGAAGTTCAATTTATCGATT
0,AAAGAGTACTTTTGAAATACATTTTAAAATACATTCTTGAT
0,TCCTAATTTCAAAGAGTAGAACATGTGAGTTGTGACCAGAC
0,GCCCTTTCCCATCTGTAAGGATTAAGAGTCGTTACTTGGTT
0,ATGTCTACAAGCTTTCAAAGATCTGGAAAGGCAGTAGCCCA
0,CTCTTTCGGGACATTGCCCAAGAGTTCTCTGATGACCTGCA
0,AACCCCATCTCTGGTAAACAAAAATACAAAATTAGCCGGGT
0,AATTCTGCAAGTTACCTTCCACTTTCTGTTTCTTGGCTTCA
0,CTTTGGTAGCATACAAGGAAAGATCAGTTTTCTCTAGGAGA
0,TGACAGGGGCATATGTGGCCAGAGGGAAGTGGATGCGGGGA
0,AATAATAAGCAAACAAACAAATGATAAACATCACAGACTTT
0,TCAAAATAAATGAAGAGCTCAAGATGACATCAGTCCCATTT
0,CCAAAACATATCCCAAATCCATTGGCTTCACCTGCTCCTCC
0,GCAGCTGTTGCAAGGTGTTCAGATTGTATAAACATAAATGT
0,GTGGAGGTGCAGAGAGGCTCAGCCGTTTGCAGGACAGTCTG
0,CATGGGGCGGCAGTCATGTTACACTCCTGCAGGGCACAAGA
0,GTTCAAGACCCATTCAGGAGATTCTGACATTACATTTATGC
0,ACTATATATAAATCTGAAACAACCTATTTAGTTTGAATATA
0,TCTACTTTTGCAGAAATTCCATAATAAAAAGTTGTAAAGAA
0,GCAAAAGCAGTGCTAAGAGGAAAGTTTATAGCAATAAATGC
0,CAAGGGGAAAAACAGTAGGAAAAGAACAGTAAAAGGAAAAA
0,TGGAGTATTGGACACATACCAACAGTGGGCACAAGATGAGT
0,GGGCTGCTTGGTGGAGAGCAACAGAAGGCTTTGAAGGGGAA
0,ATAATGTCAGCAGATAACAAAAATGATCTCTTTATAGAATA
0,AGCACTAAGTCTAACAAACAAGGATACAATGAATGTCAAAT
0,CACACTTGGCTAATTTTTTAAATATTTTTGGTAGACACAGG
0,CCCAAGGGGACCCTAGCTTCATGGGGGGCCTGGACTTCCCA
0,AAAGGATTTGTAAGTTTTCCAAGATCATTAGAGCATATTCT
0,ATTGTAAAAAAATTAAAAATAAAATTGGATATAGTTATGAA
0,TAGAAGGATCAAATTCAGATACAGAGATGCTGGCACTTACC
0,GTTTACTGTCAGTTTTCCCCACTAGAATGTAAGATCCATCA
0,ATATATACAAGTCACTAAACAAACCACTACAACCCACAGCA
0,AAACTAAAGAGCTTCTGCACAGCAAAAGAAACTACCATCAG
0,AAACTTGAAATAAAGGGAATATAATTTATGAAATCATAAGC
0,CAGTTCCCGCACTATGCTGTACCCTTTGTCACATCCACCCC
0,TCTCAGAAAAAAGAAAAAAAAAGAAATAGGTTGTTTAAAAC
0,GTCCCAGTAATGTCCTTTTCAGCTACTTTCCCCCATTGGTT
0,CACAGAGAATTTACTATAAGAAATTACACAACACAGGGAAG
0,TTGCTGGAGGTCCACTCCAGACCCTGTTTCCCGAGGTATGA
0,TCATGTGCCCAGCATTTATTAAGCACCTGCTGTATGCAAGG
0,GGCTAATTTTTTGTATTTTTAGTAGACAGGTGGCCTCACCG
0,TGTCCCTCTTCCGTGTCATCACAGCCTGCAATTGTGTGTTT
0,GTCTCGATCTTCTGGTCTTGATCTCCTGACCTCATGATCTG
0,GTCAGAGCAGTTCTTCTCTTACCTGTTTTATAAATTAGGTA
0,GCCTTGAAGCCACCAACTCAAAAGGTAAATATCAAGGAAGA
0,CCTGGTCTGCCTGGGCACCTACTCTGGGTGACTGGGGCAGC
0,GAATTTGTAATGAGAAGCTAAAAACTTTAAGGAATTTTAAG
0,CGTCAACTTTTCTGAGGGTCATAGCCAGTTTATGGTAAGCA
0,GCACGCTGGAAAGAAAGGACAGAGTTACTGGGTGCTCCCAA
0,CCCTGCTTCGCTTTAAAACAAACACCGCAACCAGCCCCCGC
0,GGGAGGTCTAGGGCCAAGGCACTCTGAAGACCTTTATGGTA
0,GGTATCCCCCAGCTTAGAGAAAGGGGCTAAGGCAGACACAG
0,AGTTCTGTTTGTTACCTGGAATTAGGCAAGCATGTGTGTGT
0,AGTGGGAGTTGGTCCCCCGCACCTCCACAGCTTGTGTGGCT
0,CCTTATGTCTGTGGAATGTAACAGGACATGTATCAGGTAAA
0,AGTATGGATAACTTTATCATATTTACATATGAGTGATTATG
0,CATTTATAAGTTGTGAGGATATTGATGTAGGGAAATCCCAA
0,TGATCCTACACAATTCATGTAAATGAGAAATGTTATTTCAA
0,AACTTACAATTTGGTGCCAGATTTTCATCTTAGGAGACACT
0,GTCATTTTCTTTGAGTGTTGAATTATACCTCAGTGGGATTT
0,AATGTCTCGCCCTGTCACCCAAGCTGGAGTACAGTGGCGTG
0,ATGCCTGCTGTCCTCCTCTAACCACAGATCTCAGCAGAGAC
0,TTCTAAGCATTTTTTGACCAAATTCTTCCTGATAACTTTCA
0,TTTGAGAAACATAGTGTATGAAATATGAAAAAAAATATGTA
0,TGGTCCCAACTCTGGAGTACACCAGTTATCAATTAACTGCC
0,TAATGCCTCTTAGAGCCTAAAGAATCCGGCCAGGCGCGGTG
0,CGAAGAAATAAGTTTTTTAAAAGGCCAAAACACAACATTCT
0,AAAAATAAAAACTAAAAACCAACCAACTTTTTAAACATTAT
0,CCCATAATCCCAGCATGATGATTGGAAAGAAAGATTTTGGC
0,CTTCCCATGCACACTACCTGAGGGAGTGAGAGTGACCTCAA
0,ACACATCCCCCATATAGAATATAGATCTTAAACAAGTTAGA
0,TAAGCGATATTTGCAATTGTAAAATTCCATGCTTAGAGAGG
0,AGTAAAAGGAAATCATTTAAACGCTGGTGCTTCCCCACAAT
0,TAGGCATAGTTAGACATAGTAAACATACAAACCTGAATTTG
0,CTATATTTGATGAAACACAAAAATCATTGGCTTTAGCCATA
0,GCTTGTAAACCCCATGGCTCACAGCGGGTGTTTGGTAAGAA
0,ACCTGTTAAGAGTATTCTGTAAGTCAACCCAATGATACACA
0,AGGACTGCTCACCACTGCCAATTTTTCTCCTACGCTGGGGA
0,CATCCTTGCCTAATACCCCCAGTGAGTGTGCGCAGGGCCTG
0,TGTAGTCATCACCATAGTCTAAATTTACCACATTTTTGCCA
0,CATGAAGAGGAGACAGCTGGAGAAGGGGACCCTTTAATTCT
0,CAAGGCAGGATGGGGACTCCAAAAGAGATGAGAATTAGTTT
0,TAGAGTATTGTATTTTAAATACAAAATTGTATTTTACAATT
0,TCGGCTCCTGAGGCTTCTGCATTCTTCACGTAGTTCTCGAG
0,TATTGCAATCTCTAACTAAAATTACTACTTCCTTTTTAAGT
0,TCTAGATTTTATGTGAAGATATTCCCTTTTCCACCATAGGC
0,CCATCTGCTCTACCTCCTCCAAGTCCCCCACCTGGCTGCAC
0,AGCAGAAGTTGGGAAACATAACTTGTGGGAAAAAGTAACGA
0,CAATCTGGGGAAAAGCAGGGAAGGGAGTTTCAGGATAACAG
0,AGCCTAAAACTATGAAGTACAAACCTGGCCGTCTAATGCTG
0,TTGTCTATGTCATAGATTCCAAAGCGTAGCTTCTGGACTGT
0,TGGCATCACAGGCATGAGCCACCATGCCCAGCTCAGTTTTT
0,ATACAGACACATACCACTGCACCTGGCTAGTGTATAACATT
0,TCACAAAAAGGAGAACTGAAAATTTAGACATACAGTTGGCC
0,GCTGGTCTCGAACCCTAGGCATAAGGCTTCTTCCCTCATTT
0,AGAAACGTTTAATAGAAATAAAAAGGTCTGCATAGAGCCGA
0,CTTGCAGGAAGAGATGACCAAGGCTGGAAGCAGCCCAGACA
0,CTGGGTTGGAAGTCAGAGTAATAGTTAATAGTCAGGAACCA
0,TGGAGATATACAAACAGTAGAGGAAATAAAGTATGTGTGTA
0,TTGACATTCTCAATGGTGTCACTCGGCTCCACTTCGAGAGT
0,CAAGTACTTCATTCGAGATGAGTTTCTGGTGAGTCGAGCCT
0,GAATTGCACGCTCACTTGAAACTATCTTGAGGGACTAAGGT
0,AGTCCATTTTCTGCTGCTACAACAGAATACCATAGACTGGG
0,CCCCATCCCAGGTGGATTGAATCAGAAGCTCTGGGAGCAAA
0,CTGGCTACCAGATGCTTGTTATTCAAAGATTTCATTACGGT
0,ATCTTAAAAACAACTACTCAATATGACAGTGAGGAAACAAT
0,ACTGTCAATGATGATAAATTATTTGGCTCTATAAATCTCTT
0,GAAGGTCATCCTCATACCTTAACTGTCAGAGTCTGAGAATT
0,GACACCATTTCTTATTTGACAATGTTTCCTACATAATTTTA
0,CCACAGCTGCCCCTTTCCCCAGGTGCTCTGTCCCAGGGAGA
0,AGAAGACATGTATTTGGTTGATTCTAGGTGTTGATAGACAA
0,CTCTAGATGGATATTTTTTGAGACAAGGTCTTGCTCTGTCG
0,CTGACATCCATCCACCATTTAGCAGGCAAGCCCACACAAAC
0,TATGACTTGCATTCATCCCAAAAGTCCTATAACTAAGGTCA
0,CTTCTCAATTTCTGCTCCACACTGAGGTGACTTTAGATGTT
0,TGTCCTTAGCCCACTTTGTGATGGTATTTTTTGTTTCTTTC
0,GAAATCCCCAACATGGTTTTATGCTTTCTGGAATACATGTG
0,AAAAAAAAAAAAAACACCTTAAAAGCCTAAAAAGATGGCTA
0,GCAGGATAATTAAGCCAAAGATGATAACACTTAACTTAATT
0,CTTACAGATCATTGTTGTGCATGTCAGTAATGACACCATTA
0,TGAGTTTTGAGCATTTACTAACTCGGGCGAAAAAAGATGCT
0,ACATGGATGTTTGTACTGTTATTAAATTCTGTGTAATCAAA
0,GGGTCTCAGGGCACAGCCTGAAGGCAGGGGAGACGCACATC
0,TAAATAACAATATGAATAAAAAAATACAAATTTTAAGATAC
0,CCCAGTGCCTACGCGAATTTAATCCCAGAGCGAACAGACGC
0,GGGATGCGGGAATACAGGTGACCGTGGCCAGCCAGCACCTG
0,CTGGGATTACAGGCTATTACACGTCCTTTTATACTGACTGG
0,CCCCTGAGTGCTTCAGATCCAAACTGATTCATCCCACTGCC
0,TGTGGTGAACAGCTCACAGAAGGATTACTTTGAGAAGATAG
0,ACCCATTTTTTAATGTAATAAAAGTAGCTCTTAAGCTTTTG
0,ACAATTTAAATCTACTAAAAAATATTTCAAAAAGTTGCTCA
0,TGGGATTATTTCTAGAATGTAGTAATCTAGATTCTAGATTA
0,TCTCACCTCCAGAAGGCTACAGCAGAAAAGAAAGCAGAGTC
0,CTAAGAGCACTGATAGCCTAATATTCTATAATTATATCATT
0,GGAAGGTTTATAATATCTGTATTCATACTTGCCCAAACTGA
0,TTTTGTTGATCTTTTCAAAAAACCAGCTCCTGGATTCACTG
0,TTCCTCCAGGTTTAAAAGAGACCCTGTAGGGCACCTGGTCC
0,ATAATAAACACCTTCTAAAAAAAGGAACCTTGTGAAGGTCA
0,GTTATCTTTTCTCTATCTTAATACTGCCTAAATTTTCAACT
0,ACTAAAGGAGGAACAGGTGTAGAGAAATGGAAAGAATCAAA
0,GGGTGATTGCCTAAAGTTACATGGCTAGTCGGAGCAGTCAG
0,ATTTAATAATATTTGACTCCAGTTGTAGCTATGTGACTGTA
0,ATAAGTTAACAGGAAACATCAGGTAAGAAATGAAGTAAAAA
0,AGAGGTGCCCCATGGAGGCCACTGGGTGACGGGCCCAGGGG
0,TTGATTTCATAAGGGCTTAAAGGGTTGCAACCCACAGCTGA
0,TTGAAACCAGCTGGACCAACACAAGACCTCATCTCTAAAAA
0,TGTACCCTTAAGTTAAAATGAGAAATTGTGTCTGTTAAGCT
0,TGATGTACACGTAGGTTCTCATCTGCAATGTGGTTCGCCCG
0,TAAGTCAAAAAGCATTTTTCATGTGTAATCACACAGCTAGG
0,TGGGGAATGGTGAATGTCAGAAGCTTGAGTAGCAAGTGCAC
0,GGTTTGAGACCAACCTGGACAACATAGTTAGAACCCATCTC
0,CATAGTGACAAGTTTGGAAGAAGGTCCAGCTATGGAGGAAG
0,TATCCCACAGCCAGTGCTGAAGAATGAGTGGACTGGGAAGT
0,GCCTGAGGTCAGGAGTTCGAAACCAGATCTCTACTAAAAAT
0,CTGCTGGCCACGTGCTGGCCATTTTTCTTCACATGCACCAG
0,AAAGGCCAATCTTAGGTTTTACAATGATGATGTTATCTGCA
0,GAGGTTACCATCAAATGAACAGCAACGGCATCGCCTGTACT
0,GGCTTGGTGCTATCCTTGCAATAGTGAGTGAGTACTCATGA
0,GGCTGGGAGCAGTGGCTCACACCTGTAATCCCAGCACTTTG
0,CCAGGATGTCATAAAAAAAGACCTTTAAGATACTTTCTTAG
0,TGAAGGAAAAAATCCAGCTGAGTGATAAAGGCTGAGTGTTG
0,TTTAAAGCCAGTGGCTCCAAATGTCAGGGAGCCAAAGGCGG
0,AGGAGTTCAAGACCAGCGGGACCAACATGGAGAAACCCCAT
0,GAATGAATTGAAATTGTGGAAAATCAGACACAAGCTCTTAT
0,GCACACACACACGCGCGTGCACAATGACAACAACAAAACCA
0,TCTCCTGACTCTGAAGCAGGAAGTCCAGGCCAGCTAGTTCC
0,AGAAACATGGAGCTGTGTGTAGAGGAGACAGAAGGGGACAG
0,CCAGTACAACTAAATGTGATATATCTTTCCTCCAAATTACA
0,ATTAAAGGAAAAAAATATCCAAAGTAGGGTTAGTACAGGAA
0,CAGTAAAAATTTTAACTTATAATAAAGCCAATTATAATGTA
0,TGAGACTCCATCTCACATTAAAAAAAAAAAAAAAAGAAAAA
0,AGAGTCAGAAGCCCAAAGGAATTGCACTGTGGCAGCATCAG
0,TTCTTTATCTAGATCTTTAAAAGTGAGTAGATGTTAGTAGT
0,TTATGCTGATATATAACACAAATGCAAACAACAATGAAAAT
0,TCATTAATTAAGAGGAAACGAGAGCAGCGGCAGTTGGTACG
0,TAGAGGATGGGTAGAGTTTAAGTAATTGAAAAAATGTATCT
0,GCGCAGTATCCCAGCGTTACACAGTATGGTGACTGTTACAT
0,GTAGTGGCTCAGTAATGACCAAGCCATGTTTGGTGTTGACT
0,TTATGGTAACAAAAGCAAATATTACCCCCAATCTGCTAAGG
0,ATTGCTAGATTTGTTTAGAGAAACTTTAAGTGATGATAAAT
0,AATGAAAGGCCACAAGGTTAAGATTATGGGGAGGACCTGAA
0,TTTCATTATATCCAACATATATTGCTTTAAATAATATATGT
0,CCCGACGCTGTTCGGATTAGATTGCTAATGAAAAGGCACAA
0,CGTAAGCCACCCACCCACCTACCAGGATTTTCCCGGGCAGA
0,CTTAAGATGGCAACAAAGTAAGAGGCATTTCTTCTAGCACT
0,TGCTCCACATCCTCACCAACACTTGGTATGTCAGTCTTTTT
0,TTATATACCTACATACATAAAACATTTAGTTTAATTTACAT
0,CTAAATGTAAATGAGAAGGTAGCCCCCTCTGATAACAGCAC
0,TAGTTAGCCAGTTTCATTCAAAACCATCTATAGCTATATTG
0,ATATAATAACTGTCTTTGTAAGGAATTCAAGATACTGGCCT
0,TAATAAGGTAGAAGAGAACCAGAAGAGTCTACAGTCATAGA
0,AATATGAATGTATACTTGTTAATGTTCCTATTGCAAAGGCT
0,ATATAACCCACGGTTGGCACAACATAAGCACCTCCTGGGGG
0,GCAGAATCAGTCAGTATGGAAACCGTGTTCATCTATTAATA
0,AGGTCATTGGCTCAGAGCTGAAGCACTGGGCCACATTTGCT
0,GAAGTCAGCTCTGCTTCTTGACTTGACTATACACTTGTCAG
0,TACAGGTCAGCAAAAAAAAAAAAAAAAGAACACCCACGCAG
0,ACTTCCTTTTATTAAACAGTAAATGCTAAACAATCCCTTAG
0,AGCTAAAGACAACTGAATAAAATGTTTGCAAGTGTTTTAAG
0,AATCCACCCCTGACTCTCCCAGCCAGACTAGGTGACTTTCC
0,GTACCTGCAAGATCATTTGAATTTAATATCAAAGGGCACCA
0,CCTCTCTCTGAGGCTGACCCACATATTGAGCGCAAACAAGC
0,GGCTACAAGCATCAGCTAACAGAACAGAAAGTTTTACAATG
0,ACTTATGTCTACTCTTTACCAATGATCTTTCTCAAAATCAT
0,AGTTTTTTTTTTATTTTTAAAAACAATTATGAAATAATTTT
0,TGGTCAGTCAGAGGGTGAGAAGGAGGAACCAACAAAAGCTC
0,ATGACCTAGTCGGGGAGTTAAATGGCAGATACCCTTATTTT
0,CCTCTAGCCACAAATTATTTACACTTCTTCTATGTGCAAAA
0,GAACTGTAGGTCATCATGTTAAGTTAAATAAGCCAGACACA
0,AAATTTTTCTATTCGACAAAATACCTCTATCCGAGGTAAAA
0,AGTCAAACATTTCAGTCATAAAGCTATGTGGATCTAAGGCT
0,CTGCTATGAATTATTTTTTTAAAATATGGCCATTGCACTCC
0,ACCGTACTCCTTCTAAAGAGAGTAGTCAACTGATATTAAAG
0,TCAAGTGATCCTCCTATGTCAGTCTCCCAAGTTGCTAGGAC
0,TACATGAAGAAACAATAAAAATAAGAACCAAAAAATGTGAT
0,CTCACACACTGATGATGGGGAGAGGAAGTGGTGCACTCTTT
0,AGAGGATAAATCTCCGCAACATTGTTCTGAGTAATGATGTT
0,TTCTAATCTGGATGCCTCTTATTTGTTTTTTAATTTTTTCT
0,CTTCACACAGGTAGAGCTGCAAGGGCCCAGGAATGCCCCAC
0,GTCACATCCCTGTCTCCTGCAGTTCAGTTGTTTATCCTTAG
0,GTGTAGGTGACAGTGTGCACAGGTAGGTGACAGCTGTGTGC
0,GTCCCAAGTGCTGAAATTACAGGTGTGAGCCACCACACCCA
0,TTCAATTTTTTTTAAATTTTACTTTTATTTTTTATTTCACC
0,AAATGCACCTGCTAGCCTCCAGGCCTGGTCCCTTTGGCCAA
0,CCCTGCTGAACTGGCACTCCAAGGCTGGGCAGCTAACGGAG
0,TCCGCCTCCTTCACCGTGAGAGGAAAGGAAGCGGGATGACA
0,TGCCCAGCCTGAAATTAATAATATCAAGCAATGTGGTGTTT
0,GTCTGAGAAGAATTCATGTTAGTTCTTTAAAGGTTTGGTAG
