0.1	0.1.1
0	AUAAAAACAAAGAUUGAACAAUGAAAAAAAUCUAAAACCUG
0	UGGAGUAUUGGACACAUACCAACAGUGGGCACAAGAUGAGU
0	AGAGGAUGAAAAUAAGUUUCAGGAAAGUGAAACAAAUCAGC
0	UGUCUGGCACGUACGCUUAUAUGUACAUGUGUGGGGGCUUG
0	GGCUGGGAGCAGUGGCUCACACCUGUAAUCCCAGCACUUUG
1	AGUAAUUGGCUGUGCUCUUGAAGAUCAGAAGAAAAUUAAGA
0	ACUGUGCUAAGUGCCUUACAAACAUUAUCUCAUUCAUUCCU
0	CAGGAGUGCUGUGAGGUUUUAAUUGGGUAAUGGCUGUGGAG
1	AGAUCACCGAACAAUAGUUGAUUAAUAGCAAGAUCGGCGCG
1	UGCUGGCUUUUAUAAACUCUAAGCGAAGGAGGAGCACUGCC
1	ACUCCAAAGACUGCAGCUUGAAGAUAAAAGAGAGCACUGCG
1	GGAAAAAGGAUGAUCCUCUGAAGGUCGGAAGAUUUGGAAUU
1	UCAACAGACUGUAGCUCACUAAGAUCGGAAAGUAUAUAUUU
0	UUGAGACUUAUUUUUGGUCCACCUAAGUUAUACCAUUUACC
0	CCUUACUUUGAGCACGUUUCAAACACUCUUUUGGAAGAAUC
1	AGCUCUUAACGCUGUGACCAAAGAUGGAAGUUCUCUAUAGG
0	UUAUGUUGAAUAGGCAGGACAAAGGAAAAUAUUCUUCAAAA
1	AGGAAUGUCUCUGAAUGAUUAAGAUCUAAGAGUGGAUAAUG
0	AAACAACUUCAUGUGAACUUAGGUGUACUCUCUAUGUUCCC
1	GAACCUGAGCUUGGUUUAGAACGUCAUGAGACAGGUUAGUU
0	GUAUCAGUCAGUCCAGGAAUAUCCUUCUCUCCUUAGAAGAA
0	CAACAGCUGGUCUCUGAGACAAACAACCAGACAGGCUUUAU
0	CAGGGCCCUGAGGGCUGCAGAGGCCGGAGGCUGUGGGUGCA
1	AGGGCUGAAAAUAAAUAGGGAAGAUGGAGACACCCUCUGGG
0	GCAACCUCCGCUUUAAUGAAAAUGCUCUUCUUCUGAACAAU
0	CUUGCUGCAGUGACAGGCAGAGCUUUCAAAAAUAUCACAUC
0	CUCACACACUGAUGAUGGGGAGAGGAAGUGGUGCACUCUUU
1	AGACAAGACUCUGCGGAAGAAAGGUAAGGCCUAACAGGCUG
1	UGGACGAGUCGGUGGGGAGCAAGACGAGAAGGGCCUUCCUG
0	UGGUCAGUCAGAGGGUGAGAAGGAGGAACCAACAAAAGCUC
1	UUACGAUCGAUACAGAAAUCAUGGGGCAAUUCUUCCGAUUU
1	AUGAGAAUGAUAACGUAACCACUCGAGAUAAAAGCAAUGCU
0	CCUGUCUUUAUAUCUUCCUAAUCCUCAUCCUACCACGUUCC
0	UAGAUUGGGUUCUUUAAUUUAGUAACAUGGAUUAAGUUUCC
1	AGUGUUACAUUUCGAAUCAUAAACGUGAAUAUCGAGCGGAG
1	GACCCUGGCUGUAGAGUAGGAAGAUCGGACUUGGUCGGCUU
0	AUGCAUUUCCCUGCCCAAACAUUUGAGUAUAUCUUUGAUUC
1	GUUAAACUGUGGAAGGCUGGAAGAUGUGAGAGGACUUUUUC
0	GAAGCUACAUUAGGAAUAUAAUGCGGUGAUAACAACAAGCU
1	AAAUGGGAUCCAUGAAGAACAAGACCAAGAGCCACAGGAUC
1	GAAAGGAUGGCUGGAUCAGGAAGACCAGGAAGCACCACUGC
1	UUCCAAUGGCUGUGUGUUUAAAGAUUGUGGGAGCUUCGCUG
1	GAUCCAGAACCGGCUGGAGGAAGAUCAGGAAGACAUGAACG
0	CAUUUAUAAGUUGUGAGGAUAUUGAUGUAGGGAAAUCCCAA
0	ACUAUAUAUAAAUCUGAAACAACCUAUUUAGUUUGAAUAUA
0	CAGUGGGCUUAAAAAUAUUCAGUAAACCAAGCUGUAAACAA
1	GGAACCGGAAGAUGUCCAACAAGUCCAAGAAGAGCAAGAAA
0	CCUGAGACCACCAGGCUUAUAGUGUGUGGCAAAGCUGAGAA
1	UGUAGGGGAACUGACCGAUGAAGAUGUGAAGAUGAUCACUA
1	GAAAUUUUGAACAGAUCACCAAGAAACAGAAAGCCACGAAG
1	CUGGACUCAGGGCGGUUUGAAAGAUCGGCGCGCACCGCAGG
0	AGAGGAUAAAUCUCCGCAACAUUGUUCUGAGUAAUGAUGUU
0	CAAGGGGAAAAACAGUAGGAAAAGAACAGUAAAAGGAAAAA
0	ACCACACCCGGCUAAUUUUUAUAUUUUUAGUAGAGAUGGGU
1	AUGUCGUGAUUUUGCUUCGAACAAAGAUAGUACGCUCACGC
1	ACGGCGGCGCACAGUAGAUGAAGAUCCAGAUGAGCGACGGC
0	GUAGUGGCUCAGUAAUGACCAAGCCAUGUUUGGUGUUGACU
0	GCCCACUUUCUUUUGAGCAAAUCAUUCCCAUCUAUUGAGCC
1	CACGGUGCUGUAUGACGUGCAAGAGCUGCGAAGGGCCAUGA
0	UACAAAGUGUAAUUUUAAAAAAUCUCAGUUUUAAAUUAGUG
1	AAUUGUAUUUUAAGAUGAAGAUUUCGAAACAGCUGUCAAGA
0	UUUGCCAAAGAGGUAAAGCUAUUUUACAUUUUCAUGAGCAA
1	GGGAGAGACACCGUCUGAACAAGAUCAGGGCAAGAGGAUCA
1	GUUAUCCACCUGAGUUUUGGAGGGUACUGUGUUUGUGUGUC
0	GGUUGUAAGCUGCUCUCUUCAAACCCAAUUUUCAGGCCCUA
0	UCCAGGGCUGUGACUUAGAUAGACAUCACUUCGGGGACCUA
1	AGGACUGGGUGACGCCGUACAAGAUCGCGGUGCUGGUGCUG
0	GCAGGGAAGCCUGGUUGGCGACUUUGACAGCCAAAUGCAAG
0	UACCUUGGGUGCGUUUUCUCAGGACUUUUUAAGACUGUGUU
1	GGUGCAGCUGGACUCUAUUGAAGAUUUGGAAGUGACUUGUA
1	CGGCUGUGGACUCCAAACAGAAGAUCAUUGAUGCCCAGGUG
0	ACCCCCUCCUUCCAGACCAAAUCGCCCCAUCUGAGUGGCUU
1	GACUCUAGAGAAGAUGCGAAAAGAUCAAGAGGAAAGAGAAC
0	CAAAACAAAAUAGUAGUGAUAAGGCCGGGCACGGUGACUCA
1	GCGUGAAUGGGAUCGGGACAAAGUUCGAGAAGGGCCCCGUU
1	AAUUGAUGCAUGUUGACUGGAAAUUCCACUUUGAGGAAGCC
0	CUUUUUAAAAAAUCUUUUAAAGUGCAGGGACCAAAUUUCUG
0	AAAUAUCAAAAGAAUCAACUAAAAGAGCUAAAAGUGGUUUC
0	UAUAGUUAAAAUGAUUGAACAUGGUGUCCAGGCUGGGUGGG
0	GUCCCAGUAAUGUCCUUUUCAGCUACUUUCCCCCAUUGGUU
0	AUCUUGAAUGGUGGAGAUAGAUUCAAGCCAUUUUGAGCCCA
1	AUUCGGACGCUAUUCCGCGAAGGAAUCGAGAUAAAGAUCUU
1	CCCACGUCUGCAAUGACCUUAAGAUCGGCUACGAGUGCCUG
1	GGAUUACCCUGCAAAACAGGAAGACAAAGGAAGGGCCAAGG
0	UUGUUUGCAGGCUAAUCUAAACGAAUCAAAAUCUAGGUGGC
0	AGCCUUAGAGGGGUGGUGAAAGUAUUGGCUUUUAACUCUUU
0	ACUGUUUAAGGCGGAACCCCAGCUGCCUGGGGAAAGGAGAG
1	UCGUUUGGAGCAGAUUCGCAAAGAACAAGAAGAGGAACGUG
0	UCUCAUAUCACGAACAGCAAAGCGACCUAUUAAAAAAAAAG
0	CAAGAUGACACUUUACCUACAGCAAAUUUUUUCAUUAAUAC
0	GAUUUUUCCAAUAUGAAUUAAAGUAUCUUAUGAUGUCUGAA
1	GGAGGGAACGAUAGGCCAAAAGCCUACAGCACCCGGUAUUC
1	AUGCUGUUGGAGAGCGAUAUAAGCAUAAGGAAAAGCACCGU
0	AACCAUAGUUUUGUAUUUGCAUAGAGAACAGAUAUCUUAGC
1	UAUCAUGGACUACUGCAAAAAAGAAUGGAGAGGAAAUACAC
0	ACAUGCAUCCUAAACUUGCUACCAUUACCAGCCCUAUGGUG
0	GUCUUCAGAGCUUAUUGACAAGAUAUCAGAAAAAGGUGAGC
0	UAUUUUGGACUUAACCUCUUAUCAGAUAUAUAAUUUGCAAA
1	GGGAGCUGUACCUCGCCAAUAAGGACGUGGAAGGUGAGAGG
1	CGGUACAUUGAACUACUUACAAGAUCUGGAGACUAUUACAG
1	UGCUUUUUUGACCUCAGGCGAUGGUCGAGGUGAUGCCUGCA
1	GAGUAAGUGCUACGGGCAGGACGACAUGGUCGACAUGGAGC
0	GACCAGUUCAUCCCCUCCUUAGGCAAUUAUGUGGUCCCCCA
0	AAACUAAAGAGCUUCUGCACAGCAAAAGAAACUACCAUCAG
1	GGCUGUGAGCUGUGGAGCCCAGGGCCGGAGGAGCAGUAAGG
0	AAAAAAAAAAGUGUGUGUUGACUGCUCCGCCAACCGGCCUU
0	CCCCAGCCAGUGACUGUCUAAAAGGAGCCGAGUUCCCACUG
0	CACACCCUAACCCUAUAAAGAACUUUAAAAGAGAAAAUUUC
1	AUGUAGAUAUCUCUGCACCAAAGAUAGAGGGUGAAAUGCAG
0	UGAAUUUCUUUCCAGAAUUAAGUGUAUAAUGCCAGGGAUAC
1	UACGGGCAAAGAAACCUAUAAAGUACCUGGAAGAGUCAGAU
0	UAAUAAGGUAGAAGAGAACCAGAAGAGUCUACAGUCAUAGA
1	AGGCUGGAGAUGGAUCAAAGAAGAUCAAAGGCUGCUGGGAU
0	GCUUGCCAGGAACCAUAUCAACAAUGGCAGCAUCACCAGAC
0	UCCUAAUUUCAAAGAGUAGAACAUGUGAGUUGUGACCAGAC
0	GGGCCUCUGCCCAAACCACAAAGAGUAUCAACUGUCAGGAC
0	UGGCAUCACAGGCAUGAGCCACCAUGCCCAGCUCAGUUUUU
0	AGUCGUGUCACUCUAGGAGAAGCGGUUUGUGUUGGUGGCAG
0	GAAUGAAUUGAAAUUGUGGAAAAUCAGACACAAGCUCUUAU
0	CUACCUUUCACCUGCUCUUGAAUUGCAUAGGGAAGCAGUCA
1	ACCCGUAGACUUUAUGUAGCAAGUUAUGCCCGAGUCCUCUC
0	UUUUGGUUAAUCUUCCCUGUAUCAUUCCAAUUUUAGUGCAC
0	AGGCUGGUAGGCAGGGCAAGAAGCCAAGGGCCCAACUUAUA
0	ACAGGAUUCCUGCUGAAGAUAGGCCAGGGUGAUCAGUCAUU
0	AGCAGAAGUUGGGAAACAUAACUUGUGGGAAAAAGUAACGA
0	GGAAGGUUUAUAAUAUCUGUAUUCAUACUUGCCCAAACUGA
1	GACUGCUUUGGCAGAUCAUUAAGAUCGGUUUGUUCGCUGAC
0	GGCAUUUCAGCAACUGUAUCAGGAAUCAGAAGAUUUAGUUU
0	CGGGCAUAGUUAUUGGCAGCAUCUUCUUUGCCUGUGAUAAG
0	AUUAUGGCUUUACAUUGAAGAAUCAAGGCCUAUAGUGAUUA
1	UCCCAAAGGAUAUGCGAAGAAAGAUCAUGACAGGCAGUUUU
1	GGAAGAGUGUAGAAACUCUCAAGAAAGGAAGGGUCCGUUUU
1	ACAACUCGGAGUGAACAAUGAAGAUUCAAAGGUAAGAAAUG
1	GUGUGAACCUGGACAUGGGCAAGAUCGUGUACAGCUGGGUG
0	CCCGACGCUGUUCGGAUUAGAUUGCUAAUGAAAAGGCACAA
0	AGGCUUUCUCAGCAGAGAUGACAGGGGCAUAUGUGGCCAGA
1	AUGGUUAACAAAUUUUAUGGAAGACCGGAGACAGCGUAGGC
1	CUGAGAAGGAUGCUGAACAGAAGAUUGAAGAACAGAAGACU
1	UUGACAAAAGGACCAUUGAGAAGUUCGAGAAGGAGGCGGCU
0	CUUCUCAAUUUCUGCUCCACACUGAGGUGACUUUAGAUGUU
0	GGACAGUGCCUAGCACAAAAAUAAUAGAUAGUGGUGGUGGG
1	AGGGGACUUUCUAGAUAUGUAGGAUCGGGAGGCAUUGAAGA
1	ACGUAGCGGAUCUGUGUAUAAAAAAUUAAUUCACUGUGCUA
1	AGAAUCCCUGAAAAAAAUUGAAGAACUGAAGGCACACUGGA
0	GCACUUGUAAAUAAUUCUCCAUGGCCAGCAUAAAGCGGGUU
0	AUUGAAAUAUAAUUGUAUAUAUGUAGUACAUAGUGGUGUUU
1	UUGCUGCCGGAAGAUCUUGCAAGAUGGAGGGCUGCAGGUGG
0	CCCUGCUUCGCUUUAAAACAAACACCGCAACCAGCCCCCGC
1	AUAGACCCGGCUAGAAUCUGAAGUGCGGGAGAGUGCUGGAC
0	AGAAACGUUUAAUAGAAAUAAAAAGGUCUGCAUAGAGCCGA
0	AAAUGUCCUAGAGACGCAGAACCAAAGCUGGAGCUGGGCUG
1	UAUUCAAGAAUGAAUAGGAUACUGUCCAAAUCGAGCAAGCG
0	AAUAAUGGACGUUUUGAUUAACUUUUCUAUAAUUAUGAUAA
0	AGAUCAGAAGGUGGGAGGAGAGAAAGGUUGGUGUGUUCAUU
0	GACAGGUAAAAAUUGUAUAUAUAUUUAAGGUGUACAAACUU
0	GUCCCUACAAAAAUUGCAAAAAUUAGCCAAGGCAGGGUGGU
1	UCGAGAUCAAACCGCUACGCAAGAUGGAGAAGAGCAAGUCC
0	CUCGAUCUCUUGACCUCGUGAUCUGCCCGCCUCGGCCUUCC
0	GUGCAGUCCCAGGUCUUGAAAUAGUGAAGUUCAGUUUCUAA
1	CAGCAGCGCCACUCUUGCCCAUGAUCGAGGAGCUCAAACCC
1	UAAUUCUAGGGUCUUCCCGGACCUCCAGGAACCAUGGGUCC
0	CAAGCCUGAAAGUAAGCAGAAAAAAAAUAAAUAAAGAGCAC
0	AAAUUUUUCUAUUCGACAAAAUACCUCUAUCCGAGGUAAAA
1	AGCUAACCGAAAGAGAGUCGACUGCGAACGAGAAUCUCGUG
0	UUUUUUGCAACCACCCAUGAAAUCUGCUGAGUGUCUGGCUU
0	GGGUGAUUGCCUAAAGUUACAUGGCUAGUCGGAGCAGUCAG
0	AGCUAUAAAUGAUUAUACUUAGUGAAGAAGGCAUGUUGAAA
1	UUAAGGAUUAGUUCAGGUCAAACUGGGACACAGUCAAAAUU
0	GGCUAAUUUUUUGUAUUUUUAGUAGACAGGUGGCCUCACCG
0	ACAUUAAAUUAUACACUUCAACCACAGGAAUUUUGUGUUAU
0	UGCACCCAGCACCAUACCUAAAGAGAUCAGGUACAGAUUUU
0	AACAUAACUCUCUGGAGUAUAAAACGGAGGUGUUUUGUAAU
1	CUGACGAAGAGCCUUUUGUGAAGGUAUGUUGGAGUGCGUCC
0	GAGUUGUGUGAAUUUGUCACAUCUGCCCAGGUCCAAUGUCA
0	UGAUCCUACACAAUUCAUGUAAAUGAGAAAUGUUAUUUCAA
0	AAAUGAAAAAGAUUUUAUAAAUACAAAGCUUUUUAAUUUGA
1	CAGUGGGAUACGGAAUUAAGAAACUUCAAAUACAGUGUGUA
1	UGAUGCCGAGUUUGAUCGAAAUGGAUGAGGGUAAGUUGGAG
0	AGCUCACCUGCAAAGCUGGUACUAACCGGCACAUGCUGUCC
1	CCCCGGACGAGCUGACGGUCAAGACCAAGGAUGGCGUGGUG
1	UUCCAAGGACAAAUCAGAGAAAAAGUCUUUAACUCCACCAU
0	GGUUGGGGCGACCCCACGUCACCGCCGAACUGACCAAUCCC
1	AUCAGGUCUCGUUCCCGCUCAAGAUCAAGACACAGGCAUAG
0	CUAAUUUUUUUGUAUUUUCAAUAGUGACAGAGUUUCACCAU
0	CAGCUAGGUGGCUUAUUAACAAUAGAAAUGUACUUCUCACA
1	AACAGAGGAGUGGGGGACUGAAGAUUGGAAUGAAGAUGUAG
0	ACAAAAGCCAAAAUUGACAAAUAGGAUCUAAUUAAACUAAA
0	CUCUGUAAAAUGGACCAAUCAGCAGCAUGUGGGUGGGGCCA
1	CCGUCGGUGUUGGGGAUGAGAAGAUCGAAGACGUCAUGGCC
0	UUCCCUUGGCUAGGAAAGGGAAUUCCCUGACCCCUUGUGCU
1	AGGUCUGCGGAAGGGAGCUGAAGGCAGGAAGAGCAGCAAGU
0	UUAUAUACCUACAUACAUAAAACAUUUAGUUUAAUUUACAU
0	UGGGAGGCCGAGGGGGGUGGAUCACCUGAGGUCGGGAGUUG
1	CGCGCUGUACUCUUUCUUGGAGGUAGCCCUUGUGAUACAUC
1	CCACGUUGGCUGUAGACACCAAGGAGGAAGAGAGUGAGGAU
1	GAUGUGACUUGUAGCUCAUAAAGAUGGAAGAUGAACCACCU
0	UUUAGUUUGAAUUAUGUGACAGUUGGCAUGGCAUAGUGGUA
0	CUCAAGGGCUGGUGUUGAGUACCUACAGCUUUUCCAGGCAU
1	GAAGAAUACAAUGAGACGAGAAGUAACGGUGGAGCUAAGUA
1	CCUGCCAUAUCUAGUGGACGAAAAGUUUAGCUAGGCUAGCG
1	UUGGACGUAUUGGAACCCCAACUGCAUCUAGGCCGCCGAGG
0	GGAUCGGGGCAGGACUUAGCAGUACACACUACAGGAGAUGA
0	UGCAAACAAGGCGGAGGUGAAUUACCGCCCCUCGUGGCCGC
0	GAGGUUUCACCGUGUUGCCAAGGCUUGGACCGAGGGAUCCA
0	AAGAUAAAGAGGCAAAUGGAAAGUCUGAAAUCCCUAGGGUC
1	CGGCUGCUGGAACUGGAGACAAGAUUGCGGGAGGUGAGAGC
0	AGCAACAGAGGCGGAGCUAAAGGUCACGAUGGAACAUCAAA
1	ACAGUCUGGACUUCAACAAGAAGAUCCUGCACACAGCCUGG
1	GAUUGUCUCUGGAUCUCGAGAUAAAACCAUCAAGCUAUGGA
1	GACUGGAAUAAAAUCAAAAGAAGCUCGGAAGUACAUUUUUA
1	AGCUGCAGGACUGGGUGAAAAAGAUCCGUGAAGUGGCCCAG
0	ACUUUGGGGAUUAUGAGGACAGCUAUGUGACAUAUUGCCAA
1	UUACGGAUCUGGCUUCUGAGAUGGACCGUUAUAAGGACAAU
0	CACCAGGGAUGUGGGUGCACAGCUGCUUGGGUGUGGGUGAU
0	AGCACUGAACCUUAAUUCGAAAAUUGUUAAAGCAACCAAAU
1	CUUCUCUGAAAGAUUAUAUUAAGGCAGAAGAGGACAAGUUA
1	UACUGUCUGGAGAACUCGAGAAGAUGGGAAUGGGCACUGUC
0	GAAGUCAGCUCUGCUUCUUGACUUGACUAUACACUUGUCAG
0	CGUCAACUUUUCUGAGGGUCAUAGCCAGUUUAUGGUAAGCA
0	AGAUUAGGGAACUCAGAAAUAAAGCCACCAUCUACAGCCAU
1	CUCGUGUUGGCGCAAUCGUUACUAUAUGAGUAAGUAUAAUA
1	AGUUGAAAAGAACUUUGAAGAGAGAGUUCAAGAGGGCGUGA
0	CUAAGAGCACUGAUAGCCUAAUAUUCUAUAAUUAUAUCAUU
1	AAGUCGCAGAGCUGAAGCAGAAGAUCGAGGACACGCUAUGU
1	GCGAGCUGGCUGGAUCGCCGAGCGCGAGUGAGGGAGCCGAG
1	UCAAAGGAACUUAGUCUACAAAAGAUACACGGACAAUGCAC
1	UGUAGUUCCCGUUUAUACUGAAGGUGAUGGGGGACGCACAU
1	GGGCAAUGUGACUGCUGACAAAGAUGGUGUGGCCGAUGUGU
1	UUUGGCGGAGUAACUUGACGAUUUCUGAACAUUGUUGUUUA
0	AGGUACUGCUAUUAUUUCCCAUUUUUAUAGAUGAAAAGAUU
0	UUUCAUUCUUUUCAUCGACAAAUAAUAUUCCAUUGAAUGAA
1	AUCGAAGUCUGAAGCCUGUGAAGAUCGCUGAGAGCGACACU
1	UCAUCUGGAACUCAGAGAAGAAGGAGUUUCUGGGCAGGACC
0	GUCAGAAAUGUGAUGCCAGAAUGCCCACGGAAUAAAAGUAC
1	GGCCUGGUCUUGUGGAACUGAACUUAGCUCGACGGGGCUGA
0	CGCCACCCACCCCUUCACUCACACACACACUCUGACGCGCA
0	AGCUCCGCCCUUGCGGCGCCAUCUGCCCGGAGCCUCCUUCC
0	CUACCAGUAAUAUAAUAUGUAAAUAAAUUUAAAAAUCAGAA
0	GUUCAGCUGGCACUUCUUCCAUGCCAGGGGCUGUGCAAAUG
0	GCAGCUGUUGCAAGGUGUUCAGAUUGUAUAAACAUAAAUGU
1	AGGUGAUACCCGCAGUCUUGAAGUUGGGCGUUGCCCGGGUG
0	AGUCAAACAUUUCAGUCAUAAAGCUAUGUGGAUCUAAGGCU
0	GUAGUGCCCGCCUGCCUGAGAGGCUGUGAGCGCUCCUAAGA
0	UCCUAUUUGUGGCUUCAGAGAUCUAAAGGGGGACAGAUGCU
1	CUAUCAAAAUUUGCGCGAGGAGUAGAGUUAGGCAAGAGCGU
1	UAGGACGUAGCGAAAAUGACACGGGGACGGUAACAUGCUUG
1	AUUCUCUGAACAAGAAGAUUAGCAUGGCCCCUGCGCAAGGA
1	GUCAUCACUCCUCACUGAUGAUGUGUUGUUGCCAUGGUGAU
0	CUUAAGAUGGCAACAAAGUAAGAGGCAUUUCUUCUAGCACU
1	AUGGGUUCUUGAACUCUUGGAAGCCUGGAUGAGCCACCUAA
1	GAAGGCUCUACGCCUCGUGUAGUGCAUAGCCAGCCCGUUGC
0	CAUGGGGCGGCAGUCAUGUUACACUCCUGCAGGGCACAAGA
0	UGCUCCACAUCCUCACCAACACUUGGUAUGUCAGUCUUUUU
0	CUUUAUUAAGACUAAUCCAGAGAUGUUAGUUUUGCAUCCCU
1	GCUGUGCCGUGGCCCACCGCAAGAUCGGAGAGCGCCUGGCC
1	UCGGAUGGUAGAAAUGCAGAAAGAUCCAAUGGAGCCUCCAA
0	CUCUCUUGGGCCUACAUUUGAGCACCUCCCUACACUGCCCC
0	GUGUAGGUGACAGUGUGCACAGGUAGGUGACAGCUGUGUGC
1	GGCUGGCUUCCUCUGUUCCCAAGAUGGAAGAACCUGGGCCC
1	GAUGAAGAUAAGAACUCUAUAAGAUUGGAGGAAGAUUAAGA
1	GACCAUGAACUGGACCCUCGAAGGUAUAGAAACUAGUGUCA
0	AAUUCAAGUGAUGUCAGAGGAUGCUCCUGCUUCUCAGACUG
1	CUGGACAUAUUCAGCAUCAGAAACCCCGGACGCGCCUCAUC
1	UGUUGGAUCAGGACAUCCCAAUGGUGCAGCCGCUAUUAAAG
1	UUUGUGAAUAUUGUUUAUUAAACAAUUACUCCGCCAAAGGC
0	GCCAGGGUGGUCUCGAUCUCAUGACCUUGCGAUCUGCCUGC
0	CCAGCUGGUAGUUGCCUGGGAGGACUCGGCUCAGUAGUGGC
0	ACUGCCCAGUUGCCCUCCAAAAAGGUCAUGCAGUGUACACU
1	GCCCAGUGAACUGCAAUGAAAAGAUCGUGGUCCUUCUGCAG
1	CUGCAGGCUAAGAAAUGAAAAAGUGAGUUGAUAGUAGGAUG
1	GAUUUGUAAGAGCUGGAAAGAAGACUCGGAAUGGCAGGCAU
0	UUAUCAAUUCAAAUCAUCUGACAGUAACGUGAUCGAUAUAU
0	UCAUCACCCAGAAUCCCUCCAUAUACAUAUCCAUCCCCAAA
0	GAGCCCUAGUUCUUUUUGUAAUGAGUUGUUUGGCAUGAGGC
1	CUGGCGGACUUGUCUUCUGGAAGUUCGGGUGAGGACGAUGA
1	AGCAUGAACUUGCAGGAAAGAAGAAUCCGGGAGCAGCACGG
0	GUCCCCACCUUCAAGUCACCAAUAAGUGAUUUGAAAACAAC
0	AGGAGUUCAAGACCAGCGGGACCAACAUGGAGAAACCCCAU
1	GUCUGAAGAAUCCGGCGAUGAAGAAGGGAAGAAACACAGCA
1	GGCCCAGCCAAGGACUGUUCAAGAUGUAGAGGUAAAAAUUA
1	AGACUGACAAAAAGUACCUGAUGAUCGAAGAGUAUUUGACC
0	AGCAAAGCCUAUGUUAGAGCAGAAGCCUUCAGCAAUGCCUG
1	CCUGUCAGAUUUUGGAGCAAAAGAUAAAAGAGCUGGAUUCC
1	AUAAACCCAUCACCUCUGAGAAAAUCAAAGAGGUGAGUGUG
0	GUUAUCUUUUCUCUAUCUUAAUACUGCCUAAAUUUUCAACU
1	UCCUGGAGCUGUUCAAGCGGAAGAUGGAGGAGGAGCAGCGG
0	UAGAGGCUGGUCAUCUGACUACGGCCUAAUAUGCCCAUAAA
1	UUGUAGGCCUGUUUUACAGAAAGAAUGGAAGGCACUUUUUC
0	UGUAUUUCCUCUAAAGGUUUAGUGUAAUACUGCUUGUUUGU
0	GGCCACUGUUAGCCCCUACAAGCUGGCUUCUGUGUCCUUUU
1	AGGAUGAAAGAACAGUGCGGAAGAUCUGUGCUUUGGAUGAC
0	UCUACUCCAGCCUGGGCAACACAGAAUACCUUGUUUUUAUU
1	GAAAAAGACAGAACUAGACAAAGAUCAGAAUCAAAACACAA
0	GUCCAGUAAGUAAAACUCAAAAAUUAGUUCUUUAAGUAGAA
1	GAGCAGCGUUUUGGUAGAAGAUUAAUGCAGUCUCUAGCAUA
1	GGCCAGAACAAGGAGGCUGUAAGGACGGAGGAGUCUGUCUG
0	UAUAUAUAUAUAUUUAAAUAAGCAUUAGUGUCUUAGAAAUA
0	GCAUCUGUGAGGGCCAUAGGAGAGAAGCAGAGCUGGGCACC
1	AAGAACGUCAAACAUCUGGCAAGGUCGGAAUGAUUUUGCGA
0	GGACAGGACCGGUGCCGGUGAACCGUUGGCAUCGCCCUCGC
0	UUUUAUUUAGAAGCGGCAUAAUGUUUUUGUGACCAGAACUA
1	GGUACCGAGCAACGCUGUAUAGGGGGCUACGAUUAUUGGUA
0	UAAGUCAAAAAGCAUUUUUCAUGUGUAAUCACACAGCUAGG
1	GCCAGGACUGUGAGGACCUCAAGAUCGGCUUCAAGGUAUGC
1	ACCAGUUGAUUAACAAUUAUAAUGGACUAAAUAAAGCGUUG
1	GCUAGCGACACGGAUUCUACAAUCUCGGAGGACGGUAUCGG
1	AGUAAGCGAUGAUGAGGCUGAAGAAAAGGAAGACAAAGAAG
0	AAGUGCAAAGAACACGGCUAAGUGUGCUGGGGUCUUGGGAU
0	ACUUGUCCUAUUUGUGUCAAAAUGCCCUGAAGAACUGGCAU
0	AACUUCAAUACAAGGUCAAAAUCAGCAACAAGUUCUACAAU
1	GCCGCGUGAAUAUAUUGUUUACGAAGGCAGCGGAUAUGCUC
1	CGGUCAACGGGAGGCUUCUCAAGGUAGGUAUGGUUGGGGAU
1	CAUUCCAGAGAAAGAGGUAGAAGGUCAAGGAGCACAUCAAA
0	AGUCUAGGGACCUUGCUGGGAGUUGAGGGGAAAUUAAUGAG
0	UAGAAAACACUGGAUUCUAUAUUUAAAAUUUCAUUCAGUUC
1	ACGUGAAGAAGCUGGCGCACAAGCACAAGAAGAGCCGCGAG
0	UAACUGCGAAGGAAGAAACUAGUUAGGGAUGACAAGAACCC
1	GCACCAGGAACUGAAUUGCAAAGUUCGUUAGAGCACAGACU
1	CUACUCUCUUGGAGGGCUGGAAGGUCGGAAGGCAUCUGGCU
0	UGAGAGAAGUGGGCCUAGAUAGGCCAGGUGCCCCUCCUAGG
1	UUUGAGGAUAUUGUGUCUUGAGAACUGAGUGCGACAGUUGU
0	AAUAUGAAUGUAUACUUGUUAAUGUUCCUAUUGCAAAGGCU
0	UAGUUCCAAUAUAGCAAAGAAAGAAACUCUAGAGUUUAAGA
1	UUAAGAACAAGAUUGAGAACAAGAUCGAGAGCAUUGGUCUC
0	AGAGAGAGAGAGGGGAAAAAAAUACCAAACCCUUGGGAAGA
1	AGAACAGGCACAAGAACAAGAAGAUUGGAAGAAAUAUAUUA
1	UUGGUCUGUAGAAUCCUGUGAAGACCAGAAAGAGCACUAUG
0	UCCUAUUUUAAAAUUAAGAAACAUUUUAACAAUUUGGUAUU
0	AGACCACCUGUCCUUCGAGCAGGUGAGUAGGCCCCACCUUA
0	CGGAGUCAGGGAGGGAAGGCAACAGAGUGGGUGCUACCUGA
1	UCAGGAAGAAGAAAGACCUGAAGAUCAGGAAGAAGUAAAGC
1	UGUGCAACCUGAAACCCCAGAAGAUGAGAGGAGUCGAGUCC
1	UGAGGACGAUGAGGAUGACGAAGAUGAUGAGGAUGACGAUG
1	UAGGUGAGCUCUGUGAAACCAAGUUUGGGAAGACACACCCU
1	GGAUCCCAUUGAGAAUGAAGAAGACCGGAAGAAGGUGAGGC
1	ACAAUAAAAACUCUGUCCUCAAGUUUGAACAGGCACAGAUG
0	GGUCAUAGAAGCAGCUGAAAAUGUUAUCUAAGACUACCUCU
1	GGGCGAUGAAGAAGCAGAGGAAGAACAAGAAGAGAACCUUG
0	UGAAGGAAAAAAUCCAGCUGAGUGAUAAAGGCUGAGUGUUG
0	GAUUAAAGACUUAAAUAUAAAACCCAAAACUGUAAAAAUCC
0	GGGAUGCGGGAAUACAGGUGACCGUGGCCAGCCAGCACCUG
0	UCAGGAGAGUAAGGAGAGUAACUUCGAGGUCUGGAGGAUCA
0	AUAAAUUAAAGGUUCUGUGAAUUUUACUAAAUGCUUUUAUU
1	UUGUUGCAUUGCUAGCUGAGAAGAGAACGAGAACAUUUGGA
0	AGUUCUGUUUGUUACCUGGAAUUAGGCAAGCAUGUGUGUGU
1	CCGGCGCAUUGAUAAGGACCAGGAUGGGAAGAUAACACGUC
0	UACAGGUCAGCAAAAAAAAAAAAAAAAGAACACCCACGCAG
0	CGGUUGGGAGGGUGUAAUUUAAAGAGUGUGAGAAACUAAAC
1	GUCGGAGAAGGACAUCCAGGAUCUGAAGUUUGGGGUCGAGC
0	AAAUGCACCUGCUAGCCUCCAGGCCUGGUCCCUUUGGCCAA
0	CCCCUGAAAGAACAAGAGUUAGGAAAAUUAUCUAAGACAGG
0	UUAAUAGCAACUGGUACCAUAAAAUUUCUCUACCUUUGGUU
1	AGACCACGGGGAUCGUGGAGACACACUUCACCUUCAAGGAC
1	UGAACUCGUCGACUUCUCAGAAGAUCAGGAUAACCAGGUAA
1	CUAGAUUUUCUAACUUGUGCACACGUCCAGAGCAUGUUCAU
0	CUGGGAGGAGAAUGGAGUUCACCUUCUUCAAGGAAGACAGA
1	UCGGAAGGACCGCUGCGAACAAGAUCAAGGAACAGUGAGUG
1	AGAUGGAGUUCCUGAAGCAGAAGAUCGAGCAGGAGCUCCGU
1	CAAGGGCCACGUCAUCUACGAAGGCAAGAAGGGCCACGUCU
1	GUGGAGGAGGCAAGAAGCCAAAGAUGGAGGAGCUGGGCCUG
1	AGGCAAGACUGUGGAAGUUAAAGUAAGUGAAAUUUUCCUAC
0	CAUUCUUAGCAUGUUUCUUCACCUAUCUCUAUAAACCCCUU
1	AUCUAUGACAUCUGUCGUAGAAACCUCGAUAUCGAGCGCCC
0	GAAACACCAUGUAUUUCACAAUGAAAUGAGCCUUAUAAGUA
0	AUUUCUCACCUAAAAGGCCCAAGAAAGAAAAUCUGAUUAAU
1	ACAUGUGCACUACUUCAAGAAAGAUUGGAAGCAUGUGUGGC
0	AUGGAUCACCUGACGUCAGGAAUUCGAGACCAGCCUGGCCA
1	CGGGACUGGAAUGUAAAGUGAAGUUCGGAGCUCUGAGCACG
0	UUAUAGUGCUCACCUCGGUUACACUGUUCAUUCACAUGUAU
0	GUUUAAUUUAUAAAUGAGGCACAGUAAGAGAUUAACACCAA
1	AGCACUACUACCAGGAGCUCAAGAUCGUGCCCGAGGGCGAG
1	AUGAAUCAAAGUCUGAAAGAAAGAUGAAGAGCCACCAGACU
1	UUAGUGACUUUAAGUCAAGCAAGUACACUAAGGCGACAAGC
0	ACAAUUUAAAUCUACUAAAAAAUAUUUCAAAAAGUUGCUCA
0	AUAUUAUAUGUCUUUGAAUAACUUGCAUAUGUAAGGGCCUA
1	GGGGCAAAUUACCAAGGGCAAGGAUGGGAAAAGCAAGUACU
1	GAUGCUCCCCGAACAAGAUGAAGACAGUGAAGUGCGCGCCG
1	AGGAAACAGCCAUUGGUAAGAAGAUCGGUGAGGAGGAGAUC
0	GGUGGUCCGCCUCUCGUUGAAGUCUUCUUUCCUCUAUUUCU
1	CAUGUAAUAAAGGAUUCACCAUGAUUGGAGAGCACUCUAUU
1	UGGCUGAACAACUGCUAGAAAAGAUCCAGAAGGAGCCCACA
0	CUGACUCCAAAAAAAGAAAAAAAAAAAAAAAAGCUGGGCAC
1	AGUACUGGAUGAACAGAUACAAGAAAGGGAGAAUUCAAAGA
1	CGUGCUCAAAUCACUGCUGGAAUAUUGGAAGAGCCAACAGA
1	AAGAGGCGAGCCCUGCUGCAAAGACCAAAGAGACACGUUCU
1	UGACAUGUAGUAAAAGUCUGAAGACAGAGAAGAGUGCAUGU
0	CUGUGUGUCACUUCUCCAAAAAAGCCCCCACAGCUCCCUCC
1	GGGGCAUGAACUCUCCAACGAAGAGAGAAAUCUGCUCUCUG
1	CUCCGUGCAAUACGAAUAGGACAGGUGCAGACGACGGACAC
1	AGCCUAGAGAUGGGUAUUAAACCCAGGAGUAGCGUUGGCAC
0	GGUUGUUCAGGUUCUCCGUGACUGUCCUUCUGCCCUUCCAG
1	CCUAACUCUGCCACAUAUAUAAUAUCGGAGAUGGCAAAGGC
0	CAUCCUGGCUAACAUGGUGAAUGAAACCCCAUCUCUAGUAA
0	CUGAAAAGGAGUCGGCACUGAGGUCACAGAGUGAGUGCUGC
1	CACUGUAGGUAUGGACAGGGAAGAAAGGAAGACCAUCAAUC
0	CAGUGAGCUAUGAUCAUGCUACUGCAUUCCAGCCUGGGCAA
0	UAAUAGAUAAUGUUGCAAUUAACAUCUCUGCAUAAAGUUUU
0	UGCUUUAAAUAUUUCACUUCACUCUCUCCUUGCUUGCAUUG
0	ACUGUCAUUUGCUGAAAGUAAUCUUUGGAAACAUAUUCUCA
1	AAGGACUUCGGGUGUUUGACAAGGAAGGAAAUGGCACCGUC
1	AACCCCCAGCACUGCCACCAAAGAUCGGAACUCCAACAAGA
0	CCGGGACUCAAAUGUUAGGAAGUUGGGCACAAUCCCAGAGC
1	ACCGUUACUGUGAAUGAGUGAAGAUCCUGGAGGACCCUGGG
0	GGUCAGCCCUCUCAAGGUGAAUGCUGCUGUGACAUAUGGGA
0	AUGGAUUUACCCCAAAGCUGAUAACGCUAACGCUUCUGCCA
0	GUACAUUUUAACACAAACACACACUCACGCACGCACACAUC
0	AAAGCCCUAGAAGAUAACCUAGGCAAUACCAUUCAGGACAU
0	CAUGAAGAGGAGACAGCUGGAGAAGGGGACCCUUUAAUUCU
1	GAUACUGCUGUCUCGAAUUGAAGAAAGGAAGGCAAUCAUUG
0	CCCGCCACACGCCACCCGUCACCUGCCACCCGCCCCCCGCC
0	AGCUCAAUCCUCACUGUCUCACGUCUGUUAACCCAAAACUC
1	AGGCAAUCCCCAGGGCAAAGAAGAUCAGGAAGGAAGCGGAG
1	GGUGGCUCAGCAGCAUGAUGAAGAUGGAAUUGAAGAGGAAG
0	AGAUGCAGUUCAAAAAAAAAAGACAGCUUCUUAUAUUAGUA
0	CGGAAAUAGUAAAAUAGUUCAACAUGUGCUGUUCAACUGAU
1	GGAAUUGAAAUAACGUUGGUAAGGAAUACAUCGCGUCGAUA
1	UGUCGGACAUGAAGAGACACAAGAAGCUGGAGGAGCAGAUC
1	AUCUAGACUGCAGAGCUUCUAAGUUUGGAGAGGCUGGGAAG
0	CACAGAGAAUUUACUAUAAGAAAUUACACAACACAGGGAAG
1	UGAUAGGAAACUCUGUACAGAAGAUCAGUGAACCUGAAGCU
0	GCCUUCCUUGAGGUAGGCAGACAAUACGCUGCAUGUUUGGU
1	UUAACUGUUGAGAAAAGUGAAAGAUCAGUAUGAUUAUUAUG
0	GUCAUUUUCUUUGAGUGUUGAAUUAUACCUCAGUGGGAUUU
1	AGUCAAAGUCCUGGGCUGGAAAGAUGGUGAAAGCACAAAAA
1	GGAGGGCACUCUUAGAACAAAAGGUAUAAGUAAUAGAAGGA
1	ACCAGAACCUGGAGAAACUGAAGACGGAGUCAGAGCGUCUG
1	UCUGUCCGAACAGUAGCGACAAGCACGGCGCAGCUUGAGCU
0	CAUUCCCGGGCCCAGUGGCCAGAUCGUCCACACUUGAAGCA
1	UGAAACUGAAGGACAACGAGAAGAACCGGAAGCUCUUUGAC
1	UAAUGACCUAUUGAGCCGUCAAGAAAGGGGAGAGUGAAAAC
1	GAUCCACAUCCUGAAGAAUAAAGGCCGGAAGAGAAAGGUGA
1	GUGGGCCCGUUGCGGGUUGAAAGUUCUGACGCCCAUAGUGG
1	UUCGAGUCCUGCCGCGGUCGAAGGGAGGUUAUGAUUAACUU
1	AACAGACUGGGGCAGUGGAAAAGGUGGAAGAGCAGUGCCAU
1	UGCUGGCCGAGUACCUGAGGAGGAUCUGAAGAGGACAAUGA
0	UAAAAAUGUCCAGUGACUACACAUUAUGCUGAGGAUAAGAC
1	CUCUGAGGAUGAUGGAUGUCAAGAAGGGAAGGCAGAGAGAG
0	CGUGGUGGCUCACACCUGUAAUCCCAGCACUUUGGGAGGCC
0	UAGAGUGAGCAAAAGUAAUGACUAUAACAAUGUCUCCCCUG
0	UUUGAGAAACAUAGUGUAUGAAAUAUGAAAAAAAAUAUGUA
1	GCGGAUCAGCGAGCUCGAGAAAGGUACUGGGGCCAGGGGGA
0	UAGGAUGCAGGUGGGGUCAGAUAAGGGAAUAAAAGCAGGCU
0	AACAGCCCCACUCACUCCUAAUCAGUGAGCCAAAAUCAAGA
0	UCUAGAUUUUAUGUGAAGAUAUUCCCUUUUCCACCAUAGGC
0	GUCUUAUUGUUAAUCUGGAAAAUACACAAUAAAUGCAUUAC
0	UGUUCGUGUCAUGCGGAUCAAUCCUGCCCAAACAUUAGUGU
0	CCAUCUGGUUGGCUGGCUCAAAGCAAGCAUUGGUGAUCUCU
1	GACCCCGAAAAGAACCACGCAAGAUCAUUGCCACAGUGUUA
1	GGUGGACAUACCUGCUGUGAAAGGUACUCUGUCGGUUAACU
1	GAGUACUGCAUCUGCGUCUAAACGGCUCCAACGACUCCAAA
0	UGCUUUAUCCUUCGUCUUCAACUUUAGGCAGACCAUCUCAA
0	UGGCGGUGACACGGGUGGGCAGGUACAGGCCGUGCUUGGCC
0	UGUUACCCAGACACCCCCAAAUUCUUCUAACAAGUCUUCAG
0	UAUAACAUAUAAGGUGAGUGAUGACUGGGGCAAAGGCCAGA
1	UUCAGUCGGAGCUAAACAAUAAGAUCAGGGAAGGUAAAAAU
0	CCCACCCCACUCCACGGCACAGACCUUUGUUCCAGCCAAAC
0	UUGCCUUUCUCUUCUCUACCACCGUUUCCAGUCUAACCUCU
1	UGGCCAUGAAGGACCGCAUGAAGAUCCGAGAGCGAAAUAAG
0	UCAGGAAACACGCCUUUUCAAUCAUGAGUGCACCAGUGCUU
0	UCAUUAAUUAAGAGGAAACGAGAGCAGCGGCAGUUGGUACG
0	AUCUUCCUAGAUAACUCUCAACUUAGCUUUCUAGUUCCUAG
1	AAUCGAGGACAUUGAUAACGAAGAUUGGGAGAACCCUCAGC
0	AAUUAGCAAUUUGCUUAAAUAUACCAUAAUUAUGAACAUUU
1	UACAUCACCGCCCCGACCUUAGCUCUCACCAUCGCUCUUCU
0	UUGGGAGGCUGAGACAGGAGAAUCGCUUGAAAUGGGGAGGA
0	GUAAGCUCCUUUAUGAUAGGAUGUGGGUGUUUUCAAGGGAA
1	UAGACUGAAAAAUCAAAUUCAAGACCAAGAGCAGCUUGUCU
1	ACCGGACCGGGUCGGAAACGAAGAAGGAAGCACCGAGAAAA
0	CAAAACAGCAACAAAAAAAUACUUUUCCUUAAAUGUUACUA
1	GGAGAUCCGGUAGUAGGCGGAAAUCCACAAGCAAGUUAGAC
0	CCGUCUCUAUUAAAAAUACAAAAUUAGCCCAGCGUGGUAGC
1	UUAAUGAUUUGGACAAUCAGAUUAAGAAGAUGUAGCUUUCU
0	UCAUGUGGAUUCAGUGUAGUACUUAGUGCAUGGCAAAUUCA
1	GCAGAGAACUUAGAAGGCAAAAGAGGGAGGAGAUGCGACUC
1	AAGACUGGGAUGAGCGGGCCAAGAUCGAUGAUCCCACAGAC
1	GUUGAGCUUUGAAACAACUGAUGAGAGCCUGAGGAGCCAUU
1	CUCUCCGGAUGGGAGAUCUAAUUGUUGAAAAGCCAUUGGUU
1	CAGCACGGUUUUUCCGCAUGAAGAGAUUGUGGCACUCUGGC
0	CAUCCUUGCCUAAUACCCCCAGUGAGUGUGCGCAGGGCCUG
1	CUCAACUGUCAGGCCCUACAAAGAAAAUGGAGAGCCUCUUC
0	AUGAUGAAGUACUUACCUAGACCUAGUUUUUGGUUACUCGA
0	GAGCACCAGGUGCAGGGUAGACUCUUUCUGGAUGUUGUAGU
0	GGGAGGAUUGAAGGCAUGGGACGGACCCUGGAGAGGGUCCC
0	CAGAGGCAAACGUUGCCUCUAUAGUACGGAGGCUUGCAUUU
1	AGCCUGUGCUGAUGAUGAACAAGAUGGACCGCGCCCUGCUG
1	GAAAGCAGUAGACAAGUUGAAAGAGAAGAAGGAGCGCUUGA
0	AAUGAAAUUAAUAGAGCCAGAAGGAGCAUUUGACAAAAUCU
1	AAGAUGGACUGCGGAUGAGGAAGACAGUGCAGAGCAACAGC
1	UGAAUAAUAGAACUCAGGCCAAGGUAGCGGAGGAGCUGGGC
0	CAGGAAAUGAAAUCAAGGAUAUUGGUAAGAUAAAAAAAUCA
0	CCCAAGGGGACCCUAGCUUCAUGGGGGGCCUGGACUUCCCA
1	CGGUUGUGAUCAAUCAGGUGAGGGUGGUGGCCUACCGGCAA
0	AACCUGUUUUACACACAUGCAAUUGGAAAUCCAGAAGAAAU
1	CCCCCUAUUCUCUUCCUCCUAGGUCAGUUCUUCCACUGCAC
1	ACUGCUUGUAUGAGCAACAAAAAAUCAGAAAAGAGCCUUGA
0	GUAUGUGGGAACAGCAAUUAAUUGUCAUGUAGCGAUAAGCU
0	AGGGCAGGGUUGCCCACGCUAAUGCUGCAUAUAAAACAGAC
0	AAAUAAUAGAUUUUAAAAAUAAAAAUAAGAAUUUGGAGGUG
0	AGGUCAUUGGCUCAGAGCUGAAGCACUGGGCCACAUUUGCU
1	CUGUUGACGCUGUAGCGACAAUAUUACUGACUAUUAGGAAU
1	CUACGCACGUAAUAAGCUGAAAAUCGAAGAUGAAUGUCUGU
1	GCGCGAUUAUUGCUAAUUGAAAACUUUUCCCAAUACCCCGC
0	GAGGCCGAGGCAGGUGCAUCACCUGAGGUCAGUAGUUCAAG
0	CGUAAGCCACCCACCCACCUACCAGGAUUUUCCCGGGCAGA
1	CCGUUAUUGGUAGGCGGGUAAAGCAAACAUUCAUCCUGAUU
1	GUGGAUGUGAACAUCUUUGAAAGGUUGAAAGGCGCCAUUAA
0	UCUUCAUUCAGGUUUCCUACAAAACUUCCAUAUAAUUCUGC
0	GAGCUGUUUUCUUCUAGAUCAGAGACUGGGGCAUGUCAAAG
1	UGAUCAUCGCAGACUGCGGCAAGAUCGAGGUGGAGAAGCCC
0	AGAAAGGGCGCAGCUCCGGGAGGCCAGGAAGGAGGGAGGCG
1	AAAGCAGUCCUGCAGAACCAAAGAGCGAAGACGCAGAUCGC
0	GUUCAAGACCCAUUCAGGAGAUUCUGACAUUACAUUUAUGC
0	ACACACACACACACACACACACCUCUCUUAUUCCUGGCCAA
0	GGGCUUGGUGGUGCAUGCCUAUAAUCCCAGCUACUCAGGAG
0	UUCUCCUGAAAGAGCCCCAUAUGUGACUGAGUAAUACUCUG
1	CUCUCUGAAAGCCUUAAAUUAAGGUACAGAUAUUAUGAAAU
1	AUGGAUGAAAGAAGAAAAGAAAGACGGUAAAAGAAAUUGUU
0	GGAGCUCGUUGUUGAGGAUGAUGCCUGUCCGUGGUGAAUAC
1	UCGCAUUACUUGUAGAAAACAGGAUCAAGGAAGAGAUGGAG
0	CCCUCGUCCUGAGCCUGACCAAGAACCAGCUCCAUGAAAGU
0	GCCUAAGGUGCUAUUUGGGCAAGGUCCAGUGGAAAUCCUGA
0	GGAAAUACUGAAUAAAAUUGAGAGAUUUACUAAGUUAAGAC
1	ACUGUUCCGAUCUUGGAUAUAGCCUCAGCACACUUUCGUUA
1	UUUAACGCACUAGUCGUCUAAUGUAGUAAAGGACAUGCAGA
1	UACCUACUUACGCGCCGCCCAAUACGUCUCCUGGUCGCUAG
1	CUCAGGAUUUAAAAACUGGAAUGGUGAAGGCGAGAGCAGUU
0	GUUCCUCCAAGGGGGUGUACAAGGAACAAGUGUUGGUUGUU
0	GUGGAGGUGCAGAGAGGCUCAGCCGUUUGCAGGACAGUCUG
1	CAAAGUGGAGCCUGAGAAGAAAGAUCCUGAGAAGGAACCUC
0	AAAAGAUAUUUUAGGAAGCAAAAAAGUAAUCACAGUGAUGA
0	AGCCAAGUUUGUUGAAUGAAACCAUUCAUUCAAAGUACUGU
1	AUUUUUUGAAAUAAACGAAUAAGAAUAGGCAUUGUGCAGGA
1	AAGGGCCCAGCACAAUUCAGAAGAUCAAAGAGGCCCUGGGC
1	GCUCAAUGAGAGACAAAGCCAAGGUAAGCUCACAUUAGUGA
1	AGCUGCAGCUGCAGAAGCAGAAGGUGGAAGAGGAGCUGAAU
0	AUUCUGUAUCCAGCAAAACUAAGCUUCAUAAAUGAAGGAAA
0	CCGAAUAUAACUUCAUUUCAACUUCAUAUCCCAAACUUAUG
0	UUAUUUUGAUUAUAUGUUGAAGUGAAAAUAUUUUGGACAUA
0	GAGUGAGUUACUUAACCUAGAAGUCACAAGGGACAGUGGCC
0	AAACCAGCUGAAUCUUGAUAAGAGAACUUUCUGGUGUUGUA
0	UGAGGGUCAAAAUUUAUUUUAUUUUAUUUUAUUUUAUUUUA
0	GGCCUAGGAAUCUGCUUUCUACCAGCAUCCCAGAUAAUUCU
0	UUCCAGCACUGUGGGAGGCCAAGGGUGGGUAGGUCACUUGA
1	CAGAGACUGUAUGCUCCUUGAAGAUGGAAGCUGUGUUGUGU
1	GCAAGCCCGUGGACUUCAAGAAGAUAAAGGUAACCCUGACG
0	UCCCUAUUCAAGACAAAAGCAGCUCUCAGGAGUACCUUAAA
0	GCAACUUGAGUUUAAGUUGCACUGCUCCAUACCUCUAAUAA
0	GCACGCUGGAAAGAAAGGACAGAGUUACUGGGUGCUCCCAA
1	UGUACCUCAACACCCCCGACAAGAUGGUGCGUGCACACCCU
0	AUACUCAAAAUCUCAUUCCUAUUCCUAUUCCACUAGCAGUU
0	GACACCAUUUCUUAUUUGACAAUGUUUCCUACAUAAUUUUA
1	UUGACCAGAAAGAAUGACAGACACACUAAAUGAGGAGCUAA
0	ACAGCACCCCUUGUCCUGGGAGGUGCCUGCUCCCCCACAGC
1	GAUCGAGUUAUCGUAGGCUAAGCUGGUGCAUCGCCGAUGGC
0	CCCGGAACCUGGGAAUCAGAAAGAGAGAACACAAUACUAAA
1	GAGCGAGCCUUGAAAGAGAUAAAAGCGGAAGUUUGCCACAC
1	GCAGGAGCUGUGAACUGAUAAGAACCGGAGUUCAUCAGAGA
0	GAAAUAAUAAGCAUUUAAAAAUUUAUGUAAUGCUUUUUCAC
1	GCCUGGAAUCCAUAUAUAUAAAGUGAAGGAGGGCAGACCAC
1	CCAAACCGGAUGAGAAUUCUAACACGGGCCUGACAUCAAAU
1	AAGGAAGGCAGCAGGCGCGCAAAUUACCCACUCCCGACCCG
1	AACGGACAGAUACGGGGCAGACAGAUUUUAGAAUAGACUCG
1	ACUCCUGCAGAGCUCAUUGAAAGAUUGGAGCAGGUAAGCAU
1	ACUGCAGCCCUGGCAAGAUGAAGAUCAAGGACCAUAUCACC
0	UAGGCAAAGCUUGUCUGUGAAGUUAGGGCGUCAGCUACAAG
1	ACUUGAGAGGACCAGAUGUUAAGCUCGAAGGGCCCGAUGUU
0	ACUGUCAAUGAUGAUAAAUUAUUUGGCUCUAUAAAUCUCUU
0	GUAGGUCUAGUUUCACGUAAAGCAAAUAUGUGGUUCUGUAC
1	AACUGGCAGAGAACAAGAAGAAGAUCGAUGCUCUCCUGGAU
1	CAAAGAACCGAGAUCACAGGAAGAUCGGGAAGGUAUGCCCC
1	UUGUGGAGAACUCUAAGGUUAAGAUCAGGAAAUAAAAGACU
1	GGAGCAGCUCUGAAGAUGCAAAGGUAAGAGCUUAGUUAAGC
1	CGGCUACGAUUAUUUUAGGUAAUGAAGUGAAGUAUCAUAUA
0	UAAGUGAAAAAUAAAAGUUAACUUUUUUUUUUCCCUGAGAC
1	UAACGCGAAUUCGAGGAGGUACUAUUUACUGUGAUAAUUUU
0	UAUAUUCCCUAGAUUUUUAUAUUACAGUCAUUUUGGUGUUU
0	CAAAAAAAAUAAAAAAGUACAAAAAGUACUUGCUUUUAUAU
1	GGUCUUAAUAUAGAAUCUCUAAGAUGGAGAGCACCCUUUCA
0	CUCUUUCGGGACAUUGCCCAAGAGUUCUCUGAUGACCUGCA
1	UACUGACCAGCAAAAUGGAGAAGAUCAGAGAAUGCAGCAGC
1	ACGAUCGAAGGCGCAGGGACAAGUUCAGAAGAGAGCGCAGC
0	UUUUGUUGAUCUUUUCAAAAAACCAGCUCCUGGAUUCACUG
0	GGUUCUGGUCCCCGCCUCUGAGGAGCAAAUUGUGGAUUCUU
0	AGAAAAAACCUCAUGGUCUCAAUAUAUACCAAAAGAAAAAA
1	AUUUCCAGGCCUUGGACAAGAUUCGCUAUGAGAGCCUGACA
1	GUAAUGAUACUGAAGAAGAAAAGAUCCAUUGGAGCUUCACC
1	UCUCCGUAGAGACUGUCAAAAAUUGCCAGUGCCGACUAUAU
1	GGUUGGGAACCAGAACAUGAAAGAUCGUGAUGCCAUGCUGA
1	ACCUGAACACCUACACAGAGAAGAUGAGGGAAGCGCUGAGG
0	AAACUUGAAAUAAAGGGAAUAUAAUUUAUGAAAUCAUAAGC
1	CGGACUGUUCUAUGACUGCAAAGAUGGAAACGACCUUCUAU
1	AUAAGAUAGAAGAACUUAAAAAGAACAGAGAAGAGCAAGUC
0	UCUUCAGAAAAUAAGGAGUGAAAUAGGUCAUUUUAUGUCCA
1	AGUGAUCGAACACCAGACAGACAUGAAAUACUAGACCAGAA
1	GGGACAAAGAACAAAAAGGGAAGAUUGGAAAUGGAUAAAUA
0	AUGGUACUCUGUAAUCAGACACAUUCUUACUUCUGAAGCAA
0	CACUAUGCAAAGAACUCACCACAAGCCACCUUUUGUAGUGU
1	GACGGAGGACUAUUAGGUAUAUUAGAAGUAAUAAUUGAUUG
1	UGGCAAAGACCUGGACUUUGAAAAAGCCAAGGUAGAGGUCC
0	UCCCGGUGCUCCCAGCCCCCAUAAUGCUGGGCAUCCUUGAG
0	AACCCCAUCUCUGGUAAACAAAAAUACAAAAUUAGCCGGGU
0	AAAAUUCAGUUGUUUGGCUUAGAGAUAAAAAGGAGAUGAUU
0	GGGCUGCUUGGUGGAGAGCAACAGAAGGCUUUGAAGGGGAA
0	GCAGAUGUCCAUCAGGGGGAAAAAUAACAGAACAGAAGGAA
1	GCCUGGACCCUUGCUGCCGGAAGAUCUUGCAAGAUGGAGGG
0	GAGACACUGAGUGGGGUGAGAGUUAUGAGGAGACACUGAAU
0	AGAGGAUGUGGAGAAAUACAAAUGCUUUUACACUGUUGGUG
0	GGCCAGAAAAAUUGCAAGUAAAAUAGAUAUAUUUGGGCGUG
1	GGAGAGGAGGAUAGCAGCAGAAGAGAAGAAGAAGCAGGAUG
1	AAAAGAGCCCUUGAAGCUGGAAGACGGGAGGUGCGGGGAAU
1	UGGAAAAGGAGAACCCUGAAAAGAGGAAGAACAGCACUCAG
0	AUGGUGCCUGGGAAGAAAGAAAAAGCAGGUGAGGAUAGUGC
1	AAUCUUUGUCAUUCACAGACAGUUGUUUUGCUUCUUCCUUA
0	CACCACACACACCACACACCACAUACACUACACACAAUACA
1	UGGAGGUGAAGAAGUUUGUGAAGAUCGGCCGCCCGGGCUAC
0	UAAGCGAUAUUUGCAAUUGUAAAAUUCCAUGCUUAGAGAGG
1	UGGCCCUGCCAGAAGAAGCAAAGAUCAAAGACGCCUACCAC
0	GAAAUCCUGUCUCCACUAAAAACACAAAAAUUAGUCAGGCG
1	CGUUGAGGCUUCCAGUCAGAAAGGUCGAAGAGGCUUGGGUC
1	AAAAUGACAUCAGUUUCUGGAAGAAGAAGAAGAGCAUGAUC
1	AUGAGGAGAGGGCUGAACUCAAGAUUGGAAGCAACUGCAGC
0	AUAAGGCUAUAUAGCAUAAAAUGAUGAUGCAUUUUCUCCUG
1	UGCUCCCUCCCCCCAGAACGAGCGGGAGAAUACUAGCUAUG
1	GUUGAUCGCUUACGUAUGAUAUCAACAAUAUGCGUGACAGC
0	GUCAGAGCAGUUCUUCUCUUACCUGUUUUAUAAAUUAGGUA
1	GAUAGUCUCUGAUGUGCUACAAGAUCGAAGAAGGAGUUAAG
0	GCCCCGGGAAUCUGCUGGGAAGAUGGCAAAGGAGCAGCUUU
1	CAUGGAAUCAUCAGGAAGGUAAGGAAAUAGUAAAAUACUGA
0	UUAUGCUGAUAUAUAACACAAAUGCAAACAACAAUGAAAAU
0	UAAGAAAGGAGAAUAAGCCAAAGAGAAGCAACAGUGGGGAU
1	GAGCCGGCUGCAAGACCUGAAAGAUCGCCUGGAGCAGUCCG
0	AGCUAAAGACAACUGAAUAAAAUGUUUGCAAGUGUUUUAAG
0	UGCUUCUUUAUUUUCUUAUGAAUUUUAGUAUCAACUUGUAA
0	UUGAUUCCUUUAUAGUACUUAUUACAACUUAUAAUUAUUUA
0	CGGGGUCCCCCAGCUUCCGGACUGGCCGCACCCCGGAGGAG
0	AUUUUAUCGGUUUUUAAAAUAUUUUCCAGUCUCAGGGCAAG
1	CGUAACGGGGAGAGAGAGAAAAGAUCUCCUCAGGACCUCGG
1	CGGAGAAGAUCCAGGAGAAGAAGAUCAAGAAAGGUGGGAGG
1	GGGACCAGGACUUCUUCACCAUGAUCGGCAUGGAGCACCCC
1	GCGGAGACGGGGUGAGCGAGAAGAAAGGGAAGAGCCAAAGG
1	AACCUAUGAAAUCUGUACAAAAGAUUGGGGUGAGUGAAAGA
1	GAGUUUGGACAGGAUUCUUAAAGAUCGGAGAAAGGUAUGUU
1	ACAUCGCCAACUGGCAGAAGAAGAUCGGGGACAUCCUUAGG
0	CAGUUCCCGCACUAUGCUGUACCCUUUGUCACAUCCACCCC
1	CAGUUGUGGAUUCUGAUAAGAAGAAAGGUGAGCUGAUGGAG
1	UGCAAGUACUUCUGAUGUUCAAGAUCGCCUGUCAGCUCUUG
1	UCGGAAUUGCUUUCAACGCCAAGAUCGGAGGUAUGGGAAAC
0	AAUUCCUAUUAAUUGGUUAUAGUUGAUGGUUUAAUUUUUUA
1	GGGCCGAGUCACUGUCAGGGAAGGUCGGGAGCUGCACACGC
0	AGAACUACUCAAUUUAGAAGAAUCUGGAAUACUAAGUAUCU
1	GGAAGAACGUCAGAAGAAAGAAGAUGAGAGAGCACGCAGAG
1	UUGCAGUGAAUUGUGAGCAAAAGAUCUUGAAAGCAAAAAGC
1	UGUUCAGGAAAGAAAACAGAAGGAUCGAAAGGCACUCCAUG
1	AAAUUUAUGAACUCGAAAUGAAGCGGAAAGCAGAUAUGCGC
1	CUUGCUAGUGUCACGUUCUCAAAGGUCCAGGUACCUAAAAU
1	GUGGAUCAGGACACCUGAAGAAGAGAAGCUUCCGGCAACCC
0	UAGAAUACUACUCAGCCAAAAAGAUGAAAUACUGAUACAUG
0	GGCAGACUGCCAAGUCCUGGAGAAAUAGUAGAUGGCAAGUU
1	AAUUGAACAGCACUAUUUUGAAGAUCGUGGUAAAGGCAGGC
1	UGAAGGAAACUGAAUUCAAAAAGAUCAAAGUGCUGGGCUCC
0	UACAUGAAGAAACAAUAAAAAUAAGAACCAAAAAAUGUGAU
0	CAACCCACACGCACAGACCGACCCGGGGAACCGCGGGAGCC
0	CUCCACAGCAACUCCAUGAGAAGGGUGCUAAUAUUACCACU
1	AGGUCUGUCUAGAAUCCUAAAGGCAAAUGACUCAAGGUGUA
1	UGAAGCCCCGGCAGCGGGGAAAGAAGGAGAGCAAGGAGGAG
0	CCCAGUGCCUACGCGAAUUUAAUCCCAGAGCGAACAGACGC
0	UACAGGUAUCGGCCUACAAAAACAAAAACCAGUUAUCUUCA
1	GUGGCAGCCUGGACCCAAGUAAGAAGGAAGAGAUUUCAUAG
0	AGUAAACAUGUACAAGUUGUAAAAGAAGAAAUAGCUUUAAU
1	GGGAAGAGAGCUUUGAAGAGAGGAGGGGGACUUUAGAGAGG
1	CGAACUGGAAGAAACAAUUAAAGUAUGGAAGCAGCGGACAC
0	AAAGGCCAAUCUUAGGUUUUACAAUGAUGAUGUUAUCUGCA
0	CUUGAGCCCAGGAGUUUGAGACCAGCCCGGGGAAUGUCACG
1	GAGGACUUGGCAUAAAAUGAAAGAUUGGCAAAGGCCCUUGA
1	ACAAGUUUGUGGAGGAUACAAAGAAGGGAGUGCACCAGAAG
1	CCAAACUCUGGAGCUUUCGUACAUGCCUUUAUUCUCACCAG
1	GCCUGAAACAGACCUGCAUGAAGUUCUACGCACGCGUCUGC
0	CUCAGCCUUGGCCAUGUGAGAUGGUCAGGGCUCUGAGCUGU
0	GUAAAAAACCUACAGAUAAUAUUAUUCUUAAUGGGAAAAAU
0	GACCCUCUGGCCUUCAUGACAUAGUCUUUUAAUGUGUUAAA
0	GAUGAGGCUUUGGGGAUUCUACUGCCGUUGCUGCCAUUAGC
0	AUUUUUCAGCCACAUUUCAUAAAUGUGGAAACUGAGGCACG
1	UCUUGGAGCCUUCUGGAUCUACAAAGCACAGUCCCACUAAC
1	CAGACUUGUAGAUAACCCCAAAGAUGUGAAGAUCGCUUGUG
1	CAGUGGUGGAACAUCCGAAGAAGAAGAGAGAGCAUGGCACA
0	CUUCCCGAGUAGCUGGGACUAUAGGCACGCACCACCAUAUC
1	GGAGAAAACAUUUAAGAAUAAGGUCAGAGCACACAUUCAGA
0	CUUCCCCUCCCGCCCCGGCCAGCGUUCCGCACCUUGACGAU
0	UAUGUUUUUCAGAGCGACGAAGGUCCUGAACCAGAGGCUGA
1	GUCGUUAGAUGAACUCACUAAAAUUUGGAAGAUACAGGUAG
1	AGAUGUGGACUUUGAGGAAGAAGAGGAGGAAGAGGGCAACG
1	CUGUGUGAAAGCUCUUAGCAAAAAUCGAGAAGGAGGCUCAG
0	UCCCAGGGGCCACAACACCGAGGAGCCUUCCAGGGAAAGGU
0	UCUCCCGAUCUGAGGGUUGCACAGUUCUGUGGAAAAGCACU
1	CCAAAAGGGCUAGAAUUAGAAAGAUCAGAGCUUUUUAAAAA
0	AAAAAGAAGUUGGGAAAUUGAACCAUUCUCUUUCUUUUCUU
1	ACUGUCUGGAAGAAGAAAAAAAGACCGGAGGAACCCUCCCC
1	AGGGAGCACGGACUUCCUAGAAGAUGAUAUAGAAAAAAUUG
1	CCCCGAGGACUUCGUGGACGACGUGAGCGAGGAAGGUGAGG
0	CAGCUUUGCUGCUGUAGCAGAAAAACGGCCAUAGACAAUAA
0	UCGGCUCCUGAGGCUUCUGCAUUCUUCACGUAGUUCUCGAG
1	AUAUCGCGCUUCGGAUGAACAGCUAGAAAAAUGAUCGAGGC
1	GAUUGAUAACUACCUCGUCGAUAUGAGCAGCGAGCUAGCGG
1	GAAUAACUAUUAAAAAAAAAAAAAAAAAAAUCCGCAGGGCC
0	AGUUCAGAGAACUGGUUGACAGGAAGAAGGAUGCCCUCCUG
0	UGUUAUCCAUACAUAGGGGAAAGAAGCAAGCAAGCAUGCAU
0	GAAGUGGAGCUGUUGUCCCAAACCUUCCUGUCCUUGCUCCC
0	GAACCUGGACUGAUACAAUAAGUUAUUUUAUAUAUAUAUAU
1	GUUCAGCUGUUGAUGCUGAGAUCCAUAUUUAGUUUUAUAAG
1	AACUGCAGGAGUCCGUCAGCAAGAAGGGGAGAGUCGGCUCA
1	ACUGCAAGCUCCAUUGGCAGAAGAACGGAGACUACUUGUGU
0	AUUGCUAGAUUUGUUUAGAGAAACUUUAAGUGAUGAUAAAU
1	AUGCGAACCAUAAAGAUGGUAAGAAGGAAGACUGCGUGAAG
0	AUGAUUCCUAUUUUGUGCAUAAUAACAUUGAGGCUCAGAAG
0	AACUGAAUAAAAUGUUUGCAAGUGUUUUAAGGAAAAUGUAU
0	UUUGUGAUGGGUAUUCCAUGAGAGUGAGAUGGAUCUCCCAC
0	AUUCCAGACCCCUGGCCGAAAGCGCGCUUCUCCCAAGCAUU
1	UCAUUGAGCUGAGGAAGAAGAAGAUUGAGGAGGCGAUGGAC
1	GCAACAGCAACUCAGACAACAAGAGGAGGAGCACACUGCAA
0	UGAGACUCCAUCUCACAUUAAAAAAAAAAAAAAAAGAAAAA
1	UUGGGAGGAAAUUAUUCCAGAAGAUCAAAGAAGACGAUUAG
1	GAACACGCUGUGUGGCUGAAAAGUGAAGGCAAGAGCUGAUU
0	GGUCCAAAGCUAGUGGCUGAACUUCAGUGUUCCAGGCACUG
0	CAUUAUUUAAGUAAUUACUAAAAUUAUUAAGUGAUUUGGGA
0	CAUCAAGGUGAAGGACCAGGAGAAGAGGAGGCGUGUGGAGG
1	CGAAUUGGUAGCUCUAUGAAAAGUGUAGGAGAGGUGAGUCC
1	GGACUAUGGCUCCGGCGAGGAUGAUGGGAAGAGCGACAAGC
1	AGGAUUUAUCAAUUAUGCAAAAGUUCGGAAGAUGCCAGAAA
1	UUAUGGACUCCGUGGCUCGGAAGUCGGAAGAGCACUGGACC
0	UCGCCCCAACUCCCUUAGAGAUUUAGCCCCAGCUCCCCACG
1	CGUCGAAAAUUGAGAGGUCGAAGGCCGCAAGUCGACGAGCC
0	GAUUAUUCAAGGAUGGCUUGAUUUAGGCACAAUUAGGCAUU
1	AUACCUGCAACAACGGCCGGACUCUUAACCCCGAUCCACGC
1	GAGUACAGAAUUACAGUAUCAAUGCUUAUCGCCAUUAGUGU
1	AUGUAGCCAUGACUCAGAUCAAGAUACGGAAGAGCCCAGCA
1	CUCUCUACGUCAAGGAGAACAAGGUGGGUGCGUGGGCGAGG
1	GGAAUGAACAUAAACCAGUAAAGAUCGGACGUGAUGGACAG
1	GCCGGCUCUACCUAGAGAACAAGAUCCACACACUGGAGCUG
0	AGUUGACCCUUGAACAAUGCAGGGUUUAGGGAUGCUGGCUC
1	ACAGCGCAUGCAGACGACCUAGUGCAAUUGCACCCAUAGGC
0	AGAUUAUACCAAAUGAGAUGAUUACUACGGUGCUGUGUGUC
0	UCAGCCAGUCACAAAAGGACAAAUGUGAUUCCACUUAUAUG
1	UGUUAGUCGCUUAAACGGAGAUGGUAGCGAAUAAGCAGGCG
0	AUUUUAAAGAGGAAUGUCCAAAAGGAAAAGGGGGAUGGGUU
0	GGCUGAUGGAUGCCAUCUCUACAGAGGUCUGGGCCUUGUGU
0	ACUUCCUUUUAUUAAACAGUAAAUGCUAAACAAUCCCUUAG
0	GGGUCUCAGGGCACAGCCUGAAGGCAGGGGAGACGCACAUC
1	UUGUAGGACUUCUCUACACAAAGGGUGGAAGAGCCACUAAG
0	CUUCACACAGGUAGAGCUGCAAGGGCCCAGGAAUGCCCCAC
0	GUGACAAUUGUGUUGACUCUACAAAUUGAUGGUAAAACGUG
0	UUUUUGUGGGGGUGGGGGCAAAAUAUGUUUUCAGUUCUUUU
1	CAGGACUUUAGGGGUCAGUAAAGACCGAGGAGCCUUUAUUG
1	CCGAGCCACAUCGCUCAGACACCAUGGGGAAGGUGAAGGUC
0	GUAUAUGAGGUGAUUAACACAGACCUUGGGUUGUUAGGGUG
1	UCCUAAGGAGUCUGAAACAGAAGAUCAAGCACUUGUCUCAA
1	UACUGUGGAAGGUGGACUUGAAGGUCGAAGACAUGAACUUG
0	AUUGUAAAAAAAUUAAAAAUAAAAUUGGAUAUAGUUAUGAA
1	GAUUGGUCAUGGAGAAUUGAAAGGUAAAAUUGUGCUUUUAU
1	UUUGCUGUGGACAUGACCAUAAAAAAAUUUCCCAGUAGGUU
1	GGAAACUGAGGCUCAGGAACAGGAUCGGAAGCCGGUUUGAC
0	CUGGGUUGGAAGUCAGAGUAAUAGUUAAUAGUCAGGAACCA
1	CGGGCCUGCUGUGUGUGGACAAGAUCGAGAAGAGUCAGGAG
1	GCCUGGGGAACAGGAGAGCAAAGAAGGGGAGCACUUAGAUU
1	ACACAGCUAUCGCGAAUAACAAGAAUGGAGUGCACCUUAUU
1	ACCUGGACUGUGUUAAAUGGAAGAAAUAAGAGCACACAUCU
1	UGGUCGCAAUGUCCUUGUGAAAGAUCUGAAGACUCACCCUG
1	GUAGCCCGCGUGGCCACUGGAAGUUUGAACGGUCGUGUGCC
1	AGACGAAAACGGAAUCUGCCAAGACGGAAGGUCCUAGCCCA
0	CUAAAUGUAAAUGAGAAGGUAGCCCCCUCUGAUAACAGCAC
0	CAGGCAAACCCUUUUUGAUUAGCUUCUGCAGCCAAAUCCAG
0	GGUUUAUGAAUUGAAGAAAUAGGAUUAUAACAUCUUCUGGU
1	ACUGGCAACAGCUCAUGCUCAAGAUGGAAGAUCGCCUCAAG
0	GUCCCAAGUGCUGAAAUUACAGGUGUGAGCCACCACACCCA
0	GUGUGUGUGUGCACGUAUGCAUAUGCCUCGGCCACAGCCCU
0	UCCAGCAGUGUGUCGAAAUCAUGGAGAAGCUUCCAGCUUUC
1	UACACCGAUAUCAUUGGGCGAGCACACGCCAUGGCGGAGAG
1	UCAUUCACGACACAGAAACCAAGAUGGAAGAAUUCAAGGAC
0	AACAAACAAACAAACAAACAAACAAUCAAUCAGAGGCGCUG
0	GUUUUACAGUUGUUAAGUCCAGAGUGCUAACCUGCAAGCAU
1	CUGUCAACUGGUGGAGGAAGAAGGUCGUGUAAGAGCCAUGC
1	GGAUGAGCUCAAACAAAAGGAAGACCGAGAAAAGGAGCAAC
1	GUUCAGCUAGUUCACACCACAAGGAAGGGAGACACAAGACG
1	UUGAACAGAGUGGACUUGUCAAUAUCAGAGCAGAGCACCAA
1	CUGCCGAGAAGACUCCCGUGAAGAAGAAGGCCCGCAAGUCU
0	AGAUUACAAGACUGCUUUCAAAUAACAGUAUCAAAUAUAAA
0	UGAUGCUGGUAAUGAUGAAAAACCGACAACUCCCGAGCUCC
1	AGCUCAGAGCUGGAGGAUGAAGGAUCGGGUAAGUGGAUUCU
0	GGGGCCAGCCUAUCCCUUGAAUCCUUGGAGGAGAUAAAAAU
1	AAGAGAUUGUGGAAAUGUACAAGGGCAAGAAGAGGCACGAG
1	GCAGAUCAGAGAGCUCGAGAAGGAUCGGGAGACUCAGAGGA
0	UUCAGUUUUGUGAAUAGAUGACCUGUUUUUACUUCCUCACC
0	CUUCAUUAUUUCUUUUCAAAAUUUCUUAGUUUUAUGUAUUU
1	UGGUGCUUCAGGUAGAGGUUAACAUGAACCACGAGCUGCUC
1	GGUGGGGCUGUAAGACCAGAAAGACAGGUUGAGCACUGCUG
1	GACCUGUGUGAACUAUUGAGAAGAUCGGAACAGCUCCUUAC
1	GCUGAUUAAGCCUGGCGCCAACGCUUAAGCAACGCCUACCU
1	GCUGGGCAGAGAAACUCUAAAAGGUAGUUGGGGCACACUUU
1	UUGCUAUUGAACACCUGGACAAGAUCAGCGAUAGCGUCCUU
0	GGCUACAGGGAUUCAAUUGUAAUCAAAAGAGGCUCCAGAGU
0	GUCCACUGGAUCUAGAUAGUAAAUGAUGUACUGAGAGUUAA
0	UCUUCCUGAUCUCACUGAGGACCAACCUUUCGACAUUCUUC
1	ACAAGUAGAAUUGACUGCACAAGAUGUGAAAGAUGCCCACU
1	GACGCUUGAACAAAUGAAGAAUAUGGUAAGAUAGUGCGAGG
1	UUGGUUAUUCUGCAGAAUACAAACGCGUUAGGGCCAGUAGG
0	AGCUAAUGUGUGCACUAAGUAACACGGGUGAAUCCAAACCA
1	UCCACGGAAAUCUUUAGUAAAAGGCGAAAGAUUUAUUCGUU
1	GUCUACUGUAGGAACAAUGAAAGAUCUCAGUGAGCACAGCG
1	GCUGAAGCGGAUCAAGACAGAAGACGGCGAGGGCAUCGUCA
1	GCUCCAAGGACUGCACUGUGAAGGUGAGGACGGCCAGGUGU
0	GCAGGAUAAUUAAGCCAAAGAUGAUAACACUUAACUUAAUU
1	UUUGGAACUUAUCAUGAGCAAAUAUCGGAAACAGAUGUUAC
1	AAACGGAAGCAGGAUGAAUAAAGAAAGGGAGAGCACAUGAA
1	UCACAAAGAGGCUAAAAUAGAAGAACAAGAAGAGCAAAGGA
0	CAUUCAGAAAACUUCAAGACAUCACCAUCAGCAGGCUCCAG
1	ACUUGGAGAAAGACCGCAUGAAGAUACUUGUAAGCACACAU
0	GAUUAUCCAUGAAUUGUUGAAGGUAGGUGAUCAGUACAAAG
1	UACAGGUUGUUAGUAGAGAGAUCCUCAGCAUGAGCCUAGGG
1	AGGAUAGUACUGUCUCUUACAUCCCUCAUACUCGCAGCGUC
1	GAGUUGCUGUUACACAUAGGACGAUGAAAAAGUUAGUGCUC
1	GGACACACGGGAAAGCCAGGAAGAAGAGGAAGAGCACCCCC
0	GUAGAUCACUAUAUAACCAAAAUACUUUUAGAAAAGUGAAU
0	UUCAAUUUUUUUUAAAUUUUACUUUUAUUUUUUAUUUCACC
1	AGACUCUUACUCUGGUUACUAAGAUCAUCUGUGCAUGACGG
0	UGCUCUUCUCCCAACAACACAGUCACCUAAGGACAUGCUGA
0	CAAGACUCUGUCUCCAAAAAAAAAAAAUAUAUAUAUAUGUA
0	AGAACUUAAAUUAAAAAAAAAAAAGAAAAUCAGUAUAUAGA
0	UGGCAUGGAGCCCAGCCUGCAGGAGGUGCUCCUCUGGGCCG
0	GGCAAAAUCUCUAAAUUUUGAUGAAGUUCAAUUUAUCGAUU
1	UGGAGUUCGAGUGAAUUUGAAAGUUACGAAGAGCAGAGUGA
0	GCAGGUGCUGUGAGAUGUCGAUUGGUGUCUCUCCAGAGCAC
0	GUGAGGGUCCCCCGGGCAGCAGACGGGAACACCCUUGGGAG
0	GCUUCCGCACUCUGAAGCUGACCACACCAACCUACGGGGAU
0	GGACCGUCCCCCGACCGGCGACCGGCCGCCGCCGGGCGCAU
0	CAGUGGAAUCCAUUUUGUUAACACCGACAAUUAGUUGUUUC
0	GCAUGGCCCCCGAGACCUCCAGACCCUUUACUGAAGGCCCC
0	GUUUACUGUCAGUUUUCCCCACUAGAAUGUAAGAUCCAUCA
0	CGUCCAAAAGCUUCCGGAAGAGCGGGCAGGGUCCUGCACAG
1	GCCACCACAGUACUUCUGGGAAGAGGAGGAAGAGCUGAAUG
0	CUUACAAGAAGAAAUACAAGAGGCCAGGUGUGGUGGCUCAU
1	UUAAUGUGAGAACAUUUCUGAAGAUGGGAAAGACAAAUUAU
0	CAAGGCAGGAUGGGGACUCCAAAAGAGAUGAGAAUUAGUUU
1	UGAGGCUGUUCCUGAACAGAAAGAUCCGGAUCCUGAGUUUC
1	ACAACUGAAUUGGAACAAAGAUGAUCGGGAAGGCAGAUUUG
0	GAGGGCAAACUGGCCAUCUGAGGAGAUAACCACAUCACUAA
0	ACCUCCGCCUCCCAGGUUCAAGCGAUUCUCCUGCCUCAGCC
1	CGCGCGGAAGUUUAAUAGGCACGUUGGCGACCAGAUUGAAA
1	AGAGGAAGUGUGAGGGUCUGAAGAUUGGGGACACGGUAAGU
0	AGAAACAUGGAGCUGUGUGUAGAGGAGACAGAAGGGGACAG
1	CAUAGGACAGUAUGCACCUUAAGAUCCUGAAGAAACGGCAC
0	UGUGUUGUCUCAGCUGGAAGAAUUAGCACCAGUUUAAGUUA
1	AGAGCUUGAGCUCACACUCAAAGAUCAGAGGACCUACAGAG
0	AAACAAAAUAUAGAAGGAAUAUAGCUCAAAAUAGUAAAGGC
1	UGGUCAUCCGAGAGCUGAACAAGAAUUGGCAGAGCCACGCG
0	UGCUAUCCUAAAUGACAGUUACCUAGUCAAUUGAAACUAGC
1	GGCAGAAGAACAAAUGCUAAAAGGUACACAGGUCAAACAGG
0	CUAAAAUGCUCCAAAAAUCAAACUUUUUGAACACCAACACA
1	UGGUCAUGGAGGAGCUGCUGAAGGUCGUCAAGAGCCUGGUG
0	ACCUGUUAAGAGUAUUCUGUAAGUCAACCCAAUGAUACACA
0	UUUCAUUAUAUCCAACAUAUAUUGCUUUAAAUAAUAUAUGU
0	GAGGAACACUGGAGACCCUCAUAAGUGCAGGCACCUCCCUU
1	UGGUGAAACUGAAUUAUUUGAAGUAGGAAGACCCGAAGUUC
0	GCAUAUUUUAGGAUCAGCAAAAACCCACAAUGCCUUUGGCC
0	GGCUUGGUGCUAUCCUUGCAAUAGUGAGUGAGUACUCAUGA
0	ACCUGAGGUCAAGAGUUUAUAAGACCUGCCUGGCCAACAUG
1	AACUGUGGAUCAGGAACCCAAGGAUCAGAAGAGGAAAUCCU
0	AAAUGGGAAGCUCCUACUCCAUGUAAGUAACCACUCAGUGU
0	CAGCUGUGGUGGGAAGAGUUAGGGCCAGUGUCUUGAAAAUC
0	UUCCUCCAGGUUUAAAAGAGACCCUGUAGGGCACCUGGUCC
0	CUGUCUCAAAAAAAAAAAAAAAAGAAAAAAGUCCGGGUGUG
0	AAAACCAAAAAAAAAAAAAAAAAAAAAACGGGCUGGGAGCU
0	CUUGAGCCUGGGAAGCUUCAACUGCAGUGGGCUGAGAUUGC
0	GUUCGCAGUUUCUGACAGUGAAGGCUCGGAGCAGCCCCUCC
0	AAUUUUCCCUAAAGGAACACAAUAAACUGCACAGUAGUUGC
0	UGGGAUUAUUUCUAGAAUGUAGUAAUCUAGAUUCUAGAUUA
0	UGAUAUCUUCUCCCUUUCUGACCCCCUGUCUGUCACAGUGU
1	CUAGACACUAUAUGAAGAAAAAGAUCAGGAAAGCUCUCCUC
0	ACUUGAGAUAAUCCUGAGUUAAGGAUGCUAUGUUAUCUUGG
0	AUGCCUGCUGUCCUCCUCUAACCACAGAUCUCAGCAGAGAC
0	CCCUACUGAGUGACUUCACCAUUUGUGUGGGAUGGCAGUUC
1	UCAAGGCUGAGUCUGAGCACAAGAGGAAGAAGCUCGACGCG
1	UACGAUUCAAUCCACUUGUAAAGCGAUCUGUUGUGCUGUUA
1	CACUGAUAUAUCGUAGAACAAAAUGAUACACCGUCCGUCGC
1	GAACAAAAGGACGCACUCCAAAGGUAACAUCCAAGUUUGAA
1	UAUAAAAAUUUAAAUCACCUACUACAGGUAUGUCAGGCGGG
0	AAAGAGUACUUUUGAAAUACAUUUUAAAAUACAUUCUUGAU
0	GGAUAGGGGCCUGUCCAGGCAUCCACAUAUAGAAUAUUUAC
1	AGGACGAGUGUGAGGACGCCAAGACGGAGGCGCAGGGCGAG
0	UGGUUCUGCUAAUUGAUGUAAGAAACUACUUACAUGUUUUG
1	CAAAUUUGAACAGAUGAAACAAGAUAGGAUCACCAGAUACC
0	CUAACUUUUAUUAUACACACAAUGUGACUGGCAUUAUUCUA
0	AAAAUAAUUGUGAGUAUAUGAUGAAAUAGAAUGUAAAAUUU
0	CAUCCAUCUUAAAGUUAUAAAUAGUGCCUUGAAAGGAACAA
1	CAUCACUCGAGACGUAAAUUAUGGCUGAAUCAUCCGCUACC
0	UUUAAAGCCAGUGGCUCCAAAUGUCAGGGAGCCAAAGGCGG
0	UAUAAAAGACGAUUUUACAGAUGAGGAAAUACAGACUUAGA
1	AGUUCGGAGUGUCCCCUGACAAGAUCAGUCUCCAGCAAGGC
0	AACUCUUUGGUUUUAAAGAUAAAAAAACAUGUUUCAUCUGG
0	GUAACUUUGUUCAGUAUUACAUGUUUCUUCAAAUGUGGCUG
0	ACAUGGAUGUUUGUACUGUUAUUAAAUUCUGUGUAAUCAAA
1	AUGGAGAACCUGCUGAAAUUAAGAUCAUCAGAGAAGCAUAU
1	ACAACAUGGAACUCAUUAGAAAGAUCUAUAGCACUCUGGCU
1	UCAGGCCUGGAAUGCUGACGAAGAUCUUGAGCCACCCUACC
1	CUUCUCCCUGGAAAGCAAUAAAGAUGAGAAGACACCACCCU
1	UAUUUGAAUUCAGAACUUAGAAAAUUGGAAGGGACCUUAAA
1	GUUGGCUAAAGGAGAUCCGAAAGCUUCAGAAGAGCACACAC
0	GAGAUGAGGCUGGUGUGUAUAAGAGAAUGCAUUCAGCUCAA
1	GGAUCAGAUGGAUCCUGAGCAGGAUCGGGAGAUCUCAGACC
0	CUCUACCACUGUACAGGUGUAAAAUUUAUGUAUUUAUUUAU
0	CAGAAACCCCAACUUUUCAAACUAAAGCUCCCCCUAAAAAU
1	GCGGUUUUGGCUGUGUGAGGAAGACGGAAGAGACGGCGGCG
0	AGCGGGAGGGCGGAGGAAGGAGAGAGAAGGAGGGCCCACAG
0	AGAUUUUAAAAGAUAUACAAAGUAUGUUCUUAUUGCAACCA
1	CCAGGUUCAAUUCGGACUGGAAAGGUCCACUCGCACCAGGC
0	AUAAGUUAACAGGAAACAUCAGGUAAGAAAUGAAGUAAAAA
1	ACUUUCUGAACUCCCUGGAGAAGAUGGAGGACGGCAAGUUG
0	ACUUGAUGAUACCAACCAAAACCUAAUAAGAUUUUUCUUGU
1	CGAUCUUUUGGAUUACGAUGAAGAGGAAGAGCCCCAGGCUC
1	GGAUGUGAAGGAAGAGGAAGAAGAGAAGGAAGAGGAAAAGG
0	UGGACUUAGCCUUGUUCAGUAUUAUAUUCCUUAACUAGCUU
1	AGGCUGAGCACUGGAAACAUAAGAAGGAAGAAUCUGGCCGG
1	CGGUGACUAAGGCUCAGAAGAAGGACGGGAAGAAGCGCAAG
1	UCCGUGUGGUUGACAAGGUCAGUGGAAGCUUCAUGACGGGG
0	UUGUAUUUCCUAAGAUUAAGAUAGAAUACUUACUGAUCAGA
1	UACAUCUUUUGAAACUCUACAAGAUCGGUAUUCCCCCUUCU
1	UAAGGACUAUUAAACUGAGUAAGAUGGGAAGCCAUUAGCAU
0	AGAGGCAAUAGCAAGUACAAAGGCCCUGAGUUGAGGACAAC
0	GGGUGACAUUUUCGCUCGCCAGUUCCUGGCAUCAGUGAGUG
1	ACAAGCACAGCGACGAGUACAAGAUCCGGCGCGAGCGCAAC
1	CCUAAAAGUACAAGGGUAGGAGAUGGUGUCAAGAUGUACUA
1	AGCGAUUUAUAGAUUUCUUCAAGAGGAACGAGCAUACGUAU
0	CUGCUAUGAAUUAUUUUUUUAAAAUAUGGCCAUUGCACUCC
0	GACCGCAUGCGACCCCGGGGAGUUGUGGGUAGAGAGUUCCA
1	AACGUGAAAGUGAACCUGAAAAGAAAGGAAGAAAUAAAAAA
0	AGCGCCCGUCUCACUGAAGAAGGUGUUGAAGGAGUCAUCUC
1	GAGAAGCCCUGACACACAGGAAGAUCAUCGCCAAGGGGGAG
0	GGAAAUACCAGUUAAAGAAGAGCACUUGAAUUGAUUUAGAG
0	GUUGGGAAAGAUUAUUUUAAAACUUUUUUAUAGAGACAGGG
1	CUUGAGUUUUUGCUGAAAGUAAGAUGGGAAGCCAUUGAGGG
1	AGCGGCUCCCUAUUAGAUCUACUCUGCAUCAAGUCCUACGU
0	UACAAUGAUGAGUUUUGAAAAUACAUUUAGUGUUUCUGUAU
1	GGAGGGCAGAUUAGAACAUGAUGAUUGGAGAUGCAUGAAAC
0	ACCUCUACCAAAUGUUUUUGAAUAAUUGAAUACGGAUAUAA
1	GGAAAUAUAAACUGGUACGGAAGAUCGGGUCUGGCUCCUUC
0	GCGCAGUAUCCCAGCGUUACACAGUAUGGUGACUGUUACAU
1	GAAGUAGCAAGACAGUUGGAAAGAUCAGCAUUGGAAGAUAA
1	CUCGUGGACGUGGAAUGCCUACUACGCGGACAUUAUUAAAU
1	GGCUGAGCACACAUGAUCCCAAUAUCACAUGGAGCACUCGA
0	UAGAGGAUGGGUAGAGUUUAAGUAAUUGAAAAAAUGUAUCU
0	GAGAAAGAAAUGCAGUCAAGAGAACAAGAGAUAGAGAGAAA
1	UUGUGCGCCGUCGAGUUUCAACCGCCUUCCCUUACGAGCUC
0	UUGACACAUCAUGUCACUUGAACCAUGCGGAAGGUUUUACG
0	AAAAGCACAGACAUGAAAGGAUGCUGAAUGUUACAGUAUUU
1	CAUAUUUUGACAAAGUAGAUAAGGUGCAUUUGCAUUAUUGU
0	AGAGAAAUGAGGCACAGAGCAUGUCUUUUUAUGGGGACAUU
1	AAGCCCUCAAGCUGGAUGGAAAGAACGUGAAGGCAUUCUAC
0	UGGCCUGUAGGUAAUAUUACAGGCUCUGCUGGGGUCAUCCC
0	CAUAACUCAUGUCGUAUGUCAGAAUCUAAUUUAAGUACCUU
1	UGGCAACACUGAACCUGUGAAAGCCAAGGAAGAGCUCAUAU
0	CUCUAGAUGGAUAUUUUUUGAGACAAGGUCUUGCUCUGUCG
0	AUAUCCUCAGUGCCUAGAACAAUGUCUAGCACAUAUUAUAA
1	AAUCAUUGAACGUCAGUGGGAAAGGAGAGCAAGAGCGAGCG
0	GAGAUCUCAAAAUAAGAGACAGAGCCUGAAUUUAAACUUAG
0	CAUAGUCUGUGCCACGUAGCACAUUCUCAUUUAACUUCCCA
1	GUGGAAAGAGAGCAAGGGGAAGGAUCGGGAGUACACAGACA
0	AGGACCCCCAGGCCUUGCCCAGCUGGGGUCCCCGGCGCUGG
0	CAUUUUGAAAGCUCUCAUGUAAGGCUGAAGCAGGAGAUAUA
1	CUUCAGCUGACAAAUACGUGAAGAUCUGGGACAUCUUAGGA
1	CCUGUAACUUCUGAGGUGAAAAGAUCAAAAAUGGCUACUUC
0	UUCCACCUGAGAAGGGCUUCAGAGCCCACCAGGCAAGGAAG
1	AUGACCUACGGACGCGCAUCAAGAGCGGGGAGACGGUCAUC
0	GCGAAACCCCAUCUAUACAAAACAUACAAAAAUUAACCAGG
1	UCUGACUUAGAGCUGAAGUAAAAGAUCACUGAAACAUCACG
1	CUGCGCUGUGGACACUGAGAACAUCCGCCGUGUGUUCAACG
0	UGUGUGUGGUGGUAUGGGGAAAGAGGGAGGGGAAAGGAGGG
0	AGGAAACUGCUUAUUUUUCCAUUUAAAGAUAGUUUUUUUCC
0	ACAAUAAUAAUAAUAAAGUGAAUAUACCUGGAAAUAACUGU
0	GCAAAAGCAGUGCUAAGAGGAAAGUUUAUAGCAAUAAAUGC
0	AAAGGAGGAAAAAGUAAAGAAUAAGCCAGGGGAAAUCAGAC
1	GACUCUGAUCAUGUAGACAUAAUAUCAGAUGGCACCAAGAA
0	AACGAGAACAGGUUUGUGUUAAGAUUUGAGUUCAACUUCUA
0	GUUUGGAGCAGUCAGUGUUCAAUGCUACAGAGCCCCCUUGC
0	CACAAAAGCACAGAGAGAUUAAGGAGCUUUCCUGAAGUCCU
1	AGUCUGUUGCCAAGGACUCUAAGAUCAAUGCACGUCACUUU
1	UCCGUGUGCCACCUCCAUCCACUUCAGCAUGAAAUAGUUUC
1	GCUAGAGGCAUGGAAGAAUGAAGUGAAGGAGAAAGGCCACG
0	AAGACUUGCUCAGGAAUGUAACUGCUACCAGCCUAGUGUGA
0	UCCCCCUUUGGUGUGGAUGCAUCGCUGCACUCACCCUCCGU
1	CGUCUGACCCUCUGACUGUAAAGAUGGGGAAACCGAGGCAC
0	UGUGUGUGUGUGUAGGAGAGAGAGACAGAGUCUCGCUGUUG
1	CAUGAUGAGAUGGUCCGAUAAUGUGUUGUUGCCAUGGUAAU
0	AUUGAGCAUAAGGGCCCUUGAGUAAGACUGUGUCUUAUGCU
1	AGCUCAGGGAAUACUUCAAGAAGUUCGGAGUGGUGAGUUUC
0	UCACUGAGCUGUUCUGACAGAGGCGCUGGCACCUAUUGUGA
0	GGUCUCACUUGUGAAAGGAGAGGAGCUAGGAAAGAGAUUGA
1	CCAUCGUCAUCCUGCUGCUGAAGAUCUGGAAGACGCGCUCC
0	AUGUAUGUGUACAUACAUUUAGAUAUAUAAAUUCCAAAGUA
0	AGCUCAGUCAGGUACUGGCAAGACAGCCACAUUUGCUAUUU
1	UAUUGUGGCUGGAAUGGAAGAAGAUCACCUUGGUGUUCCUU
0	UACCAACCAAUCUUAUAAACAUCAAUAAUGUAAGUUGCAUG
1	CUGUAACAACACUGAGAACAAAGAACGGAAGUCCUUCCAGA
1	UACGAUUACGUGCUAUAGAUAAAUGACAAAGAUGGCUGUGC
1	ACUGUGGCCUUUGUUCUAGUAAGAUGGGAGCCACUGUUGUG
1	GCUGGGAGAGCCGCAAGCGGAAGCUAUCGGGAGACCAGCCA
0	GAACCGUACUUAGUGAAGAUACGAACAUUUUAAACCAUGCC
1	GACCCUUCCCCUGAGCUACCAAGAUCGGAGUGCCCAGUCAG
0	AGAUCUUUAAAUCAUGUCUGAAGCAAAAAGGCUAUUCCAGG
0	AGGCUGUGUUGUGUUACAACAAAAUAAGUGCAGUAGUUCCC
0	CUGGUCCUCUUCACCUUUUAAUCCUCAUUCUUCUCUUUGGA
0	AGCAAAUGGACAGGAAAGCCAACUGUCUUUUGUCAUACUUG
1	ACUUAAGGAACAUGGUUAUGAAGCUGGAAGAGCAGAUCAGG
1	GGAAGAAAUAAAGAGCAGCAAAGUAAGUUUCUUUGUGACAA
1	GUCAGAAGUUCCUAAACCAGAAGAUGGAGAGCCGCCAAGAA
0	GGAUUUGGCUCUGAUCACAGAGUCAAGUGACUGAGUAUAUG
0	UUGGUGUUCCUCCCAGUACCACUUGUCACUUUUCUCCUGAA
0	GUUCUGACAGAGGCGCUGGCACCUAUUGUGACACAAGGUCC
0	UUCUGGGAAUGCUUCAAGAUACAUCUGACCCAAACACCUGC
0	CCUCAAACUCGGCUCCGCUCACUCGGCCACUGGUGGCGGCU
0	CCAGGAGGAAAUGACCUCUGAGCUGAAACCCAAAGGAUGAG
1	AUGCGGAUGCCAUCGUGGAGAAGAUCGUGCAGAGCCAGGAU
0	AGCUAUAUAUUCCAGGUGUCAGCUGGGGCUGUGGUGUGUCU
0	CCAGAAUCGAACACCACUAGAACUACCCAAAAACUGAGAUG
1	AUUACUGAUAUUGCCGAUCUAUGGGCAGGUCAGUUUGCUAC
1	CUGUCCUGGAACUCCGGAAAAAGAACGGGCCCUUGGAAGUA
0	GCUAGUAGCGGAGAGAGUAUAUUUCUUCUUAUGUUACAGUG
1	UUGUCUGUGAAGUGGGCGUGAAGAUCGUUGCCACCUUCCAA
1	GUGAUAUUAUCGUUAUAGAUACGCGCAGCAGCCGCCGGCAG
1	CCGACAGCUAGUGACAGAUGAAGAUGGAAGAACAUACCUUU
1	CCCUGCCCAGUGGAGGCGGAAAGAUCGGCAGAAGCAGCACA
0	UUUUUACAUUGCUGAUAUCGAUUUUGGUUGAAGUGGCAAUG
0	GGGGCUUUUGCUUCUGGACAAGGCUAAGAUUUACUUGGAUA
1	UGGGCUGCAUCCGCGUUGACAAGAUCACAGAGUACCUGUGC
1	UGGUGACCGAUCGCCGUGGCACUUGAAAAUGCAACAAGGAG
0	GACCACAGGUGUGCACAACCACAUCCAGCUAAUUUUUAAAA
1	CAUGGGUCAAGUGUGGCAAAACAGACAUCGCGAGCCAGCCA
1	CUCUAAGGUGAUAGCUCUGAAAGGUAAACCCGAUGGGAUUG
0	AAUACGUAGAUUUAUUUCAGAGAACAUUUUCCGAAUCCUGU
1	GUGUGGACUGGGCUCAGAGAAAGGUCGGGAGGCUGCCACAA
1	GGCAGUGGAACUCCUUAGGAAAUGUCUGGAGGAGGUGAGUA
1	AAAGGGGGAACCUGAGAAUGAAGAGAAGGAAGAAAAUAAGU
0	AUAUUUGGAAUGACUAUUAAAAAAACAACAAUGUGCAAUCA
0	CCUAAAAAAACAACCAUUGAAAACAUCCAGCUGCCUCAUAC
1	GGAAGAAGAACCGAAAUGUCAAGAUUGGGAAGAUCACAGUG
0	GCUGGUCUCGAACCCUAGGCAUAAGGCUUCUUCCCUCAUUU
0	AAUUCCUCCAGAGUACUGUUAAAAAAGUUUCUACUCUAAGU
0	AGUAAAAGGAAAUCAUUUAAACGCUGGUGCUUCCCCACAAU
1	AGAUCCAGGCUGCUCUGAGCAAGAUGCAGGAUGACAAUCAG
1	GCGCAGAGAACUUAGGAGAGAAGCACGGAGGAGCCCCCGGC
1	GGCAGGCUCUUCCUCUACCUACUGGCGUCUUAAGUCCUGGA
1	UUGUUUUAGUUACAGGUACAACGACUUGAUCGGUGCCGCGG
0	CCCUGCUGAACUGGCACUCCAAGGCUGGGCAGCUAACGGAG
0	UGGAAUUACAGGCACACACCACCGAGCCCAGCUAAUUUCUA
1	AAGCAUCUGGACGAUGAGGAAAGAAGGAAGCGAAAGGUAAA
0	CCUCUUGGAUCUCCUUCUGAACCCAGGUCUCCAACUGAUGG
0	AUGCCCUGCUCUGAGCCCUCAUUCCUAGUGAAGGUGGAAAC
0	AAAUUAAAAGAUUGUAAAGAAAAGAAAAUAGGUUCUAAGCU
0	UUAACAAUAUUGGACUUUCCAGUUCAUUAACAUGAUACAUC
0	CUCACCUGCCCAACUUCCAAAUGUGCCCUGUCCAGGUCCAC
0	CUGGGUAAAGGGUACAUGGAAUCUCUGUAUUUUUUCUCAAA
0	UCUUGAUCUCUUGCUUUAAUAGGAAAGCAACGGCCCUCCUU
1	CUGAGAUGGAGAUGAUGAAGAUGAUCGGGAAACACAAAAAC
0	AUGCUUAGUAUACUACUAUUACUGUAUAAUAGAAAUAAUCA
1	UGUCGUCUCUGGGACUGUGAAACAGGUAAGCUGGGUUCAUU
0	AUUCCCCCCACCCCACGCAAACCAUCUGGGGAGGACGCUGG
1	AAGUUCUGUAGCCUCAGUGUAUGAUGGGAAGCUGCUCAUAG
1	GGUUAGCAGAUCUAUGUCUGAAUGAGCCUCUUAAAAGCCAU
0	UGGUGCUGUGAGGGAGACGAAGAUGAGUCAUGCCUGUACUG
1	GGAGAUCAUUGUAGACCAUCAAGAAGAGGAAGAUAUGAGAA
1	UGGGAACUGUAGACCACAAAAAGAUCAGGAAAGUCACUAGG
0	UAGAGUAUUGUAUUUUAAAUACAAAAUUGUAUUUUACAAUU
1	UUCUAAGGCGCGUCGGGGCUACAUUGUGGUAAAAAUUGGUG
0	GAACUGUAGGUCAUCAUGUUAAGUUAAAUAAGCCAGACACA
1	GCACCUGCCAUCGUGACUGGAAGAUCCGGCAAGAGCACAAG
0	CACAUGGACACAGGAAAGGGAACAUCACAUUCUGGGGACUG
1	ACGAUCGGAUUCGUGGGUCAAGUCGAAGGUGGCAAUCCGAG
1	GCUGUGGUCCAUGACCUCUGACAUUUUUUUUGACAACUUUA
1	CGUGGACGACAUAGAUAAGUAUAAAUGAAGGGAGUAAGUUA
1	GUGUGAACUGGCCUUUGGGAAAGAUCAGAGAGGGCAGAGGU
1	CAGGCAUGGCUCAGAGCUUGAAGAUUAGGAGAAACACAUUC
1	GGCGUCUUGCGCCCACACUCACUUGGCAAGUUUCUGCAGCA
0	AUUGAUACAGUAGGCAAUGCAAGAUUUGAUCUCAAGGAGAA
0	GGAAGGAACACAGUGGCCUCAACUCAUUCCAGGGAGAAGAC
0	GUGCCUGCUGUGAGAGGAACAUCAUCCCGACUGAGGGGAGG
0	CAUAAAUGGGCUGGACAAGGACUCCUAUAAACAUGGAUGGA
1	GAAGGAGAAGACCAAACACAAAGAUGGAAGCUCAGAAAAGC
0	UUAUUGAAUUGCUGGUUCUGAUACUUUUUAAUGUGAUUUUU
1	GACUGUGUAAACAACUAGAGAAGAUUGGACAGCAGGUCGAC
1	ACGGAUUCACUACCCCACUAAGGCCAACUUUGCCGACAGAU
0	CCCAUGUAUGUCUUCUUUUGAGAAGUGUCAGUUCGUAUCCU
1	UGAUGGAUGUUGAUCAUCAGAUUGCCAAGCUGAUGGUGGAA
0	GCAGUGAGACCAAGGGAAGAAGGGACAGGACCCCGCGAAGG
0	AGAGUCACUUGGUUAGAUUCAACACACACACAGAGGCAUGC
0	GAGAAUCCCUUGAACCUGGGAGGUGGAGGUUGCAGUGAGCU
1	AGGCUGUGGCUUCUGCAACCAGGACCGGAGGACACUCCCGG
0	CUUUCCUGGAUCCUCUAAUCAAACCUUAAUUCAGGUGGCUC
0	AGCUGGCUGGAAAGUGUGUAAGUGUGUGUGUAUGUGUGUGU
1	UUUUGGCUUUGUGCUAUUUAAAGAAUCGGAGAGUGUAGAUA
0	GUCACAUCCCUGUCUCCUGCAGUUCAGUUGUUUAUCCUUAG
1	UCGGUGACCGGUCUUUCAUAAAGUAUAUCGGCACUACUGUC
1	GGGGCUACAGCUCUGAGAUGAAGACGGAGGACGAGCUGCGG
1	AUCAUCGGUCUGUGGCCGGAAAGAUCCAGAAGCUCUCCAAA
1	GUAUUCGCUAUUGUCGUUGUAGGUGGUGCUGUGCUUGGCGC
1	AUUUAUUGUGAACACUCUGAAAGACGGAAGGUAUGUGCUGU
1	AGGUAGCAAUGUGGGCAUGGAAGAUGGGGAGCGACCCCGAA
0	GAAUAGAAAUCAGGAUGAUCAAGGUGAAGAACAACACAAUU
1	CUGUAUCAAAGUCUGGACGGAAGAUUAAAGGAAGGGGCACA
1	AGAUCGGACAGAAGAUCCGCAAGAUCACGGACUGGUGAGUC
0	UCAUGCACAGAUCAAGCCUAAUUUUCCAUGUGGCACCCCCC
1	UUAUAAACGGAAACCUGGCAAAGAUCCUGGAGCACCAGAUU
1	CAGCAGUUGGUUUUGCGAUUAAGAUCAGGUAUGGAAGCCCA
1	AUCCGCUGGAAAUCAGGAAGACCUCUCCGGGGCGCCAGCCG
0	ACACUCUGAGAAUGCAGACCAGGCACGUCAUUUUAGGCUAG
0	CUUGUAUCCACCUUAAAACUACCAGAUAUAAAAUAGCUUUU
1	UAUAGGACACCACCAGUCUGAAGAUCGAGAGACAUCUGAUC
1	GACUGGAAACUUUAGGAAGAAAGAUAAUUGAGGGGCGUGUC
1	GUUUCGAAGCUUGAUAAACUACAAUGGGAGUUAGAAUUCGC
1	CAGGGCUGGACUGAGGCCUGAGCGCUCCUGCCGCAGAGCUG
0	UAAUACCUCUAACUUUAUAAAGUGGCAUUCGGAAGCAACUU
0	UGUGGUGAACAGCUCACAGAAGGAUUACUUUGAGAAGAUAG
1	ACCCUGUUACACAAGAAUUUAAGGUGAAUACUGUUUAAUUC
0	GAAGCCCCCUCGCCACUUCAAGAUGUCCUGCCUUUCCGGAC
0	UAUAGUAUUGAAAAGGGGGAAUAUGCAUCCAACUUGUGUUA
0	CUGAGAUCAAUUCAAAAUUAAGGGCAUUUAGGACAAAAUGG
0	AGCACUAAGUCUAACAAACAAGGAUACAAUGAAUGUCAAAU
1	CCAAGAGGGACAAGAAGAAGAAGAAGGAGCGGAGCAACCGG
0	UAGGUUACCUUUUUUAAUGAAGAGUAGUCAGUCUUCUAGAU
0	UGAGAAUCUGGAAAAUCAUGAUUUUCUCAUUAAUUCCAUAA
0	AACUUAGCUAUCCUGAUUUGACCCAGUAUUUUAGAAAUCGU
1	GCAAUUUCGCUAGAAGAACUAGCUGUUGCUUACAGUUUUUU
1	AGGACACCUACCAGAUCAUGAAGGUGGAGGGUGAGUCAGGA
1	GAGCAUUAAACCUGAACCAGAAGAUCGAGAGCCUAACUUUG
1	UGGGAUUGGGAUUGAGGAGGAAGAUCGGAAGCAUACCUGGA
0	UCAGCAAGGUUGCAGUACACAAAAUCAAUACAUAAAAAUCA
1	GGGUCUCUGCUCUCCUGUCCAUUUUUCAGAGCUCUUCCCUG
0	CAGGCCCCUGAAUCUUAUGAAGAUGGCCUCUUCCUUUGCCU
1	AUCUGAAGAGCAAGAUAGAGAAGAUGGGAAAUGUCAUAAAA
0	ACACAUUAGAGGCAAAAAGUAUUUCCUAGGCAUAUAACUUU
1	GUCUGCAAAAGACUCUGGCAAAGAUCAGGAAGAGGAGGAGA
0	UACAAUGCAUUAGAAGUCUUAAAAUUUAGAUAUUUCAAAAA
1	UACUAAAAAUGAGACUGAUGAAGAUGGAUGGACCACAGUAC
1	GGUGGACGUCUAAGUUCCUGAAGACGAGAAGUGCAACUGCU
1	UCCCUGUAAAAAAUCAAAGCAAAUAAUAUAAAAGGGAUUAU
0	GCAUUCCUGUUUUGUAUAUGAAAUUAGAGUUUAAAUUGCUC
1	UCAUAGAGCAAAAAUUCUGGAAUAUCGGAAGUGCCUGAAGA
0	ACACAUCCCCCAUAUAGAAUAUAGAUCUUAAACAAGUUAGA
1	CUGAGAUUUGUGAUAAUGCAAAGAAAGGAAGAGAAUAUGCC
1	GUGUCACUAUUAGAGGAAACAAGCGGAAAACUAGAUGGAUU
0	GAAAUCCCCAACAUGGUUUUAUGCUUUCUGGAAUACAUGUG
0	AUGUCUACAAGCUUUCAAAGAUCUGGAAAGGCAGUAGCCCA
0	UGACCUGGUUCAGGAAUCGGAAGGUCAGUGAGUUCAUCUGC
1	GUUGUUACCGCCUCGUUUAGAUAUCCAAGUAAAUGGGCGAG
0	CACAUUUUGCUUAUCCAUUCAUCUGUCACAGACACCUGGGU
0	CCUUUUUAGGAAAUAUUUUUAGCACAAGUAAGCUGUACUUU
0	ACUCUGGGUGUUGUCUCUGUAGCCGCCAUUUUUUCUUCUCU
0	CCUGAAGUUUAGGGUUUGGAAACUUUGGCAUCAAGGUGAGU
0	AGCAGAGGAGGUGGCAAGGGACCACAGGGGACCUGCCCCAG
0	GACUAUCAGAGGCAAAAGGAACUUUAAAGAUCUUUCUGUCA
0	GGUGCCCUUAUCUAGUACACAAGAAUAUAGACAAGCCAAGC
1	CAUCGGAGAAGGUGAAGAACAAGAUCUUGGAGCUCCUCUAC
1	AGAUCGAUCAUUAGUUAGUAACAUUAUCGGCUUUAAUUUGG
1	AGAGACUGAGCUGUGCAUGGAAGGUCGAGGCAUCCCUGCUC
1	AACGGAAAGAAUAUUUGAAAAAGAAACGGGAGGAGCUGAAA
1	UUUCUCAGGUGGAUGAGAAGAGGAAGGUGAGUGUGUGUCGC
0	ACUUCUGCCAUUUCCUAAAAACUCGGCCAUAACAUUAUGGA
0	UGGAUGCCACAGAUAUGUGCAGGACACAGUUCCUUCUUAGG
0	CCAGAUUGAAAAAGUCAACAAAAGCAAAGGCUAAGGAAAUG
1	UGUGGAAAUUCUUUUUGAACAAGAUAAUGAAGAGCAAUCAG
0	CAGCCUGGACUGUUUGUCUCAGAGGCGCAUACGUUAACCUG
1	GAACAUUCAGAAAGGACAUGAAGACGCAGGAAGAGAAGCAG
0	GAGCCAAGUUCUUUAGCGUUAACUCAUGGUAGGCAAAGCCA
1	CAAGAGACUUGCACACUGUGAAGAGCUGAGAGCACAGGUGA
0	CUGUCCCCGGGAGGUGCUUCACUGCCCCUUUCUUUACUGUC
1	AUCGUCUGACAUGAUAAUGUAUUUUUGUCCUCUAAGAAGUU
0	UAAUUUAAGUAGUUAUUUUUAAUAAUUAAAUUAGCACUCUU
1	CAACUAGGAUGAGGUUUCAAAAGACGGAAGACGACUAAAUC
0	CUUGUCUUACUUUCAUAACCAGGAGGGGAAAAAAAUCAUUC
0	GUCUGAGAAGAAUUCAUGUUAGUUCUUUAAAGGUUUGGUAG
0	CUUUGUAACAAUUUGAAUUGAGCAAGAAGCCUCCUGGCCAG
1	CUUCGAAGAGCCUUGAACAUAAAACACAGACACCUCCUGUG
1	AGGUGGCAUUGAAGAGCACUAAGAUCGGAAGAUGAGUGAGC
1	UAGAAAACAGCUGGAAGAUGAAGAAGGAAGGUAAUCUAUGA
1	AAGAAUCAAGAGGGACAGAGAAGAUCGAGAAGCGUGAGUAA
1	UACGUCGAUCCACCGGUUCAAGACCUAUCGAUGCAGGGGAG
0	CUGAAAGGAAAUAGACAUGAAUGAAUGAAUUAAUUUUUUUG
0	UCCACAGGACAAGACAUAAAAUACCACGACUCUGAUUCUCA
1	UGAUGUGUGGAUCCUGAGGAAAGACUUGGAAGAGACCAGCA
0	CCUCUAGCCACAAAUUAUUUACACUUCUUCUAUGUGCAAAA
0	GAGUGGGUGAUGAGGCUUCAAGGCAACAGGGGCGCCUAAAG
1	GCUGUAUUUUGGUUCCUAGGAGUUCCUCACUGAGGCCUUGC
1	CAUGACCUCUGUGCUGAAGCAGGAUCGGGAGCGGCUCCGAG
0	ACAUCUGAAAGAGAAAUGAAAGGAUGAGAAUCAGGCAUGGU
1	CUUGUUUCCGCCUGGUUUUGAUCCAGGGACCUUUCGCGUGU
1	UGGAGAAACUGAGAAGCCUGAAGUGAGGAAGAGCAUUGAUG
1	GAAACAACACCGGGCUCUGGAAGAAACGGAGGAGGACAACG
0	CAUAUAUAUCUAAUAUACAUAUAUGUAAAUAUUUAUUUAUA
0	UAAUAAAAGCCUGGCCCUGUACUACUCAAUUUAAAAGCAGA
0	UCCAGAAAGUAACUUGAGGCACCAACAAGUUAAAGCACCAA
0	CUAUGAACCCUGUUGUUAAUACCUCUGUGUUUCCACCAGUU
0	AGAUAUUAAAAAAAGACGGAACCAAAGGGAGAAACAACAGG
1	CUUUGGGAAUGAGAACAUGCAAAAUCAGGAAAGGCUGUAGA
1	GAUGGGAAUCUCUCUGAGAAAGAAAAUGGAGAUUAAUCUUA
0	CUCAAAAACAAAAACAAAAAAAAGAAAGAAACAAAGAAAAA
0	GCGAUGAGAGGAUAUCACUUAAUUGAGUAGGGAAUGCAGUG
0	AGAACUCCUGAGAUUCUAGGAUUCUACGUAAAUCGCUGGUC
0	UUUUGGGUCUUGGGAGGAUAAGUUCUUGCUUGAGUAGAGAA
1	UUUUUCUUUGCAUUCCCAGAAAAUAUUUACAGAUUUGCAGU
1	UGAUGUACUCUGGGGAGCUUAAGUUUGAGAAGAGAACGUCC
1	GACAAAGAUAUUGUUGCACUAAUGGUCAGAAGAGCAUAUGA
0	GAAAGGGAAUACAGUUUGAGAAAUAUGGUAGUAAUGCCAAU
0	GAGGUUACCAUCAAAUGAACAGCAACGGCAUCGCCUGUACU
0	CGCCAUUCCCAGAGCUUUUUAACAAUGGUCUUGAAAGCCAC
0	AGAGCCUAGGAGUGCCAUCAAAGUCGAAACCCACGAUGAGG
1	AAAGCUGGAUGCUGUCAUGAAAGCUCGGAAGGACAUUGUUG
0	UACUCACACAUUCAAGGAAUAGAUAGUAAGCGCCUGUUUUA
0	CCGGGCUCCGCCUCGGUGGCAGAGCUCCUGAGGCCUUCACA
1	AAGGUGAAGUCGGGCCCCCUAAGAUCAACGGAGAGGCCCAG
0	GAGCACCGACAUGAGCCCACACUGGCGCUGUCACCGCGGAU
1	CUGUGGCCCGGACGUUUGAGAAGAUCGAGGAGGUGUCUGCU
1	GAAGAAGCUUGGACCUAAGAAAGAGAAGAAGAGCAAAUCCA
0	UAACAGUAUGACUGAAAACAAAUUAUUUAGCCAUCUUAAAA
0	UGAGCAACUAGAAAAAUGUUAACAUUAAGUGAAAACACAGA
0	CGAAGAAAUAAGUUUUUUAAAAGGCCAAAACACAACAUUCU
1	GUCGCCGAAGUGUGAGAGGCACGAUGGGCAACGGAUUAAUC
0	AGAGAGCCAAAUCAUGAGUAAACUCCCAUUUACAACUGCUA
1	CGAAGGCCAAGGAAUCACUGAAGAUCGGCGAGGGAGGACAG
1	CAGCCUAGAGACGCUGACAAAGGAGCGGAGGAGCAGUCGCA
1	ACAAACUGAAAGAAAAAGCGAAGAAACAGAAGGGUCGCGGC
1	UGGAAAACUCAGAGAGGAUAAAGAUCAUACGACAAAACCUA
1	AAACUCUGGACCUGGAAUUCAAGGUGGAGGAGCCAUUGUCC
1	CUGAGCGUGGCUGUGUGACUAAGAUAUAUGGAAGAGCUUUC
0	GCCAUCCGGUCAGCACAAUGACCACAUCUCCCUUCUUGAAG
1	GGGCGAGGCUUAUCCAUUGCACUCCGGAUGUGCUGACCCCU
0	UGCUCCUGAGGGAAGUUAACAAAAGCCAGAUUAGAUACUGA
1	UUCUGGGCAUGUAAGAAGAAAAGGAGGAAGAGUGCACAUUC
1	AUUUUGAGCAUCUAGGAGUAAGAAAGGAUUACAAUCGAGCG
1	AGUUGAAUGUAUUGAAUUCUAAGAUCAAAAGCACCAGUGGA
1	CUGUGGGGCUGGCGUGCAGAAAGAGCAUGAAGAGUACAUGA
1	UGAGAUCUACGAUGAACUUUAAGAUUGGAGGUGUGACAGAA
1	GCGGCUACAUCUAGAACUAUAGCCCUGAUCCACGCGCAGCG
0	AAUAUAUCAGUAGCAUAUUCACAUCCCUUGUGAUUCUUUGA
0	CCCUUCCUGUCCUCCCAUCCAACCUCUCGCAUCAUGUUGAG
0	AUCUGUAACUUCCUUGAAUCAAGAAGAAAACAAAGAGUUUU
1	ACCAGGUGCUGAGUAAUCUCAAGAUUGGAAGCACAGCUGUG
1	UUCACUUGAAUAUAUUGCAAAAGAGUGUGAUCCGUCUGCUU
1	UAGGACCUGAAAGGUGGUGAACUCUGCCUGGGCAGGGCAAA
0	UCAUGAUACGCUUGCGUCAGAUGUUAUCCUCUGAGGAAGCC
1	CUGCCAAUGCGGAGGACAUCAAGGUGCGGCUGGGGGAGUGG
1	GUUCUGGCAGUCGUAACAAUAGAAAGCGGUGUCAGUCGUGA
1	CCGUCUGUUUUGUUCUGGGUAAGGAAGGCAAGAGCUAUAGA
1	UCGGUAACCGCACCCUUCUUAUUCAUCUCGGAGCUACUGCC
1	CAUGCGAAACCUGACUGAGGAAGAGAGGAGAGCUGAACUUC
0	AUAAGAAAAAUGUGCAGUAGACGCUGUUUGUCCGACGAUGA
0	GAAGUUUGUCUUCAUUUUCCAUUCUGUGGAACAAUUUAUGU
1	CCAGGACCGUCUGGAUCUGGAAGAACGGAAGAAAGUAGAGA
1	UCAGCUCUAACUAGGCGAGGAAAAAUCUGCGAAGUCCUGCG
0	CACCUAAUCACAAGCCCCUGAGGCUCCUCUGUGUCCACAGA
1	GCAGCACGAGUCCCUAAGAAACGUGGGACAAAUGUAGCAAC
0	CACACUUGGCUAAUUUUUUAAAUAUUUUUGGUAGACACAGG
1	CAGUGUUGCCUCUAACAAUAAAGAUCAGAAUUCCAUGAAAC
0	AGUAUGGAUAACUUUAUCAUAUUUACAUAUGAGUGAUUAUG
1	UGAAAAUAAAUUCUCAAAUAAAGAUAGAUGCACACCUGAAC
0	CUGUUCAGGGAUCGAUCAAUAUGAUGUGACUAAAAAACGAC
1	CGAGGAUCAGGCACCGCGGCACCAAGUAGCUUCUCCAAGCC
1	AUCCAGGAGAGUAAAGACUCAAGAUCGAAAGAAGAACAUCA
0	AUUAAGAAAACGGAAUUGAAAGUUGUUAAUAUUUGGUAGAA
1	CACUCAGGGGGUCUGGAAAGAAGGUCAUAAGGGAGCAUGAU
0	AGAUGGAGUUGAAAGGAUGCACAUACAUCCCAGGCAAAUGC
0	UGGGUGCUGGGCACUAGCUGAAGCUAGACAAGAAGGCUAGA
1	GGCGCUAGCAAACUUCUGCCAAGAUCGGAACUGAGUACUAA
0	CUUGAGUAUUGUUGCUACAGACCUAUGUAGAUAAUACUUUG
0	UAGGCAUAGUUAGACAUAGUAAACAUACAAACCUGAAUUUG
0	GCAGAGCUCUGAAGGGCGCGACAUUUUCCACGCUGUAUAAU
1	CAAGGACUCCGACACUGCCUAAGAUCGGAAUUGUGGGCAUG
0	AAUGAAAGGCCACAAGGUUAAGAUUAUGGGGAGGACCUGAA
1	CGGGCAAGAUGCUGAUGAGCAAGAUGAACAAGAGCCGCCAG
0	ACCUGUCCUCCACUUCUGUCAGGACUUGACAGCAAAUCUGU
1	ACAGAUUGAACGAACACCUAAGGCGGAUGAUGGCCUAGAGG
1	UGUGUAGAGAUGGUCUGGGAAAGAUGGGAGUAAUUUGGUUA
0	CUGAAAAAGCAGGAAAAGAAAACCCUGGCAUGUUAGUGAAA
0	GCGGAGCCUGGAUGGAGCUCAUCGGGCAGAGCCGAGCGGAG
0	GGCUACAAGCAUCAGCUAACAGAACAGAAAGUUUUACAAUG
1	CAAAGUGUGUUCGUCCCUAAACCCAUCACUGCUCCCAUGGG
1	GAAGGCUGUAGGAAAGGACAACUUCACCCUGAUUCCGGAGG
1	GGACAGAGGCCCAAUGGGUGAAGGCUUUGAAGAGCACACAG
0	AGCCAUGAUCACGCCAUUGCACUCCAGCCUGGGUGACAGGG
1	UUUGAUAGUAGAAGAAGGAGAAGAUUGGAAACAUGUUGAAA
1	AGGGGCGGCAUGAGAAAUUUAAGGUGGAGAGCGGUAAGUGA
0	UUUGUCUUGUUAAUGUUCAGAUUAUAUAUAUAUUUCUCCCA
1	UGAUAAGCUACAUGAUGGCUAUAGUAAAAUCGAAUGAGAGA
1	UUCGGGCCGAGAUCGAGCACAAGAAGGAGGAGCUGCGGCAG
0	UCUACCCAGCGUAUAUGCAAAGAACAUUCACUUGAGCCUGU
0	GAAAGGGCCAGGCUGCUACCAGCUGAGAGUAAAAAGGCUGC
1	CUUUAGAAUGGAUGAACAAGAGUUAACCGGUAUGGAAUCCU
1	GGCUGUGCUGCCGGCGGCGCAAGAGCGAGGAGCACCUGGAC
0	ACCAAAAAGAAAAAAAAAAAAGACAUGCUAUAAUGAUGAAA
0	ACUAAGUGAAAAUAUUUGCCAGCCCUGAGAUGCAGUUUAAG
1	GACAGGAGAAGAGCGAGAAGAAGAGGAAGAAGAGCAGAUCA
1	UUGUAGGACAUAAUAAUAACAAUUGAAUGUCUGCACAGCCA
0	GAAAGCCAUGGUGCUAGCACAGGAGAUCCAGGGUUUCUUCA
1	UGAGAGUUCAACCGAAGGUAAAGAACAAGAAGAGAAGUCCG
1	UACUGGGAGCUCUGGGUGCCAAGAUUGUGAACAGCCGAGAU
1	GCCUGGAGCCAGAACCUGUGAAGAGCGGAAGGGCCAAGGGA
0	GGAUUCCCUUCCUUUUUAAGAUUGCACAAUAGUCCAUUGUA
1	CGGACGGCAGGACCUUGGUUAAGAUGGGAAAACAGUAGGGU
1	CCCAUGUGUAGGUAUUGAAAAAGUUUGGAAGCACUGAUCAC
0	CUUGAAGUAAAAAACAAUAAAAAGAGACAAGAUAUAUUAGU
0	CCUGGUCUGCCUGGGCACCUACUCUGGGUGACUGGGGCAGC
0	UUGAACAUCUGGUGCAAAAGAUGAAAACAACUGUGAAAAGG
0	UGGGGUACUUCAGGGUGAGGAUGCCUCUCUUGCUCUGGGCC
0	UGACCCUAUGAAAUCACAUGAGGGUAGAAGAGCCCCUAGUG
0	CCCAUCUUCCCAGGUGCAGAAUAAAGGCAAGAUCCAUCACU
1	ACCUUCGAUCUCAUGAUGCGAGAGUGAGGACCGCGAUUUAU
0	CUUUGGUAGCAUACAAGGAAAGAUCAGUUUUCUCUAGGAGA
0	AAAAAAAAAAAAAAAAAAAAAAAAAAAAGUAGCCAGGCGUG
1	UCAGAACUCAGAAAUUGUAAAAGAUGAUGAAGGCAAAGAAG
1	CAAAAAACGGGACCGAGAAGAAGAUGAAGAAGAUGCAUACG
0	AACUGCCCAUGGCUGAGCAAAGUUCCUGCAAUGACUCUAGG
0	UUCUAGGUCUAGGGGCUUUAAGACUAUUACAAGGUGAUAGA
1	AGAAUACUCUGAAAGCAAGCAAGAAGAAGAAGAGGGCAUCC
1	GAAGAAAGAUGGAAAUUCUGAAAACUGAAUGUCAAGAAAAG
0	CUACCAGCCUAGAGAAUGAUAAAGAGAGCUUAUAAGCUGUG
0	AGAGGAAGCUGAGCAGGGACAGCACGGGGUGGAAGGUCUGC
0	GAAGGUCAUCCUCAUACCUUAACUGUCAGAGUCUGAGAAUU
0	AUACUGAACUAUACACUUAAAAAUGGUUAACAUGGGCCGGG
0	AGAAAAUGAGGGCUCAGAGAAGUUCAGAAACUGCCCAAGGU
0	UCCUAUCUGGCCCUUUACAAAAAACAUUUGCCAAUCCCUGG
1	GGUACUCGCCAUGAAACUCAAAGAUCGAGAGGUAGGAAGUU
1	CGUCUGUUCAGGAUUUGAAAAAGAAGAGGAAGAAAACCUAA
1	UUGAACUGCCAUGUCCUCUGAAGAAGGAAAGCUCUUCGUGG
1	ACGCUCUGCUACUUGCAAGUAAGAUGGACAGCCGGACACAC
0	AGAUUUUUAUUUUUUAAAGUACACAGCACAAUCAAUGUUUA
1	UGAGCCACAGGAAGCUGAGAAAGAUGCGGAAGAUUCGCUCC
0	AUUAUUCGUUCUGUACUGAAAGGUAGAUGGAAGCUUGUUGC
1	AAGCGCCGGCCGUGUAAAUGAAGAUCGGGUGAGGAGCAGGA
0	CCCAGACUGCCAAAAGAACUACUCAAUUUAGAAGAAUCUGG
0	GCGGCUCUGCUGCCGCUCUGAGCUGCUUGGAAAGUUGAUGG
1	AUGUAUUAAACUCUGUGAAGAAGAUGGAAGAGAGCCUGAAA
0	UUGAUUUCAUAAGGGCUUAAAGGGUUGCAACCCACAGCUGA
1	GUAGCCCUGAGCUGUUCAAGAAGAUCAAGGAGCUGUACGAG
0	CUAAAAUUGCAGACACUAGGACCAUGUCUUGGUUUUUGCAA
1	AGGACUGUUUUUGGACGUGGAAGAUAGAGCAACAUAGCAAG
0	UGCAGGGUUGGAGGGGCCCAAGGGGCGCCCUGGAUGUGGCU
0	UACAUUUUUAAACAUUGUGUAUCACUUAAAAAUUAUUGUAG
1	AAGAGAUGCCAGAACACUAGAAGAUGAAGAAGAGAUGUGGU
1	GUCUACGGCUUAAACUUUGCAAGUAAAGAAGAGGCAACCAC
0	GUGCCCUCCAGUCUGCUGUUAACAAGGCUGUGCAAAAGGAA
1	CAUAUAAAUAAUGAACUAAAAAGAAAGGAAGAGCAGUUGUC
1	CUUCAGGGUCAGAGGAGGUUAAGGUUAGUUCAGCAAAUGAA
0	UCCCUGGAUGAUGGUAGAGGAGGGAUUAAAAAGGCAGAGUA
1	CGGAAAUGGAGCUCAGAGCUAAGGUUAGUAAGGAUCCUAGG
0	AUAUGUAUUUAGGGGUCAUUAGCUCACACAGAUGAUAUCUA
1	GAAAGAAACUGCAAAGGAUGAAGAGGAAGAGCCUCCCAGCA
0	CCUCCCAUUCUAGCUAUUAUAAUGAAGGGAUAAGUUGUUCA
1	UAGGUCAGAUGGGACAGAACAAGAUCAAUGCCACACGUGCU
1	CGGUUUGGGUCUCUGAAGGAAAGGUAUGUGGCAUAGAUAUG
1	UCUGAUGUCUGUGCCGACAGAAGGUGGGAAGGCAACAAUAG
1	GAGGAAUGAGUUCAGAUUAAAAGAGACGAAGGGACACGCUC
1	UGAAAAGGGGUCUCUGGACCAAGACCGAAGGCUGUUUGUGU
1	AUGCUCGAAGUAAAAAGAGAAAAGGUGAAUGGACAUUAUUC
0	AAAGAAGUAUUAGUUCAGCCAUACUCUGUACUGCCUUGACA
0	UACACACUGAAUUUAUUAAUACAGCAUUAAGUUUCUUUGUG
0	UCAGGAUGAGCAGCUAUGUUAUGUUGCAGUAACAAAAGACC
0	CAUGUUGCAACAAAAUUUUAAAAACAUAUUAUUUUGGAGAA
1	CCUGUCGGUCUGAUAUCCGGAGAAUUAAAUAGCAUUGCUGC
1	GUUGAACUCAACAAACAGGGAAGAUGAAGACACCCCACCCA
1	AUUGAAAAGGACUCUGUUUGAAGAAGGAAGAAACUAGUGAG
0	UAAUGCCUCUUAGAGCCUAAAGAAUCCGGCCAGGCGCGGUG
1	GUACCAAUGCUCAUAAACGAAAGUCGACCAGGAUUGCCGCA
0	ACACACACACCCCUCAUUCUAAAAUACUUAGAAAUCAGAAU
0	AUAUAACCCACGGUUGGCACAACAUAAGCACCUCCUGGGGG
1	AGACAAAGAAGAACUACUAUAAGAGGAUAGAGCCCGCAGAU
1	AAACUUCAUGACUGUUGAUCAAGAUGGAAGUGGCACAGUAG
1	ACACGCGUAAUCUUCGGAGGAGAUGAAUCUUGCGCAAGGAC
0	UUGGGCAGUUGGUGGAAUUAAUACACUGUCUUCAUUAAUUU
1	UCCGCACGAAUUUUGUUGGUAAAACCAGCCGUGCGCAAUUC
1	GUGCGUGCAUGAACGAGACCAGGAUCGAGGAGCUCAGGGCC
0	UGACAGGGGCAUAUGUGGCCAGAGGGAAGUGGAUGCGGGGA
1	UCAGAUGAUGAAGAUAAAGAAAGUGAAGAGGAGGUAAAAUA
1	CGCCGCGUACUCCUUGUUUGAGUUGAGGUUGUAGAUGUUUA
0	UGUACCCUUAAGUUAAAAUGAGAAAUUGUGUCUGUUAAGCU
0	GGGCUGGGCUUGGAGUGGGAAAAGUGAGUAGAAGAGGAGAG
1	GUGAACAAUAUAUGAGAAAAAAAGCAAGGAUCGCAGUGAUU
0	UAGAAGGAUCAAAUUCAGAUACAGAGAUGCUGGCACUUACC
0	UUGAAACCAGCUGGACCAACACAAGACCUCAUCUCUAAAAA
0	AGGAGGCCUAUCAAACACGAACAGAGAAAUCUCGUGAAGUA
0	UUCUUGUGAUUGGUCAAGCAAGGCCCUCUUGUUUGUAUUUG
0	GCGUGAGCCACUGCACCCAGACCCAAAUCCUUGACUUUAGA
1	UGCAGAACCCGAAAGUUUGUAAGAGGAAGAGAGCGCGCGGC
1	GACCCGUGGCUAGUGCAGGCACGAUAAAGUCUCUUAUUAGG
0	CCUGGACACAGGUAAGGUAAAUCAGGACACUGUGACCUCUU
0	GGCAUAGGGCAUGACAACCCAGGGCCAGCCCUGGAACACAG
0	AAUGAGUUAUGUAAUGAGGGAAACUCAGUAUUACAUUAACA
0	ACCCUAGGUGAAGUCUCCCCAGGAAGCUCUGGACCCCUUAC
1	CAAGCUGUAAAUACUCUACUAAGUUUGGAAGAAUCUUCUGA
1	CGCAGCGUGAGGCCAACAAAAAGAUCGAGAAGCAGCUGCAG
0	UGACAAUAGUAAAUUUGGGCAAAGCCAAUGCAAGCUUAAUC
0	GCCUUACCAUUUGUGUUCUCACACUCUUACACUCAGGCACA
1	AAAUAAAAGAACUCAAUGAGAAGAUCACCCGACUGACUUAU
0	UCACCUAGUUUGAUGUGUUGAUCUUGAGUCUUACUUAUUUU
0	CUUACAGAUCAUUGUUGUGCAUGUCAGUAAUGACACCAUUA
0	GUCUUCUCUCUACAGUAGGGAGUUACAAGCCUGAAAACUGC
0	AUUCUGUAAUAUUUUACUUAAUACUAUGGAAUCAAGGAAAU
1	AAAAGACUGAGAGCCACCACAAGGCGAAGGGCAAGUAACUA
1	CCCAGGCCAAAGAGAACGAGAAGAAGCUGAAGAGCAUGGAG
1	AGUAACACGUUGAACAGCACAUGGAGAUCAGCAUCGAGCCG
0	UAAAUUUUUUUACAAGGAAAAAGCCUUGUAAAAUAUUUUUA
1	GACGCUUCCGCAGAACCCUAAGAUUAUAAACAUUGCUAUCG
1	GGAAAGAUUCAAAGGAAAAGAAGGCAAGUUGCUUAAUUCUU
1	AAAGACCUUAGAGUCGGCUUAUCUAAGCCACAGCCUAGAGG
1	ACGUGCUCGUAAACGGCGUGAAGAGGAAGAGCGAAGAAUGG
1	UGGACAGAAAGGCUCUGGAAAAGGUCCGGAAGCAAAUCGAG
1	AUCUGGAAACUGAGUUGGAAAAGAUGGAAGCAAGGCUAAAU
1	AGGCAGUCCGAGCCCUGAAGAACAGUAAUGAUAUUGUAAAU
0	CAAAGUGGUUGUAGCAUUUUAUAUUCCCACAAAAGUUAUAG
0	UCAGCAGAAUUCAUCAUUCUACUAAUACAUGUGAUUACUCA
1	UCGUUCGAUAUCUACUUCGUAAUAUUACGUCCGCUAUCAUG
1	CGGAGGAGAUCUCUGAAGUGAAGAUGGAUGCAGAAUUCCGA
0	AGCAUCUAUCAUUUGGAUCAAAGGGACGUCGGGCAGGUGGU
0	CCCUUGCCCCUCUACAGUAUAUCAUCCACAUAACCUUCUCA
1	GUUAGUGACUGCAAUGGACCAGGAUGAGGAAGAGCAGACGG
1	ACUCAUUACAACAAACAGGGAAGUAAAGGAAGAGACACAUC
1	AGCUGAUUCUGCUGCAGAACAAGAUCCGAGACACACAGCUG
0	CAUCCCUGGAGCUCCAAGUGAACCCUCUGUGUGAGCAAGCC
0	CAUCUUUGUGAUGCACAAUGACCUCUUAGCUUCACUUGGCC
0	GGAAGUUUUACCAGGGCCACAUCUUAAGGUUUUACACAGUA
0	UGCCCUGAAAACAGUCAUAAAAUACAUUUGAAAGUGACAAA
0	CAAUGCUGCAGUUCCUGAUGAGAUCCCCCCUCUCGAGGGCG
0	UCUACUUUUGCAGAAAUUCCAUAAUAAAAAGUUGUAAAGAA
1	CGGCCUUUUGGCUAAGAUCAAGUGUAGUAUCUGUUCUUAUC
1	AAACCUCUGGCGGCACGCAUACUCGUCAAGCAUGCGCUAGC
1	GGUAGGGGACUGUGGCAUUUAAGAAUGUAGAGAGCGCAUCC
0	AUUCAGCAGCUGAAGAUGCCAGUGAUUCUCUUUUUACCUCC
0	CCACAGCUGCCCCUUUCCCCAGGUGCUCUGUCCCAGGGAGA
1	CAGAAGACCGACCUCUUGGGAAGGAUGGAAGAGCUGCUGUU
0	GCAGAAUCAGUCAGUAUGGAAACCGUGUUCAUCUAUUAAUA
1	UCACUGACUGGGCCUGGUACAAGAUCACUGACUCUGAGGAC
0	UUAUUGUAGCACCAUUUACAAUAGCCAAGAUAUAGAAUCAA
1	CUACGUUUCUUGGACGCAGAAGCACCAGGAGGCGCCACUGC
1	CUACUAUCCAGCAAAACCACAGCCAAGGGAACGGGCUUGGU
1	AUUCAGAAGGCUGGACAAUCAAGCUUAGGAGGAGGGCACGU
1	CGUUUUGCCUUCUGAAAUCUAAAUGUUCACGUUUCUUUUUC
0	UGGUCCCAACUCUGGAGUACACCAGUUAUCAAUUAACUGCC
1	CCUUCGGGAGAGACUCAAAAAAGCAGAGAGGAGCACAAAGU
1	ACGUGAAAUUGAGGACCCAGAAGACCGGAAGCCCGAGGAUU
0	AACUUACAAUUUGGUGCCAGAUUUUCAUCUUAGGAGACACU
0	UGUCCUUAGCCCACUUUGUGAUGGUAUUUUUUGUUUCUUUC
1	CCAGCCAUGCUCAAUGUUACAAUCUUGAAAUUAGUCUAAGU
0	AAUUCAUUAGCUGGGGCGUAAUCAAAUUGAAUUUUAUUCUC
0	CAAGUACUUCAUUCGAGAUGAGUUUCUGGUGAGUCGAGCCU
1	CUUCGGACUGCACGGUCAUGAACAUCGCAGAGCACUACAUG
1	GACUGCAGAAGAGCAACCCGAGAAAAAGAACAGAUCAGAUU
1	GACUCAAGAUCAAGGACCAAAAGAAAGUGGAGAGACAGUUC
1	GACGGUGAUAUCGAUUCGAUACUAGCGUGUAGGCGGAUAUC
0	CCACCAGCCUCCAUAUACACAGCCCCAUUGUUCUCCUAGAC
1	GCUGUGCGGGCUGUAACCGCAAGAUCAAGGACCGCUAUCUG
0	AAAAGUAGAAUAGAGGUUGAAAGUGGGGAGAGGCCCAGAGA
1	CAUGUGUUGCUACCAUGGUAAUCCUGCUCAGUACGAGAGGA
1	GAACUCGUGGGGCACUGGCGAAGAUGUGAAGGUUAUAUUGA
0	UCUAAUUCCACCUGCCAAUUACCUGAGCUUUCAAGGUAAAA
1	GAUUUAAUUUCGGCGAUUUGACUCUUAUAAGACCGCGUUAC
0	CCUAGUCAAUAUAUGUAAGCAGUUUAAUUACCAGGGAUGUU
0	CCUCAUUCCACAGAGUUUUGAUUUUUUUUUUUUUUUUAAUG
1	CUCUGAGCACCAAGUCCAAGAAGAACAAGAAGAGCGCGUGG
0	GAAUACUCUCAAACCGUCAGAUCUUAUAACAACCCUUUUUU
0	GGAGGAAGAGGCCAGGAGCCAAGGAACAUGGGCAGCCUCUA
1	UGAGCAGGCUCUGGGCAGGAAAGAUGGAAGGAAUGCGCCUC
0	AUGGACAAUGUCCUGUUACCAUUUUUUAUUUUGUACAAAGU
1	ACGGGAAGUUUGUCAAUGACAAGAGCAGGAAGAGCGAGAAG
1	CUCGAGUGCAUAGUACGCGGACGAUCGGUGGCGUGAUAAAU
0	AAACAGAAUUCUGUCAACUGAGAAGAAGAAAAAUUUGUCUC
1	UUUCCUCCACCAUCGUAGGAAACGUGCUCGUGGCUCCUCUC
1	AGAGACUGCCUCUUAACAUGAAGAUCAUUGGACAAGCCACA
1	CUGGCUGCCAGGGACACUGGAAGAUCGGGGACACAGCCAUG
1	UGCAAAGGAACUGACAGAAGAAAAAGAAAGUGCUUUUGAAU
1	AAUGCGGAUAUGGGACUGAGACCAGCUCCUAGGAAAAUGUC
0	AGGCAGGAAAGACAAAUUUUAUUCUUCAUAAAGUGAUGAGC
0	GCUUGUAAACCCCAUGGCUCACAGCGGGUGUUUGGUAAGAA
1	AGGCGUACGCUCGUCGUUGUAGGGGGUGCCCUAAAGCGAGA
0	CCCUACAUCUCAGUUAUUGGAAGAAAAUAAUUAUUGAGAAC
0	ACAACUAUGGCUUUCUGGGAAUGUACCACUAAGAACAGCUU
1	ACAUCAGUAGCCCUGAAUUCAAGAUCAAGAUUCCAAGACAU
1	AGUGUGAAGAGAUCCUCCACAAGAUCGUGAAGUACCGCUUC
1	CUGUGACCCCAGCUACGUAAAAGAUCGGGUAGAAAAAGUGG
0	CAUCUGUUAAAUUUCAUGCAAUGAAGUAUUUGCACAACUAU
0	CUCUUGUCUCUUCUCCCUCCAGGACCUAUUCCGCAGGGUGC
1	CUCAGGGUGCCGGCACCAUGAAGAUCUGGACUUCGGAGCAC
0	GCAUAGCACUGUGUAGCUAUAAAGCGCCAACGAAAAGGAAA
0	UCUCCUGACUCUGAAGCAGGAAGUCCAGGCCAGCUAGUUCC
0	GCAAAAGCCCUAACUACCUAAUGAGUGAAUGACAAAUCAUU
0	CCAAAAAAUAAAUAUAGUGGAAUGCAAGUUUGAGGGAUGGA
1	GAAUGAUGUGUCGGAAGAAAAAGACCAGAAGAAACCAGAAA
1	CGCAGGCGCUGCAGAAAGUGAAGAUCGAGGUGAACGAGAGU
0	CCUGGUUUUCUUCCUCCCUCACUGACCAUUCCUGUCCCAUC
0	AGAAGACAUGUAUUUGGUUGAUUCUAGGUGUUGAUAGACAA
0	CACACAGCUCCCUUCAAUCAAGUGAUACCAGUCUCCCGGCC
0	AACAUCAAUCUAAUAACAACAACAAAAAAGACAAGAAAUAC
0	UGCCUGGGUCUGUGGAUUAGAGGGAUCAUGGUUUUUGCCUC
0	AGUUUUUUUUUUAUUUUUAAAAACAAUUAUGAAAUAAUUUU
1	CUUUAACUUGGAAGGACCAAAAGUGAAAGGGAGCCUUGGGG
0	GGUAUGAGAAGAUUGACUCCAGUUUUGAAAGAACUUCUAAU
0	AAUAUUCAAAAAUAAAAACCAGUUCAUAAAAUAGCUGAAAG
0	AGGGUGGCCACCAUCUCUGCAGAUUGGUCGACUCAGCUGUU
0	ACCUGCAUAGGGCACUUACCACGAAUGGAACUUACAAGACU
0	UUAUGGUAACAAAAGCAAAUAUUACCCCCAAUCUGCUAAGG
1	GAGAAGGAAUCUGUCAUGUGAAGAUCUGGGAAGCAGGUGUA
0	CACUUGAGUCCAGGAGUUCAAGACCAGCCUGAGCAAUGUAG
0	UUCUUUAUCUAGAUCUUUAAAAGUGAGUAGAUGUUAGUAGU
1	CAGAAAGCUGGAGGGAAGACAAGAGCAGAAGAGACCAUUGU
0	CUUCACAUUUUUCUCUAGAGAGCCUGGCACUUUUUUUUCCC
1	UUGUAUUAACUAAGAGCGAAAGCAACUCAGUAUCGCCGGAU
0	GCACACACACACGCGCGUGCACAAUGACAACAACAAAACCA
1	AGAAAUGGACGCUGUUGGCAAAGAUGGAAGGGUAAGUGCUU
1	CCCGGACAGACCUGAAGAAGAAUCGGGACUACCCACUAGCC
0	GUGAAACCCCGUCUCUACUAAAAAAAAAUACAAAAAAUUAG
1	CAGCUAGCUUUGCACAGUUUAAGAUGGAAGGAAAUGCAGAA
0	ACAUACAAAUGUCAGAAAUGAAACACACACAUAGGAAAAAU
0	AGGACCAGGGGCAUCUCUAGAGGGGCUGGAAGGACAAAUAG
0	CAGGUGACAUUCAUCUAUCUAGUCCUACACGCCAUUUUGGC
0	UACCUUAGGCCCUUAUAGGCACCCGGCCCUGACUCCACACC
0	GCCUGAGGUCAGGAGUUCGAAACCAGAUCUCUACUAAAAAU
0	CACAGAAAACUACACUAACAAAUAUUUGGCUUAAUGGAUUA
0	ACCUGUACAUAAUAGGUGCUAUGUAUAUGUUAGCUAAGAAU
1	GUGGUAGGACUUGUGCUCCAAAGAUCGGGAAAUUUUCAUAG
0	UGUUUUUCUUGCUGAAGUUAAAAAGAAAAUAUCUCUGUGAA
1	GGUGGGCAAGGUGAUCCAGCAAGGUCGGCAGAGCAAGGGGC
0	CCAGGCCCCCUCCCCCCAUGACACUGACGCCCAUUCCCCAA
0	AUACUCCUAGAUAUUGUGAGAUAAACCAAAAAGCGGGAGAG
0	AAAACGUUAAAUGAAACCGGAUGUCUAAUCAAGGACUUGUU
0	CUGAGCAGCUGGCAUCAUAGACACCUACCACCAUGACCAGU
1	GGCUUGAUUAGAUCUGGUGGAAUGGUGGGCGCGCCGGUCGA
1	AAAUCCGUGGACUGUGGGUCAAGUUCGGAGAGCGUGCUGUC
1	GGUGCGAGAAUCAAGGGCGCAUGUAUUAGCUGCGCAUAGAG
0	CAAGAAUACAGGAUAGUCAAAAGCAAUAGGUAAAUCCUAAA
0	UCUCCCACUCCUGGAGGACGAGCCUCUAAGACCCUACCCCU
0	GGGUGAUGUUUGGUGGUAAAAAACCUACAGGCGUUUGGGGU
1	CAGGACAGGAAGACAAGAAGAAGAUUAAGACAGAGAGCGGC
0	GGUGUGUGCCACCAUGCACAACAAUUUUUUUUUUUUUUUUG
0	ACACUUGCACGCCACUGUGGAUCCAUGAUGAGAGGCCAGGA
0	AGAGGUGCCCCAUGGAGGCCACUGGGUGACGGGCCCAGGGG
0	UGAUCUGAGAAUACAACAAAACUAACUUCUCUACACGGUAU
1	GUGACCCGGAAACCAGAGUCAAGAUCCAAGGUGACUUCCGC
1	UGGCAUGGACAAGAUCUAUGAAGGCCAAGUGGAGGUGACUG
0	CCUUAUGUCUGUGGAAUGUAACAGGACAUGUAUCAGGUAAA
1	AGUGAAACUGCGAAUGGCUCAUUAAAUCAGUUAUGGUUCCU
0	AAGUUAUAGCAAAUUUUACUAUUCCUUUUUUUUGAGAUGGA
0	CAUCCUCAUGGUGCUUCAUGAGGUCAAUGGUGUAGAUCCAG
1	CAAGGAAGUAGAAGUGAAAAAAGAUACAGAAGACAUUAAUA
0	UGCAUUCCAGCCUGGGCAACAGAGUGAGACCCCAUUGCCAA
1	CUGUGUCGUGCUAGAAGGGGAAGAAGAAGAUGACCACACGG
1	AGUUGCUGUAGAAGAAGGAAAAGAGAGGAAGACAACACAAC
0	AUGAAUGUAUAUCUGUAUAUAUGAUGAGGAAUGAGAUAUUU
1	AGAGCCCUGUAGCAACUUGGAAGACACAGAAGACACACGGA
1	UGAAUAUCAGAGAACUUGUGAAGAUCUUAAAGAGCAACUAA
1	GUCGUCAGGAGCUCCUGGAGAAGAUUACGGAGGGCCAGGCU
1	UUUGGUUGAUUUGACUGGUAAAGAUAGGAGGAGGCACUUUU
1	UAGUCGGCUGCGCACGGGUAAAGAUCGUAACCAGAAGAAAG
0	AUUUGCUCAUCUUGCCAUUCAAACCCCUCUUAUUCAUGUUG
0	UGAUGUACACGUAGGUUCUCAUCUGCAAUGUGGUUCGCCCG
0	AAAUACUUUUUCAAAAUGGAAAAAUUUAAAAGCUGUCUGGA
1	CUGGACUCUGAGAACUGGGAAAGAUCAGAGCAAGCCUUGCC
0	AAUAAUAAGCAAACAAACAAAUGAUAAACAUCACAGACUUU
1	CUGAGGACCUGGUGCUGCGCAAGAACGAGAAGAGCGUGGUG
1	CUGAGAUCUCUGUUGUUAGGAAGAUCGAUGGAAGAGCAGCU
0	GCCCGGGGCACGUGCUUGCCAGCGCCCGUCUCACUGAAGAA
1	CAAAAGUGCCCUCCCAAUAUAGUUCAACAAAGAGCCCAAAA
0	AUUAAGGAGAUGGUUAAUGAAAGUUCAGUCACUCAGUGGAA
1	ACGUCAGAAUCCUACUGACCAAUAUCCGAACCAAGAGCACC
1	UGGAAAGCCAGUAGGACACGAAGGUGGUAAGUGCGCACGUG
1	ACUGGACUUACAGUUUUCCGAAGAUGAGAAGAGGUUGUUGU
0	CUAUAUUUGAUGAAACACAAAAAUCAUUGGCUUUAGCCAUA
0	UCUGCCUUCUGCUUAGAAGGAUGUGUUACCUGAAAGACAAU
0	GGUUAAAGGAAUUGCUAACUAGAAUAACCAGUUUAGAGAGG
0	UCCCCUUCAUGAAGAAACCAACCACACAGCUGGUGAUUCAG
1	ACAGGGUCCUCUGCAGCUUCAAGAUCAAUGACUCGGUCACA
1	UGAAGUGACUUUAUCAACAAAAGCUCAACGCGCCUCGUGAG
0	AGGGAGGUUUGGGGCAGAAAACAUGAUAACAGUUUACCAUA
0	GGCCUGUGCCUUGCUAGCUGACCUGGAGAUGCUGCCUGGUG
0	AAAGAGGAUUGCCUGAGCUCAGGAGUUCAAGGUUUCAGUAA
0	CCUUUGGCAGAAUCAAUCUGAGAAACAAUGAUGAAGUAGAG
1	AGCACAACCCGAAAAGGAGAAAGAUCACCUCGAACUGCACC
0	AGAGGGGCCAAAGCUGGGCCAGAGGACCCACAGGCAAGGAG
1	CUGAAAGACAGGGACAUUGGAAGGCCGAAAGAGCUGACGAU
1	AAAUUAGGCCAUUAUGAGACAGGUUAGUUUUACCCUACUGA
0	AAGCUGCGCUCUUGAGAAACAAAUACAUAAACAAAAAUAAA
0	CCAGCUACUCAGGAGGUUGAAGAAAGAGGAUUGCCUGAGCU
0	UUAAAAACCCCAAAAGAAUGACUCAUUCCACUCUUUAUUAA
0	AUCUUAAAAACAACUACUCAAUAUGACAGUGAGGAAACAAU
1	ACAGGAUGUGAUUGUAAAUGAAGAUGGAAGAAAUAAGCUGA
0	AGGGCUGGAGAGAAGCUGGGAUCUGAGACCUUGGUCUCCAG
1	GCACAGCUGAUGAAACAAGCAAGAGGUGCCUGAGGCAGGAG
1	GAGAACGGGUUACUGUUGAAAAAUUAUGUACCUCAUUACUG
0	UAUAAUCCCAGCCCUUUGUGAGGCCUAGGUGGGUGGAUCAC
1	AAAGCUUGACGGCUUGGACGAAGAUGGGGAGAAGGAAGCGA
1	CACGCGUUAUUGUUUGUUUCACGUCCGGGUUCCGUCUGUGA
1	AACUGAAGACUGGCUGUAUGAAGAAGGAGAGGACCAAGCUA
1	GGCUGUGGCACGAGGAAGCAAAGAUCACAACAUUCGUGCCC
0	UGUAGUCAUCACCAUAGUCUAAAUUUACCACAUUUUUGCCA
1	CUGCUAUGCCUGUCGCAUCCACACGAGGUAAGAAGUCGUUA
0	AGCCUGAGAUCUCCUUGGUGACCCACUGUGUUCAGUUCAUU
1	GCAUUGGCUUUUGAUAGUCAAAGAUGAGGAAGGGCAUUCAG
0	GAGAUGAAUGGGGAGCUGGAAAGGGGAUGGAGUGGUAAGAU
1	UCCAAGUCGAGAACACUUGAACACACAGAAGGGAGACCCCG
1	GCGCUAGCAGGGCUGAAGAGAAGAUGGAGGAGCUGGUGGUG
1	AUGAGGGAUCCUGCAAGCAAAAGAUCAAGAGGAUUUGGUUU
0	AGUCCAUUUUCUGCUGCUACAACAGAAUACCAUAGACUGGG
1	UAUUAGAUGGCCUUGUGGACAAGAUUGGAGAUGUGAAAUGU
0	AUAAUGUCAGCAGAUAACAAAAAUGAUCUCUUUAUAGAAUA
0	CAGCCACUUCAGGGGAGGGGAGCUGGAACUGGUUUGUCACA
0	UUUUGCUUGCUUAUAGUAAUAUGGCUCCCUUGAAAAAGUGU
1	CUACUUGGAUAACUGUGGUAAUUCUAGAGCUAAUACAUGCC
1	UGGGCUUCGACUACCAGGGCAAGACGGAGAAGCACGAGUCA
0	UUUAGUUGAGGCCACGACCCACAGGAUGGAGUGGUUCCUUU
0	GCAUAAGUAUGAUGUACAUGACUUGGUAAAUCCCCACAUCC
1	ACUCUGUGUGGAAGAAGAUGAAGAUCAGAGGGAGAGGCACG
0	AGAGAGUAAUGAGUAGAACAAUCUGUGUUUUCUGGAACACU
0	AAAUUGAGAAAUGCAUGCAAAUCAUUAGGAAAACACAUGCA
1	UCUUCACACACGUGCUGAGAAAGUACGUCUUCUUUGAUCUG
0	AUAAAAGCACACAGAGAAAAAUAAAAGAAAAAAAUAAAACA
1	GACACGUGCCCAGAAAGUAGAAGUGAAGGAGGAGCUGUUAG
1	AGAAGUCAUGACGUUUGCAGAAGAUGGAGGGUAAGAAAAGC
0	UUCUAAUCUGGAUGCCUCUUAUUUGUUUUUUAAUUUUUUCU
1	CAAUGAGCUCUUGGACUAUGAAGAUGAUGAGGUGGAGACAG
0	GGCACCUCUGGCCUCCCGUGACCCCCAGGCCGAGGGUCCCC
1	CAGGCAUCGCAGGACUCAUGAAGGUUAGUUGGGCAGGUUUU
1	GGAGCGAGGAACAGAAGAAGAAGAACCGGAAGAAACUGUCC
0	GAUUAGGGACCUAGGUAGACAUUAAGUAGUGGGGUGGCUAU
1	UGAGGAGUGUCAGAAAGCGAAAGACCGGAUGGAGAGGAUUA
1	AAUUCGAAUGCCCACCAAAGAAGAUGAGGUGAUUCCCUGGG
0	CGGGUUCCUUCAAACUCAACAAGAAGGCGGCCUCUGGGGAA
1	UAGAAGUCGGAAUCCGGAAGAAGAUCGAACAUGACGUGGUG
1	UUCCCCUCCUCGACUGACUGAAGAUCGAAAGAAGGCCUCAC
0	CCCUAAAUUUACUCUAAUUCAUUCCCAGGGUGGCCUUGCCU
0	AAAAUAUUAACAUUUUCUUAAAAAGAAAAAAAAAUUAAAUA
0	AAUCCACCCCUGACUCUCCCAGCCAGACUAGGUGACUUUCC
0	AUCCUACCUAAACAGAUAGGAAUCCUCUCAUGUUACACACU
1	AGAACCUGAUGUCAGAAAUGAAGACCGGAGGGGCUUUUAGA
0	GUUGCCCUAGAGCUUGCAAUAUAUAUUUACAAGUCCAUUUU
1	CCCUAAACCACGCAAUAGCAAUAGAAAGACAGACGGUGUUU
1	GAUCUGGACAGAAUCGCCGGACAGGUAAGGCCUGCGUUUGG
0	AAAGGAUUUGUAAGUUUUCCAAGAUCAUUAGAGCAUAUUCU
1	UAACCGCAAAUCUGAAACUUAAGUAUUAGAGGAACUUUAGU
1	CUGAUCAGUUGGAUUUGCAGAGGAUUGGAAGGCAGCACCAG
1	GGGAUAAGAACCGUGAUGGGAAGAUGGACAAGGAAGAGACC
0	AUUAAAGGAAAAAAAUAUCCAAAGUAGGGUUAGUACAGGAA
1	AUUGUCAAAAUAUCAGAUAUAGUGAGACAGGCGCCACAUGG
1	UUGGAAUGAGUCCACUUUAAAUCCUUUAACGAAGAUCCAUU
0	GGGGGAUCUGUGAAGGUUUCACUUGAAGCAACAUCCUAUGA
0	GUAUUUGCUUGUUAAAGGAGACUCUGAAAAACUCUAUCAAA
1	CGUAGCGGCGCCAGAUUAGGAGAUGUUUGCAAUAAGUCCGA
1	AGCUGUCGGUGCCCAAAUUCAAGGUAGGACCCCUCCCCACU
0	GACUGUUGAGAAAUCCAAACAAAACUUCCCCUAGAAGCAAU
1	AGUUCAAGGAGGCUGAGCUGAAGAUGCGGAAGCAGUUUGGG
1	CUCCAUGAGCUUGGCAAAGAAAGAUGAGAAGACAGACACCC
1	GCGCGUCAAGAAGAUCUUGGAGCUGCUGGAGAAGCAGGCCU
1	AACCCACGCCUCCAUUGGAGACCAGAAUCCCCACCGCGGAG
0	CAAGUUAGUCAUCAGAAAGGACCAGAAACUGAUUAUGUAUG
1	UGCUGCAUUAACUAAUUUGCAAGAUCGAGCACCUAGCAAGU
0	ACCUUUACUCCUGCCCUUUGAGUUUGAUGAUGCUGAGUGUA
1	AGGACCGGCUGGUGAACGAGAAGUUCCGGGUGAGUGGAUCC
1	AAGAAACUAAAGAACAAUCAAAGAUGGAAGACACUCUAGAG
1	GCCCAGGACUGAGUGAACUCAAGAUGGAAAGAUGCAUGUGU
0	AAAUAGAAUACUAUAAAACAAUACACAGCAACAGAAUAAUG
0	UUAUGGUCUUUCUUUAUUCUACUUAUUGUGAAUAUUCAUAC
0	GGUUUGAGACCAACCUGGACAACAUAGUUAGAACCCAUCUC
0	AAAGAAUUUAUUAGUCUACGAGGUCAGGUAUUCAUUGAAUG
0	GUACCUGCAAGAUCAUUUGAAUUUAAUAUCAAAGGGCACCA
1	CAGAGGUAGAAAUGGUACAAAAGAUGAAGAGCACAGAAGCU
0	GGUAUUUCACUACAAUGAACAGCUUAGCAUUUUGACAACUG
1	CAAAAAGUACAAGGAGCGCAAAGAGAGAAGGGCACAGCAGG
0	CCCCAUCCCAGGUGGAUUGAAUCAGAAGCUCUGGGAGCAAA
0	GGCUCAAUAUCCAGAAGGAAACAAGGCCUUAUAAGAGGUUC
0	UCAUGUGCCCAGCAUUUAUUAAGCACCUGCUGUAUGCAAGG
0	CUUGCUAUGGGGCUCUUAACACCCCACCCACCCUUGGUUUA
0	UGCUGGCCAGGCCCCCUUUCAAGGCCUCAGUUUACCUGUGA
1	CCAGCCAUUCUCCAAGUGACAAGGUAGGAAGAGCAGAUGCA
1	UGACCUCAAGAGAGCUCAGAAAGGUGAGCUGGGGGAGUGAC
0	AAAAUCAGUGAGGAACCCGCAGCCCGUUUAACACACUGGAU
0	UAAAUAACAAUAUGAAUAAAAAAAUACAAAUUUUAAGAUAC
1	GCGUGGGCCAUAUGGAGCUGAAGGAAGGCAAGAAGCACACC
0	UGCAGUAACUGUGCUCAAUCAAAUAAUUUGGUUAUACAAAU
1	CAUCGAGCGACGGCCUGUCAAAGACGGUGUGUGUGUGUUCA
1	UCAUGUAGUUUUAUUCUGACAAGAUUGGGAGCACUUUGUAC
0	CUGGCUACCAGAUGCUUGUUAUUCAAAGAUUUCAUUACGGU
1	UACCUGGUUAAACACUUUGGAAGAGCGGAUGAAGAGCACAG
0	CAUAGUGACAAGUUUGGAAGAAGGUCCAGCUAUGGAGGAAG
1	AGAGAGGACUGGAACCAGAAAAGAUCAUUGGGGCAACAGAU
0	CCCUUCUCAAAAUGUUACGUAAUGUAAAAUUCCAUUUACAU
0	UAUGACUUGCAUUCAUCCCAAAAGUCCUAUAACUAAGGUCA
0	AUGAAGCCCCAGGUUGUUUUACCUGUGCUUUUGACCAACCA
1	ACAAAGCGCCUUCCCCCGUAAAUGAUAUCAUCUCAACUUAG
0	CAAAAGACGGGUUGUCUGCGACCCCCUGCUGAAUGCAAAUG
0	CUUCCCAUGCACACUACCUGAGGGAGUGAGAGUGACCUCAA
1	UAUUUGGAAAAGAACUUCACAAGGUGGAAGGACACAUUCAA
0	GCCCUUUCCCAUCUGUAAGGAUUAAGAGUCGUUACUUGGUU
0	UAAAGAAAAUAGAUAGCUAAAUAUUGCAGUGUGAAGAAAAA
0	AGGAAGUAAGGGUGAUGAAAAGAGAAUCUUGGUGGUGUCCC
0	GCCAGGCAGAAACACUCCUCACUUCCCAGACGGGGUGGCAG
0	CUUCCACGAGGAACACCGAAACCCUUCUUUUUCCCUAUCAC
0	AAAAGUGAAAGUUGGGAAGGAAGAUUCUUCUUCUGCAGAAU
1	AGAGCAACCAGUAGAACAGAAAGGUCUGGAAGCAGCAUUCU
0	UUGUCUAUGUCAUAGAUUCCAAAGCGUAGCUUCUGGACUGU
1	GGCCACUGGAGCUGAGGACAAAGAUAAGAAGAAGAAAGAAA
1	AUUUAGCGUGUUGUAUGGAUAAGUUUGAUGCAAAUAUCAUA
1	ACUCUGUGCAGCUAACCAGGAAGAAGGAAGAGGAAACAUUU
0	GAAUUUGUAAUGAGAAGCUAAAAACUUUAAGGAAUUUUAAG
0	CUGAGAUGUGUUCAAGUUAAACCUUAAAAAUGUGUCGUUUU
1	ACAUGGAUUACCUGAAAUCCAAGAUGGUGAAGGCUGGGUCG
1	CGGAGCUCUGGAGAAACAUGAAGUUCGGGACUAUCUUCUGG
1	GCUAUGACGUGGAGAAGAACAACAGCCGCAUCAAGCUGGGU
0	UUGAGCACAGUCUUUGACAUAGGAUGACUUUGCACACACUU
1	CUGGGCACCGGCGGACAGUCAAGGUAGGCAGCGUGCAGCCU
1	GACAGAUGACAACCUGACAAAAAAUAGAAAGAGCACAUAAG
0	ACUAAAGGAGGAACAGGUGUAGAGAAAUGGAAAGAAUCAAA
0	GUCUCGAUCUUCUGGUCUUGAUCUCCUGACCUCAUGAUCUG
0	CAUUCAAUAUCACUGUAAUGAGAGAGGCAUAUUAAGAUUAA
1	UACAGGCUGAACAGGACAGAAAGGUAAGAGAAAUGAGAAUU
0	CAUUAGUCAUAAUAACCAAAAAGUGGAAACAACACAAAUGU
0	GAAAAUGUCAUACCUGAUGGAACCAAUCUGUGAGCCUGAUG
1	GUAUCGAAGAUUGCUAGUCGAUUACAACCGGGAAGAGUCUG
0	GGUGGGGAAGGAACACAGGAAAUGAGAGGCCAAAGGGCCCC
0	AACAACAACAACAAAAUAAUACAACAAAAAGGCGGGUCUCC
1	UGGACUUGAUGAAGAAGAUGAAGAUGAGGAUGAGGAUGAAG
0	GGUAUCCCCCAGCUUAGAGAAAGGGGCUAAGGCAGACACAG
0	AAACCUCAUUUUUACCUUAUAAAGUGUUAAGUUUCACGUGC
1	UUAUGGACUAGAACUUAAUAAAGAUGAAAGAGUUUCUGCGC
0	AGAGUCAGAAGCCCAAAGGAAUUGCACUGUGGCAGCAUCAG
1	UGGACAAACUCAAGCUUGAUAAGGUAGGUUAGUAAUGGAUU
0	CCCCCCAGCUCGCCCGACCCAUCCUGUUCGUGAAUAGGUCU
1	AGAACUGAAGAAGCUAUCAGAAGGUCUGGAAGGCACCAAGU
1	UUUUUCUAGCUGAGGAGAAGAAAGUGGAAGCAAAGAAAGAA
1	CCGAAUUGCUCGACUACGUAAAGAACUACAUCUGGCCGGUC
1	AGAAUGUGGCUGGAGCAAUGAGGAUCGGAUGCACUCGUUGU
0	UUAGAGGGCAUAUAAAAGGGAGCACCUCACUUGAAUUUGGG
0	AUACAGACACAUACCACUGCACCUGGCUAGUGUAUAACAUU
1	GACUGUGAACCUGCUGGCCGAGUGGCUCAUUCAGACAGGUG
0	GUGUUUUCUGGGGAUGAUGGAAAUAUUCCAUUCUGAAAAGA
1	CAGCAGAGGCCAAGAUCAAGAAGAUGGAAGAGGAGAUUCUG
0	GAACUUCGGAGCCUCGUGCUAGAUUGGGUCCACGGCCGCAU
1	CAAGAAGCAAAUCACCUGCAAGGAUCGGAUGGGCAGCAGUC
1	AAAGUGGACUGGAAGUGGCAAAGAUGGAAAGACAGACCAAU
1	AUUCAUUAUGAAUGAAUAUAAGGAUCGUAAGAUCACACGGA
0	CAAUGAAGUGGAAUUUCAUCACUACUGUAAAGCAGUCCCUA
