0.1	0.1.1
1	ACGUAGCGGAUCUGUGUAUAAAAAAUUAAUUCACUGUGCUA
1	UUAAUGUGAGAACAUUUCUGAAGAUGGGAAAGACAAAUUAU
0	ACUUCCUUUUAUUAAACAGUAAAUGCUAAACAAUCCCUUAG
1	AAUCAUUGAACGUCAGUGGGAAAGGAGAGCAAGAGCGAGCG
0	UGGAGUAGGGACAGGCAUUCAUCCUUCAUGAGGGCAUUGGG
0	AUUGCUAGAUUUGUUUAGAGAAACUUUAAGUGAUGAUAAAU
0	GUACAUUUUAACACAAACACACACUCACGCACGCACACAUC
1	CAGCUAGCUUUGCACAGUUUAAGAUGGAAGGAAAUGCAGAA
0	CAUCUUUGUGAUGCACAAUGACCUCUUAGCUUCACUUGGCC
0	GUUUGGAGCAGUCAGUGUUCAAUGCUACAGAGCCCCCUUGC
0	AGAAACAUGGAGCUGUGUGUAGAGGAGACAGAAGGGGACAG
1	GAAACAGUAUUAGGAACUGAAAGAUCGGUUAAAAAUACCCA
1	GGAGCGAGGAACAGAAGAAGAAGAACCGGAAGAAACUGUCC
1	AGGCAAGACUGUGGAAGUUAAAGUAAGUGAAAUUUUCCUAC
0	UGUAGUCAUCACCAUAGUCUAAAUUUACCACAUUUUUGCCA
1	AAUCGAGGACAUUGAUAACGAAGAUUGGGAGAACCCUCAGC
0	AGAGGUGCCCCAUGGAGGCCACUGGGUGACGGGCCCAGGGG
1	AGAUCACCGAACAAUAGUUGAUUAAUAGCAAGAUCGGCGCG
0	ACUGUUUAAGGCGGAACCCCAGCUGCCUGGGGAAAGGAGAG
1	UGCUGCAUUAACUAAUUUGCAAGAUCGAGCACCUAGCAAGU
1	AUACCUGCAACAACGGCCGGACUCUUAACCCCGAUCCACGC
1	AAGAAAGAGAACGUCUGCAAAAGGAGGAAGAGAAACGUAGG
1	UAGAAGGCUAUGGCAGCAAGAAGAUCGAUGCUGAGCGGCAG
0	CCUGAAGUUUAGGGUUUGGAAACUUUGGCAUCAAGGUGAGU
1	UGAUGACAUUUUAAACCACCAAGAUCGCUGAUGCACCAACA
1	UCCCCUUUUGCAAGUAUCGAAGUUACGCUAAAAUUUUUUUU
0	AGCACUAAGUCUAACAAACAAGGAUACAAUGAAUGUCAAAU
0	GGAUCGGGGCAGGACUUAGCAGUACACACUACAGGAGAUGA
1	GCGGAUCAGCGAGCUCGAGAAAGGUACUGGGGCCAGGGGGA
1	GAGAUUUCCUCUGAGAUAAAAAGAAAGAAGGGCAGACAACA
1	UACAGGAUGAAGAACGCCGAAAGAAGGAAGAACAAGUCAUA
0	AGAGCCUAGGAGUGCCAUCAAAGUCGAAACCCACGAUGAGG
1	ACCAGGUGCUGAGUAAUCUCAAGAUUGGAAGCACAGCUGUG
1	UGGACGGGGAGACCCUGAUCAAGAACAGGAGCGCAGAGCUU
0	AGAGGAUGAAAAUAAGUUUCAGGAAAGUGAAACAAAUCAGC
1	GGUGGCUCAGCAGCAUGAUGAAGAUGGAAUUGAAGAGGAAG
1	AUUAUCUGCACUCCGAACGCAAGAUCCACCGAGACAUCAAA
1	AGGAUGAGAUUCAGAAUAUGAAGGAGGAAAUGGCUCGUCAC
0	CAUCCUGGCUAACAUGGUGAAUGAAACCCCAUCUCUAGUAA
1	GCCGCGUGAAUAUAUUGUUUACGAAGGCAGCGGAUAUGCUC
1	AGCAACAACACCAGAGCUCUAAGAAAGGAAAGCUUUCAGAA
0	AAAAAAAAAAAAAAAAAAAAAAAAAAAAGUAGCCAGGCGUG
0	GCCUGAGGUCAGGAGUUCGAAACCAGAUCUCUACUAAAAAU
1	AAUGUCCGGACGCGGCAAGCAAGGCGGAAAGGCCCGAGCUA
1	UGAAUAAUAGAACUCAGGCCAAGGUAGCGGAGGAGCUGGGC
0	AAGACUCCAUCUCAAAAAAUAAUAAUAAUAAAAAAUAAAGA
1	GGAAACUGAGGCUCAGGAACAGGAUCGGAAGCCGGUUUGAC
0	UUGACAUUCUCAAUGGUGUCACUCGGCUCCACUUCGAGAGU
0	GCAGGGAAGCCUGGUUGGCGACUUUGACAGCCAAAUGCAAG
1	AGCUCAGAGCUGGAGGAUGAAGGAUCGGGUAAGUGGAUUCU
0	CAGAAACCCCAACUUUUCAAACUAAAGCUCCCCCUAAAAAU
0	UAGAGUAUUGUAUUUUAAAUACAAAAUUGUAUUUUACAAUU
1	AAUUGUCAGUACAAAUAAACAUGGAUGAAAAGCAAGUGAAA
1	CUCUGAGGAUGAUGGAUGUCAAGAAGGGAAGGCAGAGAGAG
0	CAGCUAGGUGGCUUAUUAACAAUAGAAAUGUACUUCUCACA
0	UAGGAUGCAGGUGGGGUCAGAUAAGGGAAUAAAAGCAGGCU
0	UAAUUUAAGUAGUUAUUUUUAAUAAUUAAAUUAGCACUCUU
1	UAGUGAAGAAAGUGGCUCAGAAGAAGAGGAAGAGGUAAGAG
1	ACCAGUUGAUUAACAAUUAUAAUGGACUAAAUAAAGCGUUG
1	AAUUGAACAGCACUAUUUUGAAGAUCGUGGUAAAGGCAGGC
0	CUACCUUUCACCUGCUCUUGAAUUGCAUAGGGAAGCAGUCA
0	AAAUAGAAUACUAUAAAACAAUACACAGCAACAGAAUAAUG
1	ACUGCUUGUAUGAGCAACAAAAAAUCAGAAAAGAGCCUUGA
1	GAAGAAUACAAUGAGACGAGAAGUAACGGUGGAGCUAAGUA
1	UGAAGAAGGACCCUGGGAAGAAGAUCAAGAGAAAGAAGAAA
0	GUCUCGAUCUUCUGGUCUUGAUCUCCUGACCUCAUGAUCUG
0	CCCACCCCACUCCACGGCACAGACCUUUGUUCCAGCCAAAC
0	AAACUAAUUUACACUCCCACAAAUAGUGUAAAAGCAUUCCU
1	CCAAACUCUGGAGCUUUCGUACAUGCCUUUAUUCUCACCAG
1	AGAUGGAGUUCCUGAAGCAGAAGAUCGAGCAGGAGCUCCGU
0	UUGAACAUCUGGUGCAAAAGAUGAAAACAACUGUGAAAAGG
0	GAAUUGCACGCUCACUUGAAACUAUCUUGAGGGACUAAGGU
1	UUGUGGAGAACUCUAAGGUUAAGAUCAGGAAAUAAAAGACU
1	CACUGUAGGUAUGGACAGGGAAGAAAGGAAGACCAUCAAUC
0	UGAUGCCCACUGCAGAGGGCAGAGCCACACACCCCUCCAGG
0	UUUGAGAAACAUAGUGUAUGAAAUAUGAAAAAAAAUAUGUA
0	AAACUAAAGAGCUUCUGCACAGCAAAAGAAACUACCAUCAG
0	CAGCAGUCUGGGAGACAAAGAAGGCAGGAGGCUUGCUCAAG
0	GACUAUCAGAGGCAAAAGGAACUUUAAAGAUCUUUCUGUCA
1	GAGAACGGGUUACUGUUGAAAAAUUAUGUACCUCAUUACUG
1	AUGUAGCCAUGACUCAGAUCAAGAUACGGAAGAGCCCAGCA
0	AGCAGAGGAGGUGGCAAGGGACCACAGGGGACCUGCCCCAG
1	CUACUCUCUUGGAGGGCUGGAAGGUCGGAAGGCAUCUGGCU
1	GACGCUUCCGCAGAACCCUAAGAUUAUAAACAUUGCUAUCG
1	ACCGGACCGGGUCGGAAACGAAGAAGGAAGCACCGAGAAAA
0	CGUCAACUUUUCUGAGGGUCAUAGCCAGUUUAUGGUAAGCA
0	CCCCUGAGUGCUUCAGAUCCAAACUGAUUCAUCCCACUGCC
1	GCAGGAGCUGUGAACUGAUAAGAACCGGAGUUCAUCAGAGA
0	CAAGUUAGUCAUCAGAAAGGACCAGAAACUGAUUAUGUAUG
0	UUAAGUUGACUGAUAAUGGAAAUAAGGAGAUUAUCCUAGAU
1	CUUCGAAGAGCCUUGAACAUAAAACACAGACACCUCCUGUG
0	CAUAUAUAUCUAAUAUACAUAUAUGUAAAUAUUUAUUUAUA
0	CAUUCCCGGGCCCAGUGGCCAGAUCGUCCACACUUGAAGCA
1	UUGAUGCGAUCAUGAAUUUCAAGAAAGAGGAGACAGCAAAA
1	GACCAUGAACUGGACCCUCGAAGGUAUAGAAACUAGUGUCA
0	CCCAUGUAUGUCUUCUUUUGAGAAGUGUCAGUUCGUAUCCU
1	AUCUGAAGAGCAAGAUAGAGAAGAUGGGAAAUGUCAUAAAA
1	GCUGUAUUUUGGUUCCUAGGAGUUCCUCACUGAGGCCUUGC
0	GUCCAUUCAAAUGGUAAAGAAGGGAGGAGGGUGUUUUUUUU
0	UGAUGUACACGUAGGUUCUCAUCUGCAAUGUGGUUCGCCCG
0	GAGCCCUAGUUCUUUUUGUAAUGAGUUGUUUGGCAUGAGGC
0	GAGGUUACCAUCAAAUGAACAGCAACGGCAUCGCCUGUACU
0	UGAAGGAAAAAAUCCAGCUGAGUGAUAAAGGCUGAGUGUUG
1	CGGAGCUCUGGAGAAACAUGAAGUUCGGGACUAUCUUCUGG
0	UCACAGAAAUUGGACCACCAAGGCCAUCUAAUUCAACCUGA
0	GUUUUCAUGCCUGCUAACACAACAUCUAUUUUGCAGCCCAU
0	AAAGACUUGACACCAGCCCAAGAUUGAGGUAUGAACUAUGG
1	CUGUCCUGGAACUCCGGAAAAAGAACGGGCCCUUGGAAGUA
1	GUGCGUGCAUGAACGAGACCAGGAUCGAGGAGCUCAGGGCC
0	UCUCAUUAUCUGAUAAAUGUACACUUAGGUCUCACAGCCCC
0	GUGACAAUUGUGUUGACUCUACAAAUUGAUGGUAAAACGUG
0	UAUGUUUUUCAGAGCGACGAAGGUCCUGAACCAGAGGCUGA
1	CAGGACAGGAAGACAAGAAGAAGAUUAAGACAGAGAGCGGC
1	AGUUCAAGGAGGCUGAGCUGAAGAUGCGGAAGCAGUUUGGG
0	GUCCACUGGAUCUAGAUAGUAAAUGAUGUACUGAGAGUUAA
1	GAGACCGGCUGUUGCUAGACAAGAUUAAGAGCUAUUAUGAA
1	GGAGAUCGACGUGUGGACCGAGGAGCGGAAGGGCACCCUCA
1	UCAGGAAGAAGAAAGACCUGAAGAUCAGGAAGAAGUAAAGC
0	UGUACCCUUAAGUUAAAAUGAGAAAUUGUGUCUGUUAAGCU
1	AAGAUGGACUGCGGAUGAGGAAGACAGUGCAGAGCAACAGC
1	ACUGUGUGUACUCCAGGACGAAGAAGGAAGAUCAUGCUUGA
1	GGCUGAAGAGGACGAUGAAGAAGAAGAAGAAGAGAUGAUGG
1	AAGCGCCGGCCGUGUAAAUGAAGAUCGGGUGAGGAGCAGGA
0	UUUAGUUGAGGCCACGACCCACAGGAUGGAGUGGUUCCUUU
1	UGAGAGUUCAACCGAAGGUAAAGAACAAGAAGAGAAGUCCG
1	UGGGAACUGUAGACCACAAAAAGAUCAGGAAAGUCACUAGG
0	GGGCUGGGCUUGGAGUGGGAAAAGUGAGUAGAAGAGGAGAG
0	UAGUUAGCCAGUUUCAUUCAAAACCAUCUAUAGCUAUAUUG
1	GUUAGUGACUGCAAUGGACCAGGAUGAGGAAGAGCAGACGG
0	UUUCCCAUGUAGUCAAGUCUACCACAGUAAAAACUAUGUUG
0	ACUCUGGGUGUUGUCUCUGUAGCCGCCAUUUUUUCUUCUCU
0	AGCUAUAAAUGAUUAUACUUAGUGAAGAAGGCAUGUUGAAA
0	CAUGUUGCAACAAAAUUUUAAAAACAUAUUAUUUUGGAGAA
0	UUUUUGUGGGGGUGGGGGCAAAAUAUGUUUUCAGUUCUUUU
0	GCCUUACCAUUUGUGUUCUCACACUCUUACACUCAGGCACA
0	CUGAAAAAGCAGGAAAAGAAAACCCUGGCAUGUUAGUGAAA
0	GGGCCUCUGCCCAAACCACAAAGAGUAUCAACUGUCAGGAC
0	AUAAAUUAAAGGUUCUGUGAAUUUUACUAAAUGCUUUUAUU
1	UUCACUUGAAUAUAUUGCAAAAGAGUGUGAUCCGUCUGCUU
1	AAUGUGGAUCUGGAGGCCGCAACAAGGAAGGGCAUCUUGGU
0	UGUUAUCCAUACAUAGGGGAAAGAAGCAAGCAAGCAUGCAU
0	UGAGCAACUAGAAAAAUGUUAACAUUAAGUGAAAACACAGA
0	GGGCCCUUUGAACCAUGGCUAGAGCUGGAGCAGCCGGGAUG
0	GAACUGUAGGUCAUCAUGUUAAGUUAAAUAAGCCAGACACA
1	CCAGGGAAUUUAUCAGAGCAAAGUUCGGGAGCUGAUCAGUG
0	AGACCACCUGUCCUUCGAGCAGGUGAGUAGGCCCCACCUUA
0	CCCCAGCCAGUGACUGUCUAAAAGGAGCCGAGUUCCCACUG
1	UACGUCGAUCCACCGGUUCAAGACCUAUCGAUGCAGGGGAG
0	AAAAUUCAGUUGUUUGGCUUAGAGAUAAAAAGGAGAUGAUU
0	GGUCCAAAGCUAGUGGCUGAACUUCAGUGUUCCAGGCACUG
1	AAGGUAAGAACAAAGAUCAAAGGAAAGAAAGAGACACUUUU
1	GUCCCUGUGGGAAUGGCGACAAUGCCAAUGGCUUAGCUGAU
0	CCAAAACAUAUCCCAAAUCCAUUGGCUUCACCUGCUCCUCC
0	GGACCGUCCCCCGACCGGCGACCGGCCGCCGCCGGGCGCAU
0	CUUUAGUAGACUUUGUCAUAAUUGUUUUCCCCCAAAGCAUU
0	CCCGGAACCUGGGAAUCAGAAAGAGAGAACACAAUACUAAA
1	UGAUGUGUGGAUCCUGAGGAAAGACUUGGAAGAGACCAGCA
1	GUCAUCACUCCUCACUGAUGAUGUGUUGUUGCCAUGGUGAU
1	GCAGAUCAGAGAGCUCGAGAAGGAUCGGGAGACUCAGAGGA
0	GGUGGUCCGCCUCUCGUUGAAGUCUUCUUUCCUCUAUUUCU
1	GAACCUGUAAAGCCAAGAAGAAGAAUGGAGAGCCGUGCACG
1	CUACUAUCCAGCAAAACCACAGCCAAGGGAACGGGCUUGGU
1	CUCAGGGUGCCGGCACCAUGAAGAUCUGGACUUCGGAGCAC
1	UGGCCAUGAAGGACCGCAUGAAGAUCCGAGAGCGAAAUAAG
0	CAAGGCAGGAUGGGGACUCCAAAAGAGAUGAGAAUUAGUUU
1	CAAGAAGCAAAUCACCUGCAAGGAUCGGAUGGGCAGCAGUC
1	CUCGUGUUGGCGCAAUCGUUACUAUAUGAGUAAGUAUAAUA
1	CUGCGCUGUGGACACUGAGAACAUCCGCCGUGUGUUCAACG
1	UGAAGGAAACUGAAUUCAAAAAGAUCAAAGUGCUGGGCUCC
1	CAGAAAGCUGGAGGGAAGACAAGAGCAGAAGAGACCAUUGU
0	CCCUUCUCAAAAUGUUACGUAAUGUAAAAUUCCAUUUACAU
1	AAAUUUAUGAACUCGAAAUGAAGCGGAAAGCAGAUAUGCGC
1	GUUCUGGCAGUCGUAACAAUAGAAAGCGGUGUCAGUCGUGA
1	UGCUGGCCGAGUACCUGAGGAGGAUCUGAAGAGGACAAUGA
1	UGAGGCUGUUCCUGAACAGAAAGAUCCGGAUCCUGAGUUUC
0	GAAGUUUGUCUUCAUUUUCCAUUCUGUGGAACAAUUUAUGU
0	CAAGAUGACACUUUACCUACAGCAAAUUUUUUCAUUAAUAC
1	UAGGCACCAAAAGAUGAUAAACUAUGCCUGGGCAGGGCGAA
0	GCAGCUGUUGCAAGGUGUUCAGAUUGUAUAAACAUAAAUGU
0	ACCGUACUCCUUCUAAAGAGAGUAGUCAACUGAUAUUAAAG
1	AUUGAAAAGGACUCUGUUUGAAGAAGGAAGAAACUAGUGAG
0	CCAGAUUGAAAAAGUCAACAAAAGCAAAGGCUAAGGAAAUG
1	AAGUCGCAGAGCUGAAGCAGAAGAUCGAGGACACGCUAUGU
0	CUCUACCACUGUACAGGUGUAAAAUUUAUGUAUUUAUUUAU
1	UGACAUGUAGUAAAAGUCUGAAGACAGAGAAGAGUGCAUGU
0	AUAUGUAUUUAGGGGUCAUUAGCUCACACAGAUGAUAUCUA
1	AGACAAGACUCUGCGGAAGAAAGGUAAGGCCUAACAGGCUG
1	UCAGAACUGCCACUGAGCUAAAGAUGGUGGGGCCACAUGCU
0	AAAUCCAAAGGGCAAGGGUAAAGAGCCUGGGAAAAAGGAAA
1	ACAACUCGGAGUGAACAAUGAAGAUUCAAAGGUAAGAAAUG
1	GACAGAUGACAACCUGACAAAAAAUAGAAAGAGCACAUAAG
1	GAGGCGACUAGCCACUGUGGAAGAGAGGAAGAAAAUAGUUG
0	UCACCUAGUUUGAUGUGUUGAUCUUGAGUCUUACUUAUUUU
0	UAAUGCCUCUUAGAGCCUAAAGAAUCCGGCCAGGCGCGGUG
0	AUCACACCUCACUCAGCCUUAGGCCUGUGGCAGCUGCCUGG
1	UGAAAAUAAAUUCUCAAAUAAAGAUAGAUGCACACCUGAAC
1	UUAGUGACUUUAAGUCAAGCAAGUACACUAAGGCGACAAGC
0	AAAAAAAAAAAAAACACCUUAAAAGCCUAAAAAGAUGGCUA
0	GCUGGUCUCGAACCCUAGGCAUAAGGCUUCUUCCCUCAUUU
1	CUUAAAUUCAGCGGGUCGCCACGUCUGAUCUGAGGUCGCGG
1	GUCUGAAGAAUCCGGCGAUGAAGAAGGGAAGAAACACAGCA
1	GCUGGUUGUGGAGCCUGGGAAAGGUGGAAGAGAGAGAGGUC
0	UGGUCAGUCAGAGGGUGAGAAGGAGGAACCAACAAAAGCUC
0	CUCAGCCUUGGCCAUGUGAGAUGGUCAGGGCUCUGAGCUGU
0	UGUUUUUCUUGCUGAAGUUAAAAAGAAAAUAUCUCUGUGAA
0	GACAGGUAAAAAUUGUAUAUAUAUUUAAGGUGUACAAACUU
1	AGACAAAGAAGAACUACUAUAAGAGGAUAGAGCCCGCAGAU
1	CGGGUUAGCCUUAAUGGGCAAGACAAGAAGUGUAAAGCGAU
0	UGAGAGAAGUGGGCCUAGAUAGGCCAGGUGCCCCUCCUAGG
1	GCAGAGAACUUAGAAGGCAAAAGAGGGAGGAGAUGCGACUC
1	CUGAUCAGUUGGAUUUGCAGAGGAUUGGAAGGCAGCACCAG
1	GAUUUGUAAGAGCUGGAAAGAAGACUCGGAAUGGCAGGCAU
1	AGGCUGUGGCUUCUGCAACCAGGACCGGAGGACACUCCCGG
0	CCUUAUGUCUGUGGAAUGUAACAGGACAUGUAUCAGGUAAA
0	GUCCCCACCUUCAAGUCACCAAUAAGUGAUUUGAAAACAAC
1	AGGACUUCAGUGACUCGACGAAGAUCCCGGUCAAGAGCAUC
0	CCUGCUGAGAGAGAAAGAAAACAGUGGGAAUAGUGCCUACA
1	CCUUCGGGAGAGACUCAAAAAAGCAGAGAGGAGCACAAAGU
0	UGGGGGCUGGUGGCUACAACAGCCACACCCAGGUGCCGCCA
1	GAGUAAGUGCUACGGGCAGGACGACAUGGUCGACAUGGAGC
1	AACAAGUAGCACUCUCUCAGAAGAUCAGAUGAGCCGUCUUG
0	AGAGUCAGAAGCCCAAAGGAAUUGCACUGUGGCAGCAUCAG
0	UCAUGCACAGAUCAAGCCUAAUUUUCCAUGUGGCACCCCCC
0	UUAUUGAAUUGCUGGUUCUGAUACUUUUUAAUGUGAUUUUU
1	ACAGGGUCCUCUGCAGCUUCAAGAUCAAUGACUCGGUCACA
0	CAAGGGGAAAAACAGUAGGAAAAGAACAGUAAAAGGAAAAA
0	UGUAUUUCCUCUAAAGGUUUAGUGUAAUACUGCUUGUUUGU
0	AAUGAAAGGCCACAAGGUUAAGAUUAUGGGGAGGACCUGAA
0	GAACUUCGGAGCCUCGUGCUAGAUUGGGUCCACGGCCGCAU
1	CCACGUUGGCUGUAGACACCAAGGAGGAAGAGAGUGAGGAU
1	GUGGAUCAGGACACCUGAAGAAGAGAAGCUUCCGGCAACCC
0	GUCUUAUUGUUAAUCUGGAAAAUACACAAUAAAUGCAUUAC
0	AAAUUGAGAAAUGCAUGCAAAUCAUUAGGAAAACACAUGCA
0	UUCUCCUGAAAGAGCCCCAUAUGUGACUGAGUAAUACUCUG
1	GCGUGAAUGGGAUCGGGACAAAGUUCGAGAAGGGCCCCGUU
1	AGGACGAGUGUGAGGACGCCAAGACGGAGGCGCAGGGCGAG
1	GUCGUCAGGAGCUCCUGGAGAAGAUUACGGAGGGCCAGGCU
0	GCAUAUUUUAGGAUCAGCAAAAACCCACAAUGCCUUUGGCC
1	GGCUGUGCUGCCGGCGGCGCAAGAGCGAGGAGCACCUGGAC
0	AGAGGCUACAUCUCAAAAAAAAAAAAAAAAAAAAAAGAAGG
1	AGGCUGGAGAUGGAUCAAAGAAGAUCAAAGGCUGCUGGGAU
1	CAUCACUCGAGACGUAAAUUAUGGCUGAAUCAUCCGCUACC
0	UGUUACCCAGACACCCCCAAAUUCUUCUAACAAGUCUUCAG
1	GGCAGUGGAACUCCUUAGGAAAUGUCUGGAGGAGGUGAGUA
1	AAAACCUUUUUCCAAGGACAAAUCAGAGAAAAAGUCUUUAA
1	AGAUCGUGCGGCUGAAGACCAAGGACAGGAAGAAGCAAGUG
0	UUCUGGGAAUGCUUCAAGAUACAUCUGACCCAAACACCUGC
0	GUUCUGACAGAGGCGCUGGCACCUAUUGUGACACAAGGUCC
1	CUUGGACCUGGAGCCUGGUGAGGCACCCUCAGGGUUGUUUU
1	CAGUUGUGGAUUCUGAUAAGAAGAAAGGUGAGCUGAUGGAG
0	AUUUCCUUAAACCUUAUAACAACCUUCUGUGAACCAAGUGC
0	UUUUUCUCUUCUUCAACCCCAAGCACGAACCUACCCUUAUU
0	GGAAAAGAAGUCAUUAUUCGAAAAAGAUACUUGCACAUGCA
1	AGACGUCAAACUGGACUGGGAAGAUGUGAAGACUGCACAGG
0	UCAUUAAUUAAGAGGAAACGAGAGCAGCGGCAGUUGGUACG
1	AGGAUGAGGAAGGGCGGCAGAAGAUCCGGGAAGAGAAGGAU
0	GGGGCCAGCCUAUCCCUUGAAUCCUUGGAGGAGAUAAAAAU
1	AGCCUGUGCUGAUGAUGAACAAGAUGGACCGCGCCCUGCUG
0	UGCUCUUCUCCCAACAACACAGUCACCUAAGGACAUGCUGA
1	ACCGUUACUGUGAAUGAGUGAAGAUCCUGGAGGACCCUGGG
0	UUCCACCUGAGAAGGGCUUCAGAGCCCACCAGGCAAGGAAG
0	UAUAACAUAUAAGGUGAGUGAUGACUGGGGCAAAGGCCAGA
1	UACUGUCUGGAGAACUCGAGAAGAUGGGAAUGGGCACUGUC
0	GCAGAAUCAGUCAGUAUGGAAACCGUGUUCAUCUAUUAAUA
0	UUGUCUAUGUCAUAGAUUCCAAAGCGUAGCUUCUGGACUGU
1	UGUUCAGGAAAGAAAACAGAAGGAUCGAAAGGCACUCCAUG
0	GUACCUGCAAGAUCAUUUGAAUUUAAUAUCAAAGGGCACCA
1	UCAUAGAGCAAAAAUUCUGGAAUAUCGGAAGUGCCUGAAGA
0	GGUAUUUCACUACAAUGAACAGCUUAGCAUUUUGACAACUG
1	AGGCUGAGCACUGGAAACAUAAGAAGGAAGAAUCUGGCCGG
1	GCGGCUACAUCUAGAACUAUAGCCCUGAUCCACGCGCAGCG
0	AUGGAUUUACCCCAAAGCUGAUAACGCUAACGCUUCUGCCA
0	GGCUUGGUGCUAUCCUUGCAAUAGUGAGUGAGUACUCAUGA
0	CAAGCCUGAAAGUAAGCAGAAAAAAAAUAAAUAAAGAGCAC
0	UAUAGUAUUGAAAAGGGGGAAUAUGCAUCCAACUUGUGUUA
1	AGUAAGCGAUGAUGAGGCUGAAGAAAAGGAAGACAAAGAAG
0	AGUCGUGUCACUCUAGGAGAAGCGGUUUGUGUUGGUGGCAG
0	CAUAACUCAUGUCGUAUGUCAGAAUCUAAUUUAAGUACCUU
0	AUAUAAUAACUGUCUUUGUAAGGAAUUCAAGAUACUGGCCU
0	CCCUACUGAGUGACUUCACCAUUUGUGUGGGAUGGCAGUUC
0	GUGUUUUCAUCCAUUUAGCCAUUUGUUUCACCUGCUAUGGC
1	GAAUAACUAUUAAAAAAAAAAAAAAAAAAAUCCGCAGGGCC
1	UUUGGCGGAGUAACUUGACGAUUUCUGAACAUUGUUGUUUA
1	UCUGUCCGAACAGUAGCGACAAGCACGGCGCAGCUUGAGCU
1	GUGGAAAGAGAGCAAGGGGAAGGAUCGGGAGUACACAGACA
0	CAUCCUCAUGGUGCUUCAUGAGGUCAAUGGUGUAGAUCCAG
0	CUGUUCAGGGAUCGAUCAAUAUGAUGUGACUAAAAAACGAC
0	AGAGUUCUUAGAAUCCCCCAAAGCAGGGGCCAAGUAGGAAU
0	CAGUUUUUCUCUAGAAUAGGAUAUACACAUAGAAAGUACUA
1	CCGUCGGUGUUGGGGAUGAGAAGAUCGAAGACGUCAUGGCC
0	UCAUGAUACGCUUGCGUCAGAUGUUAUCCUCUGAGGAAGCC
0	ACCUGCAUAGGGCACUUACCACGAAUGGAACUUACAAGACU
1	GGGCGAUGAAGAAGCAGAGGAAGAACAAGAAGAGAACCUUG
1	GUCUACGGCUUAAACUUUGCAAGUAAAGAAGAGGCAACCAC
1	AGUGAUCGAACACCAGACAGACAUGAAAUACUAGACCAGAA
0	AAAGGCCAAUCUUAGGUUUUACAAUGAUGAUGUUAUCUGCA
1	CUGGACAUAUUCAGCAUCAGAAACCCCGGACGCGCCUCAUC
1	AGGCGUACGCUCGUCGUUGUAGGGGGUGCCCUAAAGCGAGA
1	CAAAUUUGAACAGAUGAAACAAGAUAGGAUCACCAGAUACC
1	CUGAGAUUUGUGAUAAUGCAAAGAAAGGAAGAGAAUAUGCC
1	UGUAUCGAAAUCGGAGAACAAUCCCAGAGUUCGCAUCCCCG
0	UAAGAAAGGAGAAUAAGCCAAAGAGAAGCAACAGUGGGGAU
0	ACACAAUACUAAAAACACGAAGCCUAAAAAUGACACAAUGU
1	GCGCGAUUAUUGCUAAUUGAAAACUUUUCCCAAUACCCCGC
1	AGUCUGUUGCCAAGGACUCUAAGAUCAAUGCACGUCACUUU
1	GACUGGAAUAAAAUCAAAAGAAGCUCGGAAGUACAUUUUUA
0	GAUUAUCCAUGAAUUGUUGAAGGUAGGUGAUCAGUACAAAG
1	CAGCAGUUGGUUUUGCGAUUAAGAUCAGGUAUGGAAGCCCA
0	UUAAUAGCAACUGGUACCAUAAAAUUUCUCUACCUUUGGUU
1	AGGACACCUACCAGAUCAUGAAGGUGGAGGGUGAGUCAGGA
0	CUUACAGAUCAUUGUUGUGCAUGUCAGUAAUGACACCAUUA
0	AGAUCAGAAGGUGGGAGGAGAGAAAGGUUGGUGUGUUCAUU
1	AAAAGACUGAGAGCCACCACAAGGCGAAGGGCAAGUAACUA
1	UGUCGGACAUGAAGAGACACAAGAAGCUGGAGGAGCAGAUC
0	CAUCCAUCUUAAAGUUAUAAAUAGUGCCUUGAAAGGAACAA
1	UAUUUGGAAAAGAACUUCACAAGGUGGAAGGACACAUUCAA
1	UUGUCUGUGAAGUGGGCGUGAAGAUCGUUGCCACCUUCCAA
1	CUUUAGAAUGGAUGAACAAGAGUUAACCGGUAUGGAAUCCU
1	AGGUUUGAUAGAAAGCUGAAAAGAUGGGAAGAACCUAAGGA
0	CCUGGACACAGGUAAGGUAAAUCAGGACACUGUGACCUCUU
1	ACAUGGAUUACCUGAAAUCCAAGAUGGUGAAGGCUGGGUCG
0	AUACAGACACAUACCACUGCACCUGGCUAGUGUAUAACAUU
0	GGGAGGUCUAGGGCCAAGGCACUCUGAAGACCUUUAUGGUA
1	UACUGACCAGCAAAAUGGAGAAGAUCAGAGAAUGCAGCAGC
1	AGGAUAGUACUGUCUCUUACAUCCCUCAUACUCGCAGCGUC
1	CUUGUUUCCGCCUGGUUUUGAUCCAGGGACCUUUCGCGUGU
0	CAACAGAGGAGAUUCUGUCGAAAGAAAGAGAGAGAGAGAGA
0	AAUCACCAAUGGGAGUAGCCAGAUCAGCCUUGGUGAGAAAU
0	CUAAUUUUUUUGUAUUUUCAAUAGUGACAGAGUUUCACCAU
1	UGCUUUACAAUCCAAAUUUUAUGCUUUAAUCUGAAGGCGCC
0	UGCUCCACAUCCUCACCAACACUUGGUAUGUCAGUCUUUUU
1	UCGGUAACCGCACCCUUCUUAUUCAUCUCGGAGCUACUGCC
1	AACUGUGGAUCAGGAACCCAAGGAUCAGAAGAGGAAAUCCU
0	CCUGGUCUGCCUGGGCACCUACUCUGGGUGACUGGGGCAGC
0	ACUAAUUAGGAGGAGUCUUAAAAAUGUGGAAUAGGCCGGGU
0	UUUUGUUGAUCUUUUCAAAAAACCAGCUCCUGGAUUCACUG
1	GACCCUUCCCCUGAGCUACCAAGAUCGGAGUGCCCAGUCAG
1	UACCUGGUUAAACACUUUGGAAGAGCGGAUGAAGAGCACAG
1	UUCCCCUCCUCGACUGACUGAAGAUCGAAAGAAGGCCUCAC
0	UUGAAACCAGCUGGACCAACACAAGACCUCAUCUCUAAAAA
1	CAUGGGUCAAGUGUGGCAAAACAGACAUCGCGAGCCAGCCA
0	GGUGCCCUUAUCUAGUACACAAGAAUAUAGACAAGCCAAGC
1	UUCUGGGCAUGUAAGAAGAAAAGGAGGAAGAGUGCACAUUC
0	CCAGAAUCGAACACCACUAGAACUACCCAAAAACUGAGAUG
0	UCAAGUGAUCCUCCUAUGUCAGUCUCCCAAGUUGCUAGGAC
1	ACCCUGUUACACAAGAAUUUAAGGUGAAUACUGUUUAAUUC
0	UCAGGUGGCGCAUGAUUUUUAUUUAUUUUAUAUCUGAUGCU
0	GUCAAUAAAAACUCAGAAUGAAAAGUGGCACUAUAAAUCAA
1	AGCUGGCAGUGGACACAGGGAAGGCCGAGGAGCCCGUCAAG
0	GAAGCUACAUUAGGAAUAUAAUGCGGUGAUAACAACAAGCU
1	ACGUAAACUGCCAGGAGCGAAAGAUCGAGAGCAUCGCUGAA
0	CUGUGUGUCACUUCUCCAAAAAAGCCCCCACAGCUCCCUCC
1	CCAUCGUCAUCCUGCUGCUGAAGAUCUGGAAGACGCGCUCC
0	AUGAAUGUAUAUCUGUAUAUAUGAUGAGGAAUGAGAUAUUU
1	UUGACAAAAGGACCAUUGAGAAGUUCGAGAAGGAGGCGGCU
1	GAUACUGCUGUCUCGAAUUGAAGAAAGGAAGGCAAUCAUUG
0	UGUCCUUAGCCCACUUUGUGAUGGUAUUUUUUGUUUCUUUC
1	AUGAUGGCCAAAGUAUUAGAAAGAAACGAAGAGCCACUGGA
0	CCAAAGAAUUAAAAGCAGGGACUUAAAUAUUUGGACACCCA
1	AGCUGCAGGACUGGGUGAAAAAGAUCCGUGAAGUGGCCCAG
0	GGGGCGGUAUUCAACUCAUCACUGGUGAGCAGCAAUUCAUC
0	ACAUAUUCACAAUUCUAUAAAACUGUGUACUGGAAAUCAAU
0	CUUACAAGAAGAAAUACAAGAGGCCAGGUGUGGUGGCUCAU
0	CUACCAGCCUAGAGAAUGAUAAAGAGAGCUUAUAAGCUGUG
1	GAACAAAAGGACGCACUCCAAAGGUAACAUCCAAGUUUGAA
0	UACAGGUAUCGGCCUACAAAAACAAAAACCAGUUAUCUUCA
0	AUGACCUAGUCGGGGAGUUAAAUGGCAGAUACCCUUAUUUU
0	CCCUUCCUGUCCUCCCAUCCAACCUCUCGCAUCAUGUUGAG
1	GACUCUGAUCAUGUAGACAUAAUAUCAGAUGGCACCAAGAA
0	AAAUAUCAAAAGAAUCAACUAAAAGAGCUAAAAGUGGUUUC
0	AAGACUUGCUCAGGAAUGUAACUGCUACCAGCCUAGUGUGA
1	AGUGAAACUGCGAAUGGCUCAUUAAAUCAGUUAUGGUUCCU
1	AGACUGACAAAAAGUACCUGAUGAUCGAAGAGUAUUUGACC
1	CUGUAUCAAAGUCUGGACGGAAGAUUAAAGGAAGGGGCACA
0	AUUGUAAAAAAAUUAAAAAUAAAAUUGGAUAUAGUUAUGAA
0	CAUCAAGGUGAAGGACCAGGAGAAGAGGAGGCGUGUGGAGG
1	GGUAGAAGACUCAAAACCAGAUACCACUGCUCCUCCUUCAU
0	GAACCUGGACUGAUACAAUAAGUUAUUUUAUAUAUAUAUAU
0	UUCUAAGCAUUUUUUGACCAAAUUCUUCCUGAUAACUUUCA
1	GGGACCAGGACUUCUUCACCAUGAUCGGCAUGGAGCACCCC
0	CAGCUGUGGUGGGAAGAGUUAGGGCCAGUGUCUUGAAAAUC
0	AUUCCAGACCCCUGGCCGAAAGCGCGCUUCUCCCAAGCAUU
0	CUCGAUCUCUUGACCUCGUGAUCUGCCCGCCUCGGCCUUCC
0	AGCCUUAGAGGGGUGGUGAAAGUAUUGGCUUUUAACUCUUU
0	AUUUUUCAGCCACAUUUCAUAAAUGUGGAAACUGAGGCACG
0	CUUCACACAGGUAGAGCUGCAAGGGCCCAGGAAUGCCCCAC
1	ACUCGAGCCUGACUCGGGAGAAGAUCGAGGCCAAGAUUAAG
0	CUUGUAUCCACCUUAAAACUACCAGAUAUAAAAUAGCUUUU
1	UGUAGUUCCCGUUUAUACUGAAGGUGAUGGGGGACGCACAU
0	ACUAAAGGAGGAACAGGUGUAGAGAAAUGGAAAGAAUCAAA
1	GACUGGAAACUUUAGGAAGAAAGAUAAUUGAGGGGCGUGUC
1	AGUGUGAAGAGAUCCUCCACAAGAUCGUGAAGUACCGCUUC
1	GAUUGUAGGGUGGACUCGAUAACCUGGUCAUUAUUUUUUUG
1	AGGUCUGUCUAGAAUCCUAAAGGCAAAUGACUCAAGGUGUA
0	CCUGGUUUUCUUCCUCCCUCACUGACCAUUCCUGUCCCAUC
0	UGUGGUGAACAGCUCACAGAAGGAUUACUUUGAGAAGAUAG
1	ACUGUUCCGAUCUUGGAUAUAGCCUCAGCACACUUUCGUUA
1	CUCUGAGCACCAAGUCCAAGAAGAACAAGAAGAGCGCGUGG
0	CUUGCAGGAAGAGAUGACCAAGGCUGGAAGCAGCCCAGACA
0	GGGUGAGCUUUGGGCAAGAUAGAUGGGUUUGGGUCUUGGGG
0	AGGCCUUCACUCAUUCUUUCAUUCAUUCAACAAAUAUUCUU
0	CUGGGUUGGAAGUCAGAGUAAUAGUUAAUAGUCAGGAACCA
1	AAAGCAGUCCUGCAGAACCAAAGAGCGAAGACGCAGAUCGC
1	GGCUGUGGCACGAGGAAGCAAAGAUCACAACAUUCGUGCCC
0	CUAUAUUUGAUGAAACACAAAAAUCAUUGGCUUUAGCCAUA
0	UCUUCCUGAUCUCACUGAGGACCAACCUUUCGACAUUCUUC
1	GGAGGGCAGAUUAGAACAUGAUGAUUGGAGAUGCAUGAAAC
0	AAAUUAAAAGAUUGUAAAGAAAAGAAAAUAGGUUCUAAGCU
1	AGAUGCAUCAGGGGGCGAUCAAGAUCAGGAAGAAAGAAGAU
0	UUUAAACACCAUGACAAACUAAAAGAAUACAGGAGAAAAGA
1	CGCAUGACAGUAACGGCUAUAGACACGCUAGCUACGCCCGU
1	CUAGAUUUUCUAACUUGUGCACACGUCCAGAGCAUGUUCAU
0	GUAUUUGCUUGUUAAAGGAGACUCUGAAAAACUCUAUCAAA
1	AGAACUUCCAAAAGGUGGAAAAGAUCGGAGAGGGCACGUAC
0	UUUAAAGCCAGUGGCUCCAAAUGUCAGGGAGCCAAAGGCGG
0	GACCAGUUCAUCCCCUCCUUAGGCAAUUAUGUGGUCCCCCA
1	CUGAGAUCUCUGUUGUUAGGAAGAUCGAUGGAAGAGCAGCU
0	CAUCCUUGCCUAAUACCCCCAGUGAGUGUGCGCAGGGCCUG
1	AAGAGGCGAGCCCUGCUGCAAAGACCAAAGAGACACGUUCU
0	CCCGACGCUGUUCGGAUUAGAUUGCUAAUGAAAAGGCACAA
0	CAAAAGACGGGUUGUCUGCGACCCCCUGCUGAAUGCAAAUG
1	GAACGGGAAACUACUCCUUUAAGAUUUGGAAAGCCAGGAUC
0	ACCCAUUUUUUAAUGUAAUAAAAGUAGCUCUUAAGCUUUUG
1	GGAAGAGUGUAGAAACUCUCAAGAAAGGAAGGGUCCGUUUU
1	CCUAACUCUGCCACAUAUAUAAUAUCGGAGAUGGCAAAGGC
1	ACGAUCGGAUUCGUGGGUCAAGUCGAAGGUGGCAAUCCGAG
0	CCUCUAGCCACAAAUUAUUUACACUUCUUCUAUGUGCAAAA
1	GUCGUUAGAUGAACUCACUAAAAUUUGGAAGAUACAGGUAG
0	UUAGAGGGCAUAUAAAAGGGAGCACCUCACUUGAAUUUGGG
0	GCAGGAUAAUUAAGCCAAAGAUGAUAACACUUAACUUAAUU
0	UCUAAUUCCACCUGCCAAUUACCUGAGCUUUCAAGGUAAAA
0	CAAAACAAAAUAGUAGUGAUAAGGCCGGGCACGGUGACUCA
0	AGAGAGAGAGAGAGAAAAAAAAAAUAACACUAGGUCUCUCA
1	UCACUGACUGGGCCUGGUACAAGAUCACUGACUCUGAGGAC
1	GAAUGAUGUGUCGGAAGAAAAAGACCAGAAGAAACCAGAAA
0	GCAGUGAGACCAAGGGAAGAAGGGACAGGACCCCGCGAAGG
0	GAGGGCAUAAACCAGCAGAGAACUGACAGGUAGGGCCUGCA
0	ACUUCUGCCAUUUCCUAAAAACUCGGCCAUAACAUUAUGGA
0	UAAUAAGGUAGAAGAGAACCAGAAGAGUCUACAGUCAUAGA
1	GCCAGGACUGUGAGGACCUCAAGAUCGGCUUCAAGGUAUGC
1	GUCUCAACAUUAACGUCUGCAACUUGCGUGGGCAAGGUGUC
1	GGUUGGGAACCAGAACAUGAAAGAUCGUGAUGCCAUGCUGA
1	CCAGGUUCAAUUCGGACUGGAAAGGUCCACUCGCACCAGGC
0	CAGGAGUGCUGUGAGGUUUUAAUUGGGUAAUGGCUGUGGAG
0	GAGGGCAAACUGGCCAUCUGAGGAGAUAACCACAUCACUAA
0	UCCCUGGACAUUUCUCUCAGAAGAAUUAUUUUUUUAAACCC
1	ACUCAUUACAACAAACAGGGAAGUAAAGGAAGAGACACAUC
0	UAAAAAUGUCCAGUGACUACACAUUAUGCUGAGGAUAAGAC
1	AGGUGAUACCCGCAGUCUUGAAGUUGGGCGUUGCCCGGGUG
1	GUGGUAGGACUUGUGCUCCAAAGAUCGGGAAAUUUUCAUAG
0	AGCUCACCUGCAAAGCUGGUACUAACCGGCACAUGCUGUCC
0	UACAUUUUUAAACAUUGUGUAUCACUUAAAAAUUAUUGUAG
0	CCUUACUUUGAGCACGUUUCAAACACUCUUUUGGAAGAAUC
1	CGUAGCGGCGCCAGAUUAGGAGAUGUUUGCAAUAAGUCCGA
0	UGAACCGGAGCCAGAAGGACAUUGAUGGCAAGAAGGACAUU
0	GGUGUUCUCACCACAAAAAAAUAGAUGAUAACUAUGUGAGG
0	UAUAGUUAAAAUGAUUGAACAUGGUGUCCAGGCUGGGUGGG
1	UCGCGUUUAACAGUGUUCGAACUUGUCCGGACCGACAUUCU
0	CACCACACACACCACACACCACAUACACUACACACAAUACA
0	GGGUCUCAGGGCACAGCCUGAAGGCAGGGGAGACGCACAUC
0	AAAGAGUACUUUUGAAAUACAUUUUAAAAUACAUUCUUGAU
0	AUAAAAACAAAGAUUGAACAAUGAAAAAAAUCUAAAACCUG
1	UGGAAAAGGAGAACCCUGAAAAGAGGAAGAACAGCACUCAG
0	UGAGAAUCUGGAAAAUCAUGAUUUUCUCAUUAAUUCCAUAA
1	UUGAAGAACUGUCAGGAGCAAAGAUCUCAGAUCUCCACAGA
0	UCCCGGUGCUCCCAGCCCCCAUAAUGCUGGGCAUCCUUGAG
1	ACGGGAAGUUUGUCAAUGACAAGAGCAGGAAGAGCGAGAAG
1	UCCGUGUGGUUGACAAGGUCAGUGGAAGCUUCAUGACGGGG
1	GCUCAAUGAGAGACAAAGCCAAGGUAAGCUCACAUUAGUGA
0	AGGGUGGCCACCAUCUCUGCAGAUUGGUCGACUCAGCUGUU
1	UGAGAUCUACGAUGAACUUUAAGAUUGGAGGUGUGACAGAA
1	CGAUCUUUUGGAUUACGAUGAAGAGGAAGAGCCCCAGGCUC
0	AGUAUGGAUAACUUUAUCAUAUUUACAUAUGAGUGAUUAUG
0	CUGCUAUGAAUUAUUUUUUUAAAAUAUGGCCAUUGCACUCC
1	CCCUUUUAACUGUCGGGGGAAGUAUAUGCGUGUCGCCGACU
1	UUAUGGACUAGAACUUAAUAAAGAUGAAAGAGUUUCUGCGC
1	AGCUCCAGCAGAAGCUUUGAAAGAUGGAGAAGAGCGGCAAA
1	UAGGCCUGUAGCUGGGAAGGAAGAGACGAAGACACAGGGAG
0	CCCUGCUGAACUGGCACUCCAAGGCUGGGCAGCUAACGGAG
0	GCGGCUCUGCUGCCGCUCUGAGCUGCUUGGAAAGUUGAUGG
0	GAAUGAAUUGAAAUUGUGGAAAAUCAGACACAAGCUCUUAU
1	AGAUGAAAAAAGUGACAAUGAAGAUAAGGAAGAGACGGAAU
1	AAAACACAGUCCGGAGUGUAAAGAUUGGAAAGCCCCAUGGC
0	CUCUUUCGGGACAUUGCCCAAGAGUUCUCUGAUGACCUGCA
1	AAAGUGGACUGGAAGUGGCAAAGAUGGAAAGACAGACCAAU
1	GACUGCAGAAGAGCAACCCGAGAAAAAGAACAGAUCAGAUU
0	CAACCUGAAGAUUCUUAACAAAAAGCUGUUCGCUUUUAUUA
0	GGCUACAGGGAUUCAAUUGUAAUCAAAAGAGGCUCCAGAGU
0	GUGUAGGUGACAGUGUGCACAGGUAGGUGACAGCUGUGUGC
1	AGUCAAAGUCCUGGGCUGGAAAGAUGGUGAAAGCACAAAAA
0	AGUCAAACAUUUCAGUCAUAAAGCUAUGUGGAUCUAAGGCU
1	CGUCUGACCCUCUGACUGUAAAGAUGGGGAAACCGAGGCAC
1	CUGUGGCCCGGACGUUUGAGAAGAUCGAGGAGGUGUCUGCU
1	CUUCAGGGUCAGAGGAGGUUAAGGUUAGUUCAGCAAAUGAA
1	CUAUCAAAAUUUGCGCGAGGAGUAGAGUUAGGCAAGAGCGU
0	GAGCCAAGUUCUUUAGCGUUAACUCAUGGUAGGCAAAGCCA
1	UACUGUGGAAGGUGGACUUGAAGGUCGAAGACAUGAACUUG
0	GAUGUCCCUUUUCUUUCUGCACAAUUAUCCUUUUUCCCAUU
1	UGGGCUUCGACUACCAGGGCAAGACGGAGAAGCACGAGUCA
0	GUCCCAAGUGCUGAAAUUACAGGUGUGAGCCACCACACCCA
1	CUGAAAGACAGGGACAUUGGAAGGCCGAAAGAGCUGACGAU
1	UCGAGAUCAAACCGCUACGCAAGAUGGAGAAGAGCAAGUCC
0	GAUGGGGACAGAAAGGUAAAAGACCAAAAAAGGAUAAGGGG
0	UCUGAGGCAGAGUGCCAUCCAUCAGGGAGACAGCUGGGGUU
1	UCAGAACUCAGAAAUUGUAAAAGAUGAUGAAGGCAAAGAAG
0	GCCUUCCUUGAGGUAGGCAGACAAUACGCUGCAUGUUUGGU
1	UUCAGUCAAAUUUGAGGGCGAGGGAUAUACGUAGCGCGCUU
1	GCCCAGUGAACUGCAAUGAAAAGAUCGUGGUCCUUCUGCAG
0	GGCUACAAGCAUCAGCUAACAGAACAGAAAGUUUUACAAUG
0	CCCUAAAUUUACUCUAAUUCAUUCCCAGGGUGGCCUUGCCU
0	AGACCCAGACCACCACAGACAGACAGAACCGGGCAUGGCAU
1	UUGGAAUGAGUCCACUUUAAAUCCUUUAACGAAGAUCCAUU
1	UUACGGAUCUGGCUUCUGAGAUGGACCGUUAUAAGGACAAU
1	GGAGUUGACGUCAACGUGGUAGGUGUACAAAUUACCCUGAA
0	UUAUAUACCUACAUACAUAAAACAUUUAGUUUAAUUUACAU
1	UACGAUUACGUGCUAUAGAUAAAUGACAAAGAUGGCUGUGC
0	UACAAUGCAUUAGAAGUCUUAAAAUUUAGAUAUUUCAAAAA
1	AAAGACCUUAGAGUCGGCUUAUCUAAGCCACAGCCUAGAGG
0	GAGAUGAGGCUGGUGUGUAUAAGAGAAUGCAUUCAGCUCAA
1	AACUGAAGGAACAGCUGGCUAAGAAAGAAAAGGAGCACGCA
0	AUGAAGCCCCAGGUUGUUUUACCUGUGCUUUUGACCAACCA
0	AACCUGUUUUACACACAUGCAAUUGGAAAUCCAGAAGAAAU
1	GGCCACUGGAGCUGAGGACAAAGAUAAGAAGAAGAAAGAAA
0	GACCGCAUGCGACCCCGGGGAGUUGUGGGUAGAGAGUUCCA
1	CUGUAACAACACUGAGAACAAAGAACGGAAGUCCUUCCAGA
1	UUGCAGUGAAUUGUGAGCAAAAGAUCUUGAAAGCAAAAAGC
0	CUGAGAUGUGUUCAAGUUAAACCUUAAAAAUGUGUCGUUUU
0	GAGGCCGAGGCAGGUGCAUCACCUGAGGUCAGUAGUUCAAG
0	AUAAGUUAACAGGAAACAUCAGGUAAGAAAUGAAGUAAAAA
1	UUCUGCACUGACUCUGAAGCAAGAUGACGGAAGAUUCUACU
1	CAUAUUUUGACAAAGUAGAUAAGGUGCAUUUGCAUUAUUGU
1	UCUGUUUGAACUCUCCGGUAAGGACUGCAUCUGGUAAUCUG
1	UCUGGAGAAUCAGUACCGGAAAGAAAAGGAAGAAGCCGAUC
1	GGAGAAAACAUUUAAGAAUAAGGUCAGAGCACACAUUCAGA
0	AAUUCUGCAAGUUACCUUCCACUUUCUGUUUCUUGGCUUCA
1	ACACGCGUAAUCUUCGGAGGAGAUGAAUCUUGCGCAAGGAC
0	UCACAAUUCAGACUAGCCACACGUCAAGUGCUGAGUAAUUA
0	GAGAUGCUACAGAACAUGCCACGCUUGAUACACUUCGCAUC
0	GUCUGAGAAGAAUUCAUGUUAGUUCUUUAAAGGUUUGGUAG
0	CUUAAGAUGGCAACAAAGUAAGAGGCAUUUCUUCUAGCACU
0	GGAUAGGGGCCUGUCCAGGCAUCCACAUAUAGAAUAUUUAC
1	UGUACCUCAACACCCCCGACAAGAUGGUGCGUGCACACCCU
0	GCGCAGUAUCCCAGCGUUACACAGUAUGGUGACUGUUACAU
0	CUGGGAGGAGAAUGGAGUUCACCUUCUUCAAGGAAGACAGA
0	CCCUUGCCCCUCUACAGUAUAUCAUCCACAUAACCUUCUCA
1	GUUGAGCUUUGAAACAACUGAUGAGAGCCUGAGGAGCCAUU
0	AUCAUGAGGUCAGGAAAUUGAGACCAUCCUGGCUGACUAAA
1	GGGGCAUGAACUCUCCAACGAAGAGAGAAAUCUGCUCUCUG
1	GUGUUCUAAGUAGAACUGCUAAGAUCUGGAAGUACCACCUG
0	GUAACUUUGUUCAGUAUUACAUGUUUCUUCAAAUGUGGCUG
1	AUCUGGAAACUGAGUUGGAAAAGAUGGAAGCAAGGCUAAAU
1	UUAAGAACAAGAUUGAGAACAAGAUCGAGAGCAUUGGUCUC
1	UGCAUGUUGGACUAAAGCUCAAGAUGGAAGCCACCCUUUGU
1	UGGUCAUCCGAGAGCUGAACAAGAAUUGGCAGAGCCACGCG
1	GCUGGGAGAGCCGCAAGCGGAAGCUAUCGGGAGACCAGCCA
1	AUUUCCAGGCCUUGGACAAGAUUCGCUAUGAGAGCCUGACA
0	UAUUAAUAUAUAAUCUAUUAAUAUAUAUUAUUAUUAUAUAU
0	AUAUAUACAAGUCACUAAACAAACCACUACAACCCACAGCA
1	GGCUGGCUUCCUCUGUUCCCAAGAUGGAAGAACCUGGGCCC
0	AUUAAGGAGAUGGUUAAUGAAAGUUCAGUCACUCAGUGGAA
0	CUCACACACUGAUGAUGGGGAGAGGAAGUGGUGCACUCUUU
1	GGUCAACGAAUAGGAGGUCGAGUCCAUGUCGUGGUAGCCAA
0	UCAGGAGAGUAAGGAGAGUAACUUCGAGGUCUGGAGGAUCA
0	GAGGAACACUGGAGACCCUCAUAAGUGCAGGCACCUCCCUU
0	GAUUAGGGACCUAGGUAGACAUUAAGUAGUGGGGUGGCUAU
0	UCCGCCUCCUUCACCGUGAGAGGAAAGGAAGCGGGAUGACA
1	UGUGUAGAGAUGGUCUGGGAAAGAUGGGAGUAAUUUGGUUA
1	AAAAGGGCUGAGAAACACUCAAGGAGGAAGAGCUGAAAGCG
0	UGUUCGUGUCAUGCGGAUCAAUCCUGCCCAAACAUUAGUGU
1	GAGCUAGAAGAAUGGUAUGCAAGACAGGACGAGCAGCUACA
0	ACCACACCCGGCUAAUUUUUAUAUUUUUAGUAGAGAUGGGU
0	CAUGCCUGCCUGCUCAGGAAAUGCCUCUGCAUCCUGCAACU
0	ACUAAGUGAAAAUAUUUGCCAGCCCUGAGAUGCAGUUUAAG
0	AUGCCAGUUAAUUUUUAAAUAAUUUUUAGUAGAGAAGAGGU
1	UAUUCAAGAAUGAAUAGGAUACUGUCCAAAUCGAGCAAGCG
1	ACUGCAAGCUCCAUUGGCAGAAGAACGGAGACUACUUGUGU
1	CUACGUUUCUUGGACGCAGAAGCACCAGGAGGCGCCACUGC
1	GCGUGGGCCAUAUGGAGCUGAAGGAAGGCAAGAAGCACACC
1	AACCUAUGAAAUCUGUACAAAAGAUUGGGGUGAGUGAAAGA
1	GGUGGGCAAGGUGAUCCAGCAAGGUCGGCAGAGCAAGGGGC
1	GGAAAUAUAAACUGGUACGGAAGAUCGGGUCUGGCUCCUUC
0	GGGGGAUCUGUGAAGGUUUCACUUGAAGCAACAUCCUAUGA
0	GUUGGCGUGACAGAGGGCUCACCUCUUGCCUUCUAGGUCAC
0	CUCACCUGCCCAACUUCCAAAUGUGCCCUGUCCAGGUCCAC
0	AUAAAUACAAAUGAAAAACAAUACAGUAUAAUAAUUAUUUA
0	GAAUUUGUAAUGAGAAGCUAAAAACUUUAAGGAAUUUUAAG
0	ACAUGCAUCCUAAACUUGCUACCAUUACCAGCCCUAUGGUG
1	GAAUACGCGAAACUCUAAUAAAGCCACCUCAGAACAAGCAG
0	UCACUGAGCUGUUCUGACAGAGGCGCUGGCACCUAUUGUGA
1	AUGCAGCCGGGCUGAGGCUGAAGCCUGGUACCAGACCAAGG
1	AACUGGACAUCAAACUGGACAGCGAGGACAAGGACAAAGAA
1	UCACAAAGAGGCUAAAAUAGAAGAACAAGAAGAGCAAAGGA
0	CUUCACAUUUUUCUCUAGAGAGCCUGGCACUUUUUUUUCCC
0	UUCAACCUAAUGGCAUAAUGAUGAUGGUUCUACUUAAGCAA
0	CCAUCUGGUUGGCUGGCUCAAAGCAAGCAUUGGUGAUCUCU
1	CCAGCCAUGCUCAAUGUUACAAUCUUGAAAUUAGUCUAAGU
1	CUGGACUCUGAGAACUGGGAAAGAUCAGAGCAAGCCUUGCC
0	CCCCUGAAAGAACAAGAGUUAGGAAAAUUAUCUAAGACAGG
1	AUGGAUGAAAGAAGAAAAGAAAGACGGUAAAAGAAAUUGUU
1	CUGACGAAGAGCCUUUUGUGAAGGUAUGUUGGAGUGCGUCC
0	GUUGCUUAGCUAAGCAGAAGAAUUUGUCAUUUUUUUAAUUU
1	GUCGGAGAAGGACAUCCAGGAUCUGAAGUUUGGGGUCGAGC
1	AGCGGCUCCCUAUUAGAUCUACUCUGCAUCAAGUCCUACGU
1	AUCAUUGUGGAACUGAGGGUAAGAUUGAGAGAGCAAGCCAC
1	UUAAUGAUUUGGACAAUCAGAUUAAGAAGAUGUAGCUUUCU
1	AUUACUGGGAGAUGUACUCAAAGAUCGGCCCCAGGAAGCAG
0	UAACAGUAUGACUGAAAACAAAUUAUUUAGCCAUCUUAAAA
0	ACCUGUACAUAAUAGGUGCUAUGUAUAUGUUAGCUAAGAAU
0	UAUAUAUAUAUAUUUAAAUAAGCAUUAGUGUCUUAGAAAUA
1	UGACCCUGGGUGACCUGACCAAGAUUGGGAAGUCACAGAAG
0	UGAGUGUGACAUUCUCUCUGACCUACAGCUGAAAGUGCCCA
1	UGUAGUGACACAGCCCAGGAAAGAGCGAAGAGCAGAGUCAG
0	GGCAUAGGGCAUGACAACCCAGGGCCAGCCCUGGAACACAG
1	CAUCGUCAGGUCGCUCUACGAAGAUCUGGAAGACCACCCAA
1	GGUAACCUGGCCUGGGCCUGAAGUGAGUGAGAGGCACAUGA
0	UACAGGUCAGCAAAAAAAAAAAAAAAAGAACACCCACGCAG
1	UCCCUGUAAAAAAUCAAAGCAAAUAAUAUAAAAGGGAUUAU
0	CACAUGGACACAGGAAAGGGAACAUCACAUUCUGGGGACUG
0	AUAUAACCCACGGUUGGCACAACAUAAGCACCUCCUGGGGG
1	UGGAGUUCGAGUGAAUUUGAAAGUUACGAAGAGCAGAGUGA
1	GACUCAAGAUCAAGGACCAAAAGAAAGUGGAGAGACAGUUC
1	GACUGUGUAAACAACUAGAGAAGAUUGGACAGCAGGUCGAC
0	UAAAUAACAAUAUGAAUAAAAAAAUACAAAUUUUAAGAUAC
1	ACGUGAAGAAGCUGGCGCACAAGCACAAGAAGAGCCGCGAG
1	AGAACAGGCACAAGAACAAGAAGAUUGGAAGAAAUAUAUUA
0	GAGGGAGAAAAUUAACUGGAAGCAGAAUCACCUGAGAGGAC
0	AUGAUGAAGUACUUACCUAGACCUAGUUUUUGGUUACUCGA
1	ACACAGCUAUCGCGAAUAACAAGAAUGGAGUGCACCUUAUU
1	UGGACUUGAUGAAGAAGAUGAAGAUGAGGAUGAGGAUGAAG
1	UCGGUGACCGGUCUUUCAUAAAGUAUAUCGGCACUACUGUC
0	AAAAGCACAGACAUGAAAGGAUGCUGAAUGUUACAGUAUUU
0	UAGAGGCUGGUCAUCUGACUACGGCCUAAUAUGCCCAUAAA
0	UGACAGGGGCAUAUGUGGCCAGAGGGAAGUGGAUGCGGGGA
0	UAUUGCAAUCUCUAACUAAAAUUACUACUUCCUUUUUAAGU
0	CUAACUUUUAUUAUACACACAAUGUGACUGGCAUUAUUCUA
1	GGAUGUGAAGGAAGAGGAAGAAGAGAAGGAAGAGGAAAAGG
0	AGCAGAAGUUGGGAAACAUAACUUGUGGGAAAAAGUAACGA
0	UCUCCUGACUCUGAAGCAGGAAGUCCAGGCCAGCUAGUUCC
1	CAGGGCUGGACUGAGGCCUGAGCGCUCCUGCCGCAGAGCUG
0	AUUCAGCAGCUGAAGAUGCCAGUGAUUCUCUUUUUACCUCC
0	AGGAGUUCAAGACCAGCGGGACCAACAUGGAGAAACCCCAU
1	UGUGGAACAUCCUGAGGAACAACAUCGGGAAGGACCUGUCC
0	UCCUAUUUUAAAAUUAAGAAACAUUUUAACAAUUUGGUAUU
0	UGAUCCUACACAAUUCAUGUAAAUGAGAAAUGUUAUUUCAA
0	CACAAAAGCACAGAGAGAUUAAGGAGCUUUCCUGAAGUCCU
1	UGGUGCUUCAGGUAGAGGUUAACAUGAACCACGAGCUGCUC
0	UCCCUGGAUGAUGGUAGAGGAGGGAUUAAAAAGGCAGAGUA
0	AAACUUGAAAUAAAGGGAAUAUAAUUUAUGAAAUCAUAAGC
0	CUUUCACAAACCUACAUGGUAUAGCCUACGACACACCUAGG
1	UGUUAGUCGCUUAAACGGAGAUGGUAGCGAAUAAGCAGGCG
0	CUUCCACGAGGAACACCGAAACCCUUCUUUUUCCCUAUCAC
1	AGAGACUGCCUCUUAACAUGAAGAUCAUUGGACAAGCCACA
1	GUUUCGAAGCUUGAUAAACUACAAUGGGAGUUAGAAUUCGC
1	UGCCAAGAAAUUUUCGCAUUAGUCGGACCUGCAGAAGCUAG
1	UGUUGGAUCAGGACAUCCCAAUGGUGCAGCCGCUAUUAAAG
1	GUUAAACUGUGGAAGGCUGGAAGAUGUGAGAGGACUUUUUC
0	CUUCCCCUCCCGCCCCGGCCAGCGUUCCGCACCUUGACGAU
0	UCCAGAAAGUAACUUGAGGCACCAACAAGUUAAAGCACCAA
1	UAGUCGGCUGCGCACGGGUAAAGAUCGUAACCAGAAGAAAG
0	AGCAGCUGUGAUUUUCUGCAAGCCUGAACUCGAGGUAAGCU
0	GUUAUCUUUUCUCUAUCUUAAUACUGCCUAAAUUUUCAACU
0	ACAUGGAUGUUUGUACUGUUAUUAAAUUCUGUGUAAUCAAA
1	ACUUGAGAGGACCAGAUGUUAAGCUCGAAGGGCCCGAUGUU
1	UGACCUCAAGAGAGCUCAGAAAGGUGAGCUGGGGGAGUGAC
1	GGUGGGGCUGUAAGACCAGAAAGACAGGUUGAGCACUGCUG
1	GUCUGCAAAAGACUCUGGCAAAGAUCAGGAAGAGGAGGAGA
0	AUCUCUUAGUUACUAGAAUUAGACUGUUGAAUGGCUAUAAU
1	UGCUGGCUUUUAUAAACUCUAAGCGAAGGAGGAGCACUGCC
1	AGAAUCCCUGAAAAAAAUUGAAGAACUGAAGGCACACUGGA
0	AUGGACAAUGUCCUGUUACCAUUUUUUAUUUUGUACAAAGU
1	UCUCAUAGAAAAAACAAACGAAGAGCGCAAGACACUGCUCA
1	AGACUCUUACUCUGGUUACUAAGAUCAUCUGUGCAUGACGG
0	UGUGAAAGAUUUUAAGACUUAGGGAUAUUAUCUUUCCUUGU
0	AGACCCUAUUUCAGAAAUACAACUAUAAAAAAAUAAAUAAA
0	CAUUUAUAAGUUGUGAGGAUAUUGAUGUAGGGAAAUCCCAA
1	UACCGUGAAUUUACUGGGUGAAGAAAAGAAGAGCACCUAAA
0	UGGAGUAUUGGACACAUACCAACAGUGGGCACAAGAUGAGU
0	ACAUCUGAAAGAGAAAUGAAAGGAUGAGAAUCAGGCAUGGU
0	UAAUUUCUUGAGGUGUACAUAGAGCAAAUAGGGAUAUUCAA
1	AGGACUGGGUGACGCCGUACAAGAUCGCGGUGCUGGUGCUG
0	AACAACAACAACAAAAUAAUACAACAAAAAGGCGGGUCUCC
0	GAGCUGUUUUCUUCUAGAUCAGAGACUGGGGCAUGUCAAAG
1	UUGUAGGACAUAAUAAUAACAAUUGAAUGUCUGCACAGCCA
1	GCCCAGGACUGAGUGAACUCAAGAUGGAAAGAUGCAUGUGU
1	UGAAUAUCAGAGAACUUGUGAAGAUCUUAAAGAGCAACUAA
0	UGCAGGGUUGGAGGGGCCCAAGGGGCGCCCUGGAUGUGGCU
1	AAGGCGACUCUUCUACAGUAAGGGUAUGUUCUUCGGUAAUA
1	GUGUGAACUGGCCUUUGGGAAAGAUCAGAGAGGGCAGAGGU
0	CCAUCUGCUCUACCUCCUCCAAGUCCCCCACCUGGCUGCAC
1	CUUGAGUUUUUGCUGAAAGUAAGAUGGGAAGCCAUUGAGGG
0	CGUCCAAAAGCUUCCGGAAGAGCGGGCAGGGUCCUGCACAG
0	AUGAUUCCUAUUUUGUGCAUAAUAACAUUGAGGCUCAGAAG
0	GAGUGAGUUACUUAACCUAGAAGUCACAAGGGACAGUGGCC
0	GGUCUCACUUGUGAAAGGAGAGGAGCUAGGAAAGAGAUUGA
1	AGAACUGAAGAAGCUAUCAGAAGGUCUGGAAGGCACCAAGU
0	UUCCCUUGGCUAGGAAAGGGAAUUCCCUGACCCCUUGUGCU
0	AAACAAAAUAUAGAAGGAAUAUAGCUCAAAAUAGUAAAGGC
1	UACGGGCAAAGAAACCUAUAAAGUACCUGGAAGAGUCAGAU
0	GGCCUGUGCCUUGCUAGCUGACCUGGAGAUGCUGCCUGGUG
0	AUCUUCCUAGAUAACUCUCAACUUAGCUUUCUAGUUCCUAG
1	GAACCUGGAGAACUUCAAACAAGGUACAUGAUAAAGAUCCA
1	CGAAGGCCAAGGAAUCACUGAAGAUCGGCGAGGGAGGACAG
0	UGGUCCCAACUCUGGAGUACACCAGUUAUCAAUUAACUGCC
0	ACAGCACCCCUUGUCCUGGGAGGUGCCUGCUCCCCCACAGC
1	CUGCAGGCUAAGAAAUGAAAAAGUGAGUUGAUAGUAGGAUG
1	ACCCACUAAUAGGGAACGUGAGCUGGGUUUAGACCGUCGUG
0	GUGUGUGUGUGCACGUAUGCAUAUGCCUCGGCCACAGCCCU
0	AGAUUACAAGACUGCUUUCAAAUAACAGUAUCAAAUAUAAA
1	CAGUGGUUGGUGAAGUACAUAUAUAAAUAGUUUCGUUGUUA
1	ACAAGCACAGCGACGAGUACAAGAUCCGGCGCGAGCGCAAC
1	CUACGCACGUAAUAAGCUGAAAAUCGAAGAUGAAUGUCUGU
0	AAAAGUGAAAGUUGGGAAGGAAGAUUCUUCUUCUGCAGAAU
0	CCAGGAUGUCAUAAAAAAAGACCUUUAAGAUACUUUCUUAG
1	ACACAGACAGGGAAACUGGCAAGCUGAAGGGAGAGGCAACG
1	GGCUGGCUCAGAGCGCUGCAAAGAUCAGAAGAGUGGUGAAC
0	GUAUAUGAGGUGAUUAACACAGACCUUGGGUUGUUAGGGUG
1	AUGGGUUCUUGAACUCUUGGAAGCCUGGAUGAGCCACCUAA
1	UUGUAGGCCUGUUUUACAGAAAGAAUGGAAGGCACUUUUUC
0	AAUAUAUCAGUAGCAUAUUCACAUCCCUUGUGAUUCUUUGA
0	GUAGUGCCCGCCUGCCUGAGAGGCUGUGAGCGCUCCUAAGA
0	GGAAGGUUUAUAAUAUCUGUAUUCAUACUUGCCCAAACUGA
1	GAGGAGAAAAAGACAGAACAAAGAUGGAAGUGGCCUGGGCC
1	CGACUGGAUGAUAUGAACCAAAGAUGGAAUGACUUAAAAGC
1	AGAGAGGACUGGAACCAGAAAAGAUCAUUGGGGCAACAGAU
0	GUAAGAGCAGUAAUGAGUCCAGGAAGUGUUGUUACCAUCUA
0	GUCAUUUUCUUUGAGUGUUGAAUUAUACCUCAGUGGGAUUU
0	GCUUGCCAGGAACCAUAUCAACAAUGGCAGCAUCACCAGAC
1	UAAAGUGGGCUCUAAGAUCUAAGAUGGCCCGGCGCGGUGGC
1	CGAGGAUCAGGCACCGCGGCACCAAGUAGCUUCUCCAAGCC
0	GCAUUCCUGUUUUGUAUAUGAAAUUAGAGUUUAAAUUGCUC
1	UACGAUUCAAUCCACUUGUAAAGCGAUCUGUUGUGCUGUUA
0	UCUCCCACUCCUGGAGGACGAGCCUCUAAGACCCUACCCCU
1	UUGUUGCAUUGCUAGCUGAGAAGAGAACGAGAACAUUUGGA
1	UGAACUCGUCGACUUCUCAGAAGAUCAGGAUAACCAGGUAA
0	AAUUCCUAUUAAUUGGUUAUAGUUGAUGGUUUAAUUUUUUA
0	CCAUAAAAAAUGAUGAGUUCAUGUCCUUUGUAGGGACAUGG
0	CCCAAGGGGACCCUAGCUUCAUGGGGGGCCUGGACUUCCCA
0	UGUCUGGCACGUACGCUUAUAUGUACAUGUGUGGGGGCUUG
0	AAGCAGUUGGUUACUCUGGAAUGCCUGGCCCUGGAACUGGA
1	UGGAAAGCCAGUAGGACACGAAGGUGGUAAGUGCGCACGUG
1	GUGGAGGAGGCAAGAAGCCAAAGAUGGAGGAGCUGGGCCUG
1	AAUCUUUGUCAUUCACAGACAGUUGUUUUGCUUCUUCCUUA
0	UGAAGCCAUUUAAGCUAGUAAACUUACCAUAUAAUGGUUAA
0	AGAUUAUACCAAAUGAGAUGAUUACUACGGUGCUGUGUGUC
0	UCACAAAAAGGAGAACUGAAAAUUUAGACAUACAGUUGGCC
1	AGACCGACUUCGACAAGAAUAAGAUCUGGUAUGAGCACCGG
0	CACUUGAGUCCAGGAGUUCAAGACCAGCCUGAGCAAUGUAG
0	UCUGAGAUGCCAACUGACGUAGCUCAUGAGUAGCGUAUCCU
1	CCGACUGUGGGCUGAACCUGAAGAUGCGCGGGCACUUCUGG
0	GUCUUCAGAGCUUAUUGACAAGAUAUCAGAAAAAGGUGAGC
1	CUGUGGGGCUGGCGUGCAGAAAGAGCAUGAAGAGUACAUGA
0	CCCUCGUCCUGAGCCUGACCAAGAACCAGCUCCAUGAAAGU
0	AGAACUUAAAUUAAAAAAAAAAAAGAAAAUCAGUAUAUAGA
1	CAUCUGGGGAUGAGCUAGACAAGAUGGAGAGCUCACUGGUA
1	GAGAAGCCCUGACACACAGGAAGAUCAUCGCCAAGGGGGAG
0	CCCGCCACACGCCACCCGUCACCUGCCACCCGCCCCCCGCC
1	ACUUGUAGGACUUUGACUGUAAGAUGUGAAACCACGUUUCU
1	UGUAGGGGAACUGACCGAUGAAGAUGUGAAGAUGAUCACUA
0	UUCACGAUUAUCUGGUUCACAGUCUCCAGGGCACCUGAAUA
1	CAGAGACUGUAUGCUCCUUGAAGAUGGAAGCUGUGUUGUGU
1	GAGUUUGGACAGGAUUCUUAAAGAUCGGAGAAAGGUAUGUU
0	UGGCGGUGACACGGGUGGGCAGGUACAGGCCGUGCUUGGCC
0	GGUGUGUGCCACCAUGCACAACAAUUUUUUUUUUUUUUUUG
1	CAAAGUGUGUUCGUCCCUAAACCCAUCACUGCUCCCAUGGG
1	ACUGCGCACACAAACGGUCCAACUGGUAGCACAACAAUCGG
0	GUCCCAGUAAUGUCCUUUUCAGCUACUUUCCCCCAUUGGUU
1	GAGUUGAAGAGGCAGAGAAAAAGAUGGAAGAAGAAGGUGUG
1	UCUUCACACACGUGCUGAGAAAGUACGUCUUCUUUGAUCUG
0	AGAGAGCCAAAUCAUGAGUAAACUCCCAUUUACAACUGCUA
0	AGUAAGUGCCAUUAAGAUUUAUAUUCUAUCUUGGAAUAUUU
0	GCCCUUUCCCAUCUGUAAGGAUUAAGAGUCGUUACUUGGUU
1	CGAAUUGGUAGCUCUAUGAAAAGUGUAGGAGAGGUGAGUCC
0	AACUGAAUAAAAUGUUUGCAAGUGUUUUAAGGAAAAUGUAU
0	CAUUCUUAGCAUGUUUCUUCACCUAUCUCUAUAAACCCCUU
0	AAAGAAGUGGGGAGAUAAAAACUAGAAGAAGCAAGAGAGGU
0	GCCAUCCGGUCAGCACAAUGACCACAUCUCCCUUCUUGAAG
0	AGGCAGGAAAGACAAAUUUUAUUCUUCAUAAAGUGAUGAGC
1	UUGUAGAUUUCAUUCAAUCAAAGAUCAGCCAGCGUGAUGAA
0	AGCCUGAGAUCUCCUUGGUGACCCACUGUGUUCAGUUCAUU
1	GCCUGGGGAACAGGAGAGCAAAGAAGGGGAGCACUUAGAUU
0	CAUUAUUUAAGUAAUUACUAAAAUUAUUAAGUGAUUUGGGA
1	CCCAGGCCAAAGAGAACGAGAAGAAGCUGAAGAGCAUGGAG
1	AAGACUGGGAUGAGCGGGCCAAGAUCGAUGAUCCCACAGAC
0	UCUCCCGAUCUGAGGGUUGCACAGUUCUGUGGAAAAGCACU
0	AUCCUACCUAAACAGAUAGGAAUCCUCUCAUGUUACACACU
0	GCAGAGCUCUGAAGGGCGCGACAUUUUCCACGCUGUAUAAU
0	GCGAAACCCCAUCUAUACAAAACAUACAAAAAUUAACCAGG
1	UCAGCUCUAACUAGGCGAGGAAAAAUCUGCGAAGUCCUGCG
1	GACGGAGGACUAUUAGGUAUAUUAGAAGUAAUAAUUGAUUG
0	UUUUGGUUAAUCUUCCCUGUAUCAUUCCAAUUUUAGUGCAC
0	UUUGUCUUGUUAAUGUUCAGAUUAUAUAUAUAUUUCUCCCA
0	ACAACUAUGGCUUUCUGGGAAUGUACCACUAAGAACAGCUU
1	ACUCUGUGCAGCUAACCAGGAAGAAGGAAGAGGAAACAUUU
0	AUCUUGAAUGGUGGAGAUAGAUUCAAGCCAUUUUGAGCCCA
1	AUCAGGUCUCGUUCCCGCUCAAGAUCAAGACACAGGCAUAG
1	AAGCAUCUGGACGAUGAGGAAAGAAGGAAGCGAAAGGUAAA
1	GCAGAACAUGAACCACACAAAAGAUCCACCCUGAAAACCAG
0	UUUCAUUCUUUUCAUCGACAAAUAAUAUUCCAUUGAAUGAA
0	GCACUUGUAAAUAAUUCUCCAUGGCCAGCAUAAAGCGGGUU
0	UAAAGCAUGACUUCUGGCAUAAAACACAUGCUUAAGUAGAA
1	UACUAAAAAUGAGACUGAUGAAGAUGGAUGGACCACAGUAC
0	UAAUAAAAGCCUGGCCCUGUACUACUCAAUUUAAAAGCAGA
0	AUCCUCUAUAAGCGGCUGAAAGUGCCUCCUGCGAUUAACCA
1	GCGCGUCAAGAAGAUCUUGGAGCUGCUGGAGAAGCAGGCCU
0	GGUAUCCCCCAGCUUAGAGAAAGGGGCUAAGGCAGACACAG
1	GCUGGGCAGAGAAACUCUAAAAGGUAGUUGGGGCACACUUU
0	GGCUCAAUAUCCAGAAGGAAACAAGGCCUUAUAAGAGGUUC
1	GUUGUUACCGCCUCGUUUAGAUAUCCAAGUAAAUGGGCGAG
0	CCAGCUGGUAGUUGCCUGGGAGGACUCGGCUCAGUAGUGGC
0	UCUGGGGUCUCCAAUACUCCAGAAAGGCUUUCCUGACCCUA
1	GCUAUGACGUGGAGAAGAACAACAGCCGCAUCAAGCUGGGU
0	CUGUCCCCGGGAGGUGCUUCACUGCCCCUUUCUUUACUGUC
0	AAUAUGAAUGUAUACUUGUUAAUGUUCCUAUUGCAAAGGCU
0	GGGGCUUUUGCUUCUGGACAAGGCUAAGAUUUACUUGGAUA
1	AUUCAUUAUGAAUGAAUAUAAGGAUCGUAAGAUCACACGGA
1	CUCCGUGCAAUACGAAUAGGACAGGUGCAGACGACGGACAC
1	GAAGGAGAAGACCAAACACAAAGAUGGAAGCUCAGAAAAGC
0	CUUUUUCUCUAUUGAUUUGCAUAUUCUGAAUAUUUUAAACA
0	CUGAGAUCAAUUCAAAAUUAAGGGCAUUUAGGACAAAAUGG
1	AGAACUCUUUAGCCGAAUCCAGGAUCGAGGAGACCAGGCAU
0	AGCUAAAGACAACUGAAUAAAAUGUUUGCAAGUGUUUUAAG
0	GCGGAGCCUGGAUGGAGCUCAUCGGGCAGAGCCGAGCGGAG
1	UGGGCUGCAUCCGCGUUGACAAGAUCACAGAGUACCUGUGC
1	CGGGACUGGAAUGUAAAGUGAAGUUCGGAGCUCUGAGCACG
0	UUCUUUAUGACUUCCUUAUGACCAUUAUGGAUUUUCCUUUG
0	ACACAUCCCCCAUAUAGAAUAUAGAUCUUAAACAAGUUAGA
1	GCGCUAGCAGGGCUGAAGAGAAGAUGGAGGAGCUGGUGGUG
0	UGGACUUAGCCUUGUUCAGUAUUAUAUUCCUUAACUAGCUU
1	AGGAAACAGCCAUUGGUAAGAAGAUCGGUGAGGAGGAGAUC
1	UUUGGAACUUAUCAUGAGCAAAUAUCGGAAACAGAUGUUAC
1	GAAACAACACCGGGCUCUGGAAGAAACGGAGGAGGACAACG
0	CAGUGGAAUCCAUUUUGUUAACACCGACAAUUAGUUGUUUC
0	CAACCCACACGCACAGACCGACCCGGGGAACCGCGGGAGCC
0	AAUAGAAAAAGAAAAUCGCCACCAAAUAAAACCUAUAAAAA
0	CUAAGAGCACUGAUAGCCUAAUAUUCUAUAAUUAUAUCAUU
1	GCCUGGACCCUUGCUGCCGGAAGAUCUUGCAAGAUGGAGGG
0	CAUGGGGCGGCAGUCAUGUUACACUCCUGCAGGGCACAAGA
1	AUCCGAAGACUCAGAAUAGAAGAAAAAAACAGGCAGAUUGU
1	AAGAACGUCAAACAUCUGGCAAGGUCGGAAUGAUUUUGCGA
0	AGCGCUGAACACUGCACGAAAGCUGAGUUCUCCUCUCCUGA
1	CAAAAGUGCCCUCCCAAUAUAGUUCAACAAAGAGCCCAAAA
1	CACGGUGCUGUAUGACGUGCAAGAGCUGCGAAGGGCCAUGA
0	GUCAGAGCAGUUCUUCUCUUACCUGUUUUAUAAAUUAGGUA
0	UGCUUCUUUAUUUUCUUAUGAAUUUUAGUAUCAACUUGUAA
1	AACAGACUGGGGCAGUGGAAAAGGUGGAAGAGCAGUGCCAU
0	ACAAUUUAAAUCUACUAAAAAAUAUUUCAAAAAGUUGCUCA
1	UCAUGUAGUUUUAUUCUGACAAGAUUGGGAGCACUUUGUAC
1	UUGGACGUAUUGGAACCCCAACUGCAUCUAGGCCGCCGAGG
0	CCACAGCUGCCCCUUUCCCCAGGUGCUCUGUCCCAGGGAGA
0	CAGAGGCAAACGUUGCCUCUAUAGUACGGAGGCUUGCAUUU
0	AACAAACAAACAAACAAACAAACAAUCAAUCAGAGGCGCUG
0	AAAAAUAAAAACUAAAAACCAACCAACUUUUUAAACAUUAU
1	AGAUCGAUCAUUAGUUAGUAACAUUAUCGGCUUUAAUUUGG
1	UUUUGGCUUUGUGCUAUUUAAAGAAUCGGAGAGUGUAGAUA
0	AGAGAGUAAUGAGUAGAACAAUCUGUGUUUUCUGGAACACU
1	GGGAUAAGAACCGUGAUGGGAAGAUGGACAAGGAAGAGACC
0	UCUCAGAAAAAAGAAAAAAAAAGAAAUAGGUUGUUUAAAAC
0	AGAAGACAUGUAUUUGGUUGAUUCUAGGUGUUGAUAGACAA
1	UCUUGGAGCCUUCUGGAUCUACAAAGCACAGUCCCACUAAC
0	UCGGCUCCUGAGGCUUCUGCAUUCUUCACGUAGUUCUCGAG
1	CUUCUACACGGACAGGCUGGAAGACAGGAAGGAGCCAGGCC
0	UGGGGAAUGGUGAAUGUCAGAAGCUUGAGUAGCAAGUGCAC
0	UUUGAGGUAAGGUUUAUUUUACAUUAUAGAAGAGUAGAUAC
0	UUCUUUAUCUAGAUCUUUAAAAGUGAGUAGAUGUUAGUAGU
1	AGUUGAAGAACUGAAGAAGAAAGAUCAGGUGAAUAGAAGUU
1	UGGUCGCAAUGUCCUUGUGAAAGAUCUGAAGACUCACCCUG
1	GGCAGGCUCUUCCUCUACCUACUGGCGUCUUAAGUCCUGGA
1	CAGAUCAGUUGGCAGGCAGGAAGAUAGGAGGACACAGAGCA
0	GUGCUGGGAUUACAGGCAUGAGCCAUCGCGCCCAGCUACCA
1	CGGUACAUUGAACUACUUACAAGAUCUGGAGACUAUUACAG
0	AAUUCCUCCAGAGUACUGUUAAAAAAGUUUCUACUCUAAGU
0	ACAAUAAUAAUAAUAAAGUGAAUAUACCUGGAAAUAACUGU
1	CCUGUAACUUCUGAGGUGAAAAGAUCAAAAAUGGCUACUUC
1	AUUUAGCGUGUUGUAUGGAUAAGUUUGAUGCAAAUAUCAUA
1	CUUCUCCCUGGAAAGCAAUAAAGAUGAGAAGACACCACCCU
0	UGGGGUACUUCAGGGUGAGGAUGCCUCUCUUGCUCUGGGCC
1	CAUGUGUUGCUACCAUGGUAAUCCUGCUCAGUACGAGAGGA
0	GGUUGUAAGCUGCUCUCUUCAAACCCAAUUUUCAGGCCCUA
1	UCAUUGAGCUGAGGAAGAAGAAGAUUGAGGAGGCGAUGGAC
0	CCUCUCUCUGAGGCUGACCCACAUAUUGAGCGCAAACAAGC
1	AUUUUGCCCAGCCCGUCAUGAAGGUGCGCCCGGGGUGUGGG
0	GCACACACACACGCGCGUGCACAAUGACAACAACAAAACCA
1	UGAAACUGAAGGACAACGAGAAGAACCGGAAGCUCUUUGAC
0	UUGAGACUUAUUUUUGGUCCACCUAAGUUAUACCAUUUACC
0	AGCACUGAACCUUAAUUCGAAAAUUGUUAAAGCAACCAAAU
0	AAUUUUCCCUAAAGGAACACAAUAAACUGCACAGUAGUUGC
0	UUUGUCAAAGACCUAAAAGUAGAGCUAUCAUUUGACCCAGC
0	UAAGUGAAAAAUAAAAGUUAACUUUUUUUUUUCCCUGAGAC
0	AAAGGAGGAAAAAGUAAAGAAUAAGCCAGGGGAAAUCAGAC
1	UCGUUGGAGUUCCUGGCUGCAAGGCGGGAGAGCAGACAUCU
0	UAAGCGAUAUUUGCAAUUGUAAAAUUCCAUGCUUAGAGAGG
1	GGUACACGAGCACAAAUUUCAAUGGAAGGCUACAUCACAGA
1	AAUGCUGUAGAACCCUAAAUAAGUGGUAGAAGAGUGUCACU
0	GGUUAAAGGAAUUGCUAACUAGAAUAACCAGUUUAGAGAGG
0	GAGAGAGAGAGGACAGUAACAAUGCUGGCAUGGGGAGAUGU
0	UAGAGUGAGCAAAAGUAAUGACUAUAACAAUGUCUCCCCUG
1	GACCCUGGCUGUAGAGUAGGAAGAUCGGACUUGGUCGGCUU
0	AAAGCCCUAGAAGAUAACCUAGGCAAUACCAUUCAGGACAU
1	GGCGCUAGCAAACUUCUGCCAAGAUCGGAACUGAGUACUAA
1	CUCCAUGAGCUUGGCAAAGAAAGAUGAGAAGACAGACACCC
0	AGGAGGAAGAUCUGUAACCCAAGAGAAGUUGCUAUGUGGUG
0	AGCGCCCGUCUCACUGAAGAAGGUGUUGAAGGAGUCAUCUC
1	AACUGAAGACUGGCUGUAUGAAGAAGGAGAGGACCAAGCUA
0	GAAAGGGAAUACAGUUUGAGAAAUAUGGUAGUAAUGCCAAU
0	ACUGUCAUUUGCUGAAAGUAAUCUUUGGAAACAUAUUCUCA
1	UGAUGGAUGUUGAUCAUCAGAUUGCCAAGCUGAUGGUGGAA
0	AGAGGAUAAAUCUCCGCAACAUUGUUCUGAGUAAUGAUGUU
1	UACACCGAUAUCAUUGGGCGAGCACACGCCAUGGCGGAGAG
0	UUGCUGGAGGUCCACUCCAGACCCUGUUUCCCGAGGUAUGA
1	CAAGAGACUUGCACACUGUGAAGAGCUGAGAGCACAGGUGA
0	CUGAAAAGGAGUCGGCACUGAGGUCACAGAGUGAGUGCUGC
0	CAAGUACUUCAUUCGAGAUGAGUUUCUGGUGAGUCGAGCCU
1	UAACCGCAAAUCUGAAACUUAAGUAUUAGAGGAACUUUAGU
0	GUGCCUGCUGUGAGAGGAACAUCAUCCCGACUGAGGGGAGG
0	UGGAGAUAUACAAACAGUAGAGGAAAUAAAGUAUGUGUGUA
0	UGUCCCUCUUCCGUGUCAUCACAGCCUGCAAUUGUGUGUUU
1	UGAGGACGAUGAGGAUGACGAAGAUGAUGAGGAUGACGAUG
0	ACAUUAAAUUAUACACUUCAACCACAGGAAUUUUGUGUUAU
0	GGUUUAUGAAUUGAAGAAAUAGGAUUAUAACAUCUUCUGGU
0	CUUUUUAAAAAAUCUUUUAAAGUGCAGGGACCAAAUUUCUG
1	CAAAAAACGGGACCGAGAAGAAGAUGAAGAAGAUGCAUACG
0	AAUACGUAGAUUUAUUUCAGAGAACAUUUUCCGAAUCCUGU
0	GGCUAAUUUUUUGUAUUUUUAGUAGACAGGUGGCCUCACCG
1	AGACGAAAACGGAAUCUGCCAAGACGGAAGGUCCUAGCCCA
1	ACGGCUCCGUGGUGCAGUUCAAGAUCAAGAGGCACACGCCG
1	CAGAGGUAGAAAUGGUACAAAAGAUGAAGAGCACAGAAGCU
1	AGAGCCCUGUAGCAACUUGGAAGACACAGAAGACACACGGA
0	GGCAAAAUCUCUAAAUUUUGAUGAAGUUCAAUUUAUCGAUU
1	GGACUAUGGCUCCGGCGAGGAUGAUGGGAAGAGCGACAAGC
0	AGGACUGCUCACCACUGCCAAUUUUUCUCCUACGCUGGGGA
1	ACAAUAAAAACUCUGUCCUCAAGUUUGAACAGGCACAGAUG
1	CUCUCUGAAAGCCUUAAAUUAAGGUACAGAUAUUAUGAAAU
1	AAGAGAUUUGAAACCACAUGAAGAUCAACAAGAUAUAAAUA
1	AUAUCGCGCUUCGGAUGAACAGCUAGAAAAAUGAUCGAGGC
0	AUGGUGCCUGGGAAGAAAGAAAAAGCAGGUGAGGAUAGUGC
0	CUAAAAUGCUCCAAAAAUCAAACUUUUUGAACACCAACACA
1	GAGCGAGCCUUGAAAGAGAUAAAAGCGGAAGUUUGCCACAC
0	UUAGACUCCCACACAAUGAUAGUGGGAGACUUUAACGCUUC
1	GUUCAGCUGUUGAUGCUGAGAUCCAUAUUUAGUUUUAUAAG
1	CAUGAUGAGAUGGUCCGAUAAUGUGUUGUUGCCAUGGUAAU
0	AUCUGUAACUUCCUUGAAUCAAGAAGAAAACAAAGAGUUUU
0	ACCUCUACCAAAUGUUUUUGAAUAAUUGAAUACGGAUAUAA
0	UUUCAUUAUAUCCAACAUAUAUUGCUUUAAAUAAUAUAUGU
0	AGUGGGAGUUGGUCCCCCGCACCUCCACAGCUUGUGUGGCU
0	AAAGAGGAUUGCCUGAGCUCAGGAGUUCAAGGUUUCAGUAA
0	AUAAGAAAAAUGUGCAGUAGACGCUGUUUGUCCGACGAUGA
1	AAUUCGAAUGCCCACCAAAGAAGAUGAGGUGAUUCCCUGGG
1	UACAUCUUUUGAAACUCUACAAGAUCGGUAUUCCCCCUUCU
1	ACAGAUAGCUGGCGUGGAUAAAGAUGGAAGGGUGAGUGGCA
0	GCCAGGGUGGUCUCGAUCUCAUGACCUUGCGAUCUGCCUGC
0	GCAACUUGAGUUUAAGUUGCACUGCUCCAUACCUCUAAUAA
0	UCUUCAGAAAAUAAGGAGUGAAAUAGGUCAUUUUAUGUCCA
0	CAGUAAAAAUUUUAACUUAUAAUAAAGCCAAUUAUAAUGUA
1	CUGAGCCAGAAUCUGAAACAAAGACUGAAGAGCUGAAACCA
1	UUUGUGAAUAUUGUUUAUUAAACAAUUACUCCGCCAAAGGC
0	CAAUGCUGCAGUUCCUGAUGAGAUCCCCCCUCUCGAGGGCG
0	GGAUUCCCUUCCUUUUUAAGAUUGCACAAUAGUCCAUUGUA
0	UUUUGCUUGCUUAUAGUAAUAUGGCUCCCUUGAAAAAGUGU
0	GGUAUGAGAAGAUUGACUCCAGUUUUGAAAGAACUUCUAAU
0	GGGAUGCGGGAAUACAGGUGACCGUGGCCAGCCAGCACCUG
1	UACUGGGAGCUCUGGGUGCCAAGAUUGUGAACAGCCGAGAU
1	GAGAAGACGGAGAUAAGGUAAGGCAAAUCCAGAGUGACCCA
1	GGCUCAGAACCUGACGGGGCAAGACGGAAGAGGUUAACAGU
1	GCCCAGUGCUCUGAAUGUCAAAGUGAAGAAAUUCAAUGAAG
1	CAGGUAGGACCCCUGCAACUACCUCUGGCAUCAGUUCUAUU
0	AAGUGCAAAGAACACGGCUAAGUGUGCUGGGGUCUUGGGAU
0	AACAUCCCCCACCAUAAAAAAAAAAUUGUUACAAAUGAUGA
1	AACGUGAAAGUGAACCUGAAAAGAAAGGAAGAAAUAAAAAA
0	UGUGUUGUCUCAGCUGGAAGAAUUAGCACCAGUUUAAGUUA
1	CGGGCCUGCUGUGUGUGGACAAGAUCGAGAAGAGUCAGGAG
1	AGCAUUAGCAGAAAGCAGCGAAGAACAGGAAGAUGCACUGA
1	UACAUCACCGCCCCGACCUUAGCUCUCACCAUCGCUCUUCU
0	AGAGUCACUUGGUUAGAUUCAACACACACACAGAGGCAUGC
0	CACACAGCUAAGUCAAGGAAAGGAGGAAACCAUGCAAGUGU
0	UUAUUGUAGCACCAUUUACAAUAGCCAAGAUAUAGAAUCAA
0	GCCUGGAGAGAGAAAGACACACGUUCCAUAAUAUUUAGAGU
1	CGUUGAGGCUUCCAGUCAGAAAGGUCGAAGAGGCUUGGGUC
0	GCGUGAGCCACUGCACCCAGACCCAAAUCCUUGACUUUAGA
1	AGAGUUUGAAUGUGGAGUGUAAGAGAAGGAAGAGUUAAUGA
0	UGGGACCACAGGUGUGUGCCACCACACCUGGCUAAUUUUUA
0	ACUAUAUAUAAAUCUGAAACAACCUAUUUAGUUUGAAUAUA
0	AAAUAAAAAGAAUGAAUUCCAUGUAGAAUCAAAAUAUAGUA
0	AGUUGACCCUUGAACAAUGCAGGGUUUAGGGAUGCUGGCUC
0	UGCAACUACACAUCCUCCUUAUAGUUCUUGCUUUCCUUUCA
1	CUACUUGGAUAACUGUGGUAAUUCUAGAGCUAAUACAUGCC
0	UAAAGAAAAUAGAUAGCUAAAUAUUGCAGUGUGAAGAAAAA
0	GAAACACCAUGUAUUUCACAAUGAAAUGAGCCUUAUAAGUA
1	UCGUUUGGAGCAGAUUCGCAAAGAACAAGAAGAGGAACGUG
1	GGGCAAUGUGACUGCUGACAAAGAUGGUGUGGCCGAUGUGU
0	GUAGGUCUAGUUUCACGUAAAGCAAAUAUGUGGUUCUGUAC
0	AUUCACAUAGGCAUCCCCCCACCCCACCCCACCCUCCACCC
0	UGAGACUCCAUCUCACAUUAAAAAAAAAAAAAAAAGAAAAA
0	UUAUCAAUUCAAAUCAUCUGACAGUAACGUGAUCGAUAUAU
0	UGGUCUGGAGCAUUUUGGAUAAAGGAUAGUCAACCUGGCUG
1	ACGGGUAAACGGCGGGAGUAACUAUGACUCUCUUAAGGUAG
0	CGUAAGCCACCCACCCACCUACCAGGAUUUUCCCGGGCAGA
1	AUCAUCGGUCUGUGGCCGGAAAGAUCCAGAAGCUCUCCAAA
0	ACAUACAAAUGUCAGAAAUGAAACACACACAUAGGAAAAAU
1	CCCGACUAGGGGCAGGAAACAAGAUCGGAGGCCGUAGUUUA
1	AGCGAAACUGCGGAAGCUGAAAGAAAAAGAAGAGUUAGAAA
0	AUUUUAUCGGUUUUUAAAAUAUUUUCCAGUCUCAGGGCAAG
1	ACAAGUUUGUGGAGGAUACAAAGAAGGGAGUGCACCAGAAG
0	GGCACCUCUGGCCUCCCGUGACCCCCAGGCCGAGGGUCCCC
0	AGUCUAGGGACCUUGCUGGGAGUUGAGGGGAAAUUAAUGAG
0	UCCACAGGACAAGACAUAAAAUACCACGACUCUGAUUCUCA
1	GUGGAGGAAGAGCCACCUGCAAGAUGGACACGAGCCACAAG
0	ACCUGCCCAGGUGUGUGAUGAAGUCAAAGCACACCUGCUGG
0	CCCAGUGCUCAUCUGAUUGCACCUGGAUGAGAGACUCAAAG
0	CAGUUCCCGCACUAUGCUGUACCCUUUGUCACAUCCACCCC
1	AAAAGUUUCAGCCAAUGAACAAGAUCGAGAGGAGCAUACUG
1	AACUGGCAGAGAACAAGAAGAAGAUCGAUGCUCUCCUGGAU
0	AACCCCAUCUCUGGUAAACAAAAAUACAAAAUUAGCCGGGU
1	CUCCUCGCGAAGUGAACCUGAAGGGCGGAAAGGCACUAUUU
1	AAGGCUGUCAGAGAAGAAGAAGGAUCGGAUUGAUGCCUUCC
0	ACUUAUGUCUACUCUUUACCAAUGAUCUUUCUCAAAAUCAU
0	CCUCUUGGAUCUCCUUCUGAACCCAGGUCUCCAACUGAUGG
1	UAAUUCUAGGGUCUUCCCGGACCUCCAGGAACCAUGGGUCC
1	AGCGUGGAAACACAGAGAGCAAGACGGAUGGAGAUGACACC
1	CCUAGGGUUCAUGUAGAGUUAAGACCUGGAAGAGACUUUGG
0	GUCUUCUCUCUACAGUAGGGAGUUACAAGCCUGAAAACUGC
1	UCCGUGUGCCACCUCCAUCCACUUCAGCAUGAAAUAGUUUC
1	GACUGCUUUGGCAGAUCAUUAAGAUCGGUUUGUUCGCUGAC
0	UCAUGUUCUCCUAAGAUGGAAGAGACUUAUUUCCCAAUGCU
1	CCGUCUGUUUUGUUCUGGGUAAGGAAGGCAAGAGCUAUAGA
1	GAUUGGUCAUGGAGAAUUGAAAGGUAAAAUUGUGCUUUUAU
1	UGAGCAGGCUCUGGGCAGGAAAGAUGGAAGGAAUGCGCCUC
1	CGUGCUCAAAUCACUGCUGGAAUAUUGGAAGAGCCAACAGA
0	GAGCACCAGGUGCAGGGUAGACUCUUUCUGGAUGUUGUAGU
0	CCUAUGCUAGGACUCCCGGGACUCUCGUAAGAAAUUUUGUG
1	GUAGCCCGCGUGGCCACUGGAAGUUUGAACGGUCGUGUGCC
0	UAAUACCUCUAACUUUAUAAAGUGGCAUUCGGAAGCAACUU
0	UGAUCUGAGAAUACAACAAAACUAACUUCUCUACACGGUAU
0	GAAAUCCCCAACAUGGUUUUAUGCUUUCUGGAAUACAUGUG
1	GCUGUGCCGUGGCCCACCGCAAGAUCGGAGAGCGCCUGGCC
0	UGCUUUAUCCUUCGUCUUCAACUUUAGGCAGACCAUCUCAA
0	UGAAUGUAUAACCAACUGAAACAAACAGUCCCAAUACUAAA
1	UGACAAUGUGAAUGCCCUGAAAGAUCGAGCAGAGGCCUAUU
1	UUGACUUUCAUUAAAAUCUAAUUUGGUAGUUCAGCGAUGAG
1	AAACGGAAGCAGGAUGAAUAAAGAAAGGGAGAGCACAUGAA
1	CGGAAAUGGAGCUCAGAGCUAAGGUUAGUAAGGAUCCUAGG
0	UUGGUGUUCCUCCCAGUACCACUUGUCACUUUUCUCCUGAA
1	GGAUCCCAUUGAGAAUGAAGAAGACCGGAAGAAGGUGAGGC
1	AAAUAAAAGAACUCAAUGAGAAGAUCACCCGACUGACUUAU
0	UGCAAACAAGGCGGAGGUGAAUUACCGCCCCUCGUGGCCGC
1	AAAUGUGGAUUGAAACGAAAAAGUGAGGAAGUUGACAGCAA
1	GUCGCCGAAGUGUGAGAGGCACGAUGGGCAACGGAUUAAUC
0	UUCUUGUGAUUGGUCAAGCAAGGCCCUCUUGUUUGUAUUUG
1	GAAGUCCCCCUUCAUCAUCUAACUGGUCCAUGGGCUCCAUA
0	CAAUCUGGGGAAAAGCAGGGAAGGGAGUUUCAGGAUAACAG
1	UGAGCCACAGGAAGCUGAGAAAGAUGCGGAAGAUUCGCUCC
0	CUGCUGGCCACGUGCUGGCCAUUUUUCUUCACAUGCACCAG
1	AGGCAAUCCCCAGGGCAAAGAAGAUCAGGAAGGAAGCGGAG
0	CCCCAUUAAUGACCCCAGUCACCCCGCCCCCUCCUUACACU
0	UUGAGGCUGCAGUGAGCUAUAAUCACACCAUUGCACUCCAA
1	UACGCGUGCUUCUGGUGUAGAGUUGCUUGCAGUCGGUAGUC
0	GAGAAUCCCUUGAACCUGGGAGGUGGAGGUUGCAGUGAGCU
1	CUGUGUGAAAGCUCUUAGCAAAAAUCGAGAAGGAGGCUCAG
0	AAUAAUAAGCAAACAAACAAAUGAUAAACAUCACAGACUUU
0	GUCCAGUAAGUAAAACUCAAAAAUUAGUUCUUUAAGUAGAA
0	GGGCUGCUUGGUGGAGAGCAACAGAAGGCUUUGAAGGGGAA
0	CUUCAUUAUUUCUUUUCAAAAUUUCUUAGUUUUAUGUAUUU
0	GUAAGCUCCUUUAUGAUAGGAUGUGGGUGUUUUCAAGGGAA
1	CCAGUGCGGUAACGCGACCGAUCCCGGAGAAGCCGGCGGGA
1	CCGAAUUGCUCGACUACGUAAAGAACUACAUCUGGCCGGUC
1	GAUCCACAUCCUGAAGAAUAAAGGCCGGAAGAGAAAGGUGA
1	CGGCUGUGGACUCCAAACAGAAGAUCAUUGAUGCCCAGGUG
0	CGGGGUCCCCCAGCUUCCGGACUGGCCGCACCCCGGAGGAG
0	GGUGGGGAAGGAACACAGGAAAUGAGAGGCCAAAGGGCCCC
0	AGAAAAUGAGGGCUCAGAGAAGUUCAGAAACUGCCCAAGGU
0	AGGGCUGGAGAGAAGCUGGGAUCUGAGACCUUGGUCUCCAG
0	CCACACACCUGGCACCAAGUAGGGACCCAUGGGAGAGGAGU
1	CAGGAAAUUGGCUGACAGCAAAGAGCGGAAGGAAGAAGAGG
0	UUAAAAACCCCAAAAGAAUGACUCAUUCCACUCUUUAUUAA
1	UGGACUGGGGUCUCUUCGAUAAGAAUGCUGGAGAGAACACU
0	AGGUCAUUGGCUCAGAGCUGAAGCACUGGGCCACAUUUGCU
0	AGUUCUGUUUGUUACCUGGAAUUAGGCAAGCAUGUGUGUGU
1	AAGAGAUUGUGGAAAUGUACAAGGGCAAGAAGAGGCACGAG
1	GAGUACUGCAUCUGCGUCUAAACGGCUCCAACGACUCCAAA
0	GGACAGUGCCUAGCACAAAAAUAAUAGAUAGUGGUGGUGGG
1	UUGAACAGAGUGGACUUGUCAAUAUCAGAGCAGAGCACCAA
0	AGCGGGAGGGCGGAGGAAGGAGAGAGAAGGAGGGCCCACAG
1	CAUGUAAUAAAGGAUUCACCAUGAUUGGAGAGCACUCUAUU
0	CAUAGUGACAAGUUUGGAAGAAGGUCCAGCUAUGGAGGAAG
1	UGAUAAGCUACAUGAUGGCUAUAGUAAAAUCGAAUGAGAGA
0	UUUGUUUUUAAAGCAUAUAUACUUGUAUACUGUCUAGCUAA
0	CUGAAAGGAAAUAGACAUGAAUGAAUGAAUUAAUUUUUUUG
0	CUAUGAACCCUGUUGUUAAUACCUCUGUGUUUCCACCAGUU
1	ACUCCAAAGACUGCAGCUUGAAGAUAAAAGAGAGCACUGCG
1	AUGACCUACGGACGCGCAUCAAGAGCGGGGAGACGGUCAUC
0	UUUUAUUUAGAAGCGGCAUAAUGUUUUUGUGACCAGAACUA
0	ACUUGUCCUAUUUGUGUCAAAAUGCCCUGAAGAACUGGCAU
1	ACUCUGUAGGCUGAUUAAUGAAGAUGUGAAUGAGCAGGUUA
1	GCAAGCCCGUGGACUUCAAGAAGAUAAAGGUAACCCUGACG
0	AUUUAAUAAUAUUUGACUCCAGUUGUAGCUAUGUGACUGUA
1	GAACUCGUGGGGCACUGGCGAAGAUGUGAAGGUUAUAUUGA
0	UAACUGCGAAGGAAGAAACUAGUUAGGGAUGACAAGAACCC
0	UGAGUUUUGAGCAUUUACUAACUCGGGCGAAAAAAGAUGCU
1	AAAUUAGGCCAUUAUGAGACAGGUUAGUUUUACCCUACUGA
0	AACUCUUUGGUUUUAAAGAUAAAAAAACAUGUUUCAUCUGG
1	UGUACCAUAGCUUCCAGUGUAAUAAGUAGUCAACGUUCGAG
0	GCUUGUAAACCCCAUGGCUCACAGCGGGUGUUUGGUAAGAA
0	GGUUUGAGACCAACCUGGACAACAUAGUUAGAACCCAUCUC
0	UAGCAGCCUCAAAUGGACUAAGACAUCUCAUCAGAAGAGGA
0	UCUGCCUUCUGCUUAGAAGGAUGUGUUACCUGAAAGACAAU
1	UCAAGGCUGAGUCUGAGCACAAGAGGAAGAAGCUCGACGCG
0	GUUCCUCCAAGGGGGUGUACAAGGAACAAGUGUUGGUUGUU
1	GGAUUAGAGUAAUGACACUAAAGAUGGAGAGAAAUAGUAAG
1	CAUGACCUCUGUGCUGAAGCAGGAUCGGGAGCGGCUCCGAG
1	CUGAGAUGGAGAUGAUGAAGAUGAUCGGGAAACACAAAAAC
1	AAGGGCCCAGCACAAUUCAGAAGAUCAAAGAGGCCCUGGGC
1	GAGGACUUGGCAUAAAAUGAAAGAUUGGCAAAGGCCCUUGA
1	UUGUAGGACUUCUCUACACAAAGGGUGGAAGAGCCACUAAG
0	CCCAUAAUCCCAGCAUGAUGAUUGGAAAGAAAGAUUUUGGC
0	GAAGUCAGCUCUGCUUCUUGACUUGACUAUACACUUGUCAG
1	GUGGCAGCCUGGACCCAAGUAAGAAGGAAGAGAUUUCAUAG
1	AUCUAUGACAUCUGUCGUAGAAACCUCGAUAUCGAGCGCCC
0	CCCCAUCCCAGGUGGAUUGAAUCAGAAGCUCUGGGAGCAAA
0	CACCAGGGAUGUGGGUGCACAGCUGCUUGGGUGUGGGUGAU
1	CAGGAGCCGAUGCAGUGCCUACAAGGCGAGAGAUUAUGACA
0	ACAGGAUUCCUGCUGAAGAUAGGCCAGGGUGAUCAGUCAUU
1	UAUCAUGGACUACUGCAAAAAAGAAUGGAGAGGAAAUACAC
1	UAGACUGAAAAAUCAAAUUCAAGACCAAGAGCAGCUUGUCU
0	GUUUACUGUCAGUUUUCCCCACUAGAAUGUAAGAUCCAUCA
0	AGUGGGUUAAAUUGUGUUACAGGAGACAUAGAGUAAAAACC
0	GAAAAUGUCAUACCUGAUGGAACCAAUCUGUGAGCCUGAUG
1	UCCAAGUCGAGAACACUUGAACACACAGAAGGGAGACCCCG
1	ACGAUCGAAGGCGCAGGGACAAGUUCAGAAGAGAGCGCAGC
1	CAAAAAGUACAAGGAGCGCAAAGAGAGAAGGGCACAGCAGG
0	GGCUGGGAGCAGUGGCUCACACCUGUAAUCCCAGCACUUUG
1	CCCACGUCUGCAAUGACCUUAAGAUCGGCUACGAGUGCCUG
1	CCCGAGGAUUGGGAUGAAAGACCAAAAAUCCCAGAUCCAGA
1	GACACGUGCCCAGAAAGUAGAAGUGAAGGAGGAGCUGUUAG
1	GCUAGAGGCAUGGAAGAAUGAAGUGAAGGAGAAAGGCCACG
0	CCCAGACUGCCAAAAGAACUACUCAAUUUAGAAGAAUCUGG
0	CUCUAGAUGGAUAUUUUUUGAGACAAGGUCUUGCUCUGUCG
1	UGGCUGAACAACUGCUAGAAAAGAUCCAGAAGGAGCCCACA
0	AAUUAGCAAUUUGCUUAAAUAUACCAUAAUUAUGAACAUUU
1	AACGGACAGAUACGGGGCAGACAGAUUUUAGAAUAGACUCG
0	UCUGAAGAAGGUCAUCUCACACCAUAAAAGAGCAGUAUUCU
1	ACCUGCAGAAUGUGGACAUGAAGAUUGGGGUGUAACACCUA
0	UUAUGGUAACAAAAGCAAAUAUUACCCCCAAUCUGCUAAGG
1	AGGUGGCAUUGAAGAGCACUAAGAUCGGAAGAUGAGUGAGC
1	AAGAGGGUUGGAGACUGUUCAAGAUCGACAAGGAGUACUUG
0	AUUGAAAUAUAAUUGUAUAUAUGUAGUACAUAGUGGUGUUU
0	UCUUCAUUCAGGUUUCCUACAAAACUUCCAUAUAAUUCUGC
1	UGGCAUGGACAAGAUCUAUGAAGGCCAAGUGGAGGUGACUG
0	UCUAGAUUUUAUGUGAAGAUAUUCCCUUUUCCACCAUAGGC
0	CCGGGCUCCGCCUCGGUGGCAGAGCUCCUGAGGCCUUCACA
1	GGAGAUCAUUGUAGACCAUCAAGAAGAGGAAGAUAUGAGAA
0	GUAGUGGCUCAGUAAUGACCAAGCCAUGUUUGGUGUUGACU
0	GGAGCUCGUUGUUGAGGAUGAUGCCUGUCCGUGGUGAAUAC
0	GCGAUGAGAGGAUAUCACUUAAUUGAGUAGGGAAUGCAGUG
1	GACAAAGAUAUUGUUGCACUAAUGGUCAGAAGAGCAUAUGA
1	GCGCAAGCGGAACGACUCCGAAGAGGAAGAGCGGGAACGCG
1	GGAAGAAAUAAAGAGCAGCAAAGUAAGUUUCUUUGUGACAA
1	UCUCCGUAGAGACUGUCAAAAAUUGCCAGUGCCGACUAUAU
0	UGGGGUAUGCCGGCUCCAGGAAUGUGAUGCUCAUCUGGUUG
1	UAUUUGAAUUCAGAACUUAGAAAAUUGGAAGGGACCUUAAA
1	CAUUCCAGAGAAAGAGGUAGAAGGUCAAGGAGCACAUCAAA
0	GCCUUGAAGCCACCAACUCAAAAGGUAAAUAUCAAGGAAGA
0	AUGCUUAGUAUACUACUAUUACUGUAUAAUAGAAAUAAUCA
1	AAUGCGGAUAUGGGACUGAGACCAGCUCCUAGGAAAAUGUC
1	CAAGAACUCUUUGACAUCUAAAGAUCCAGAUAUCAAGGCAC
1	GUACGCGCCUCAUUAAACCAAAGGUCAUGGAGGGCACAGUG
1	GCGAGAAUCUGUUAGUAAAGAAGAUCUGGCAAGAGCUACUU
1	GGAUCGCCCGGAGGCUGGACAAGAUGGUGACCAAGAAGAGC
0	CAUUUACAGAGCCCUCGUAGAUGCCAUCCCCGUCUCUCUGU
1	AGAAAAAGUAGACACAGAAGAAGACGGAAAGGCAGAGGUUG
0	CCUUUGGCAGAAUCAAUCUGAGAAACAAUGAUGAAGUAGAG
1	AACUUUGAAGGCCGAAGUGGAGAAGGGUUCCAUGUGAACAG
1	UUCUAAGGCGCGUCGGGGCUACAUUGUGGUAAAAAUUGGUG
0	GUGAAACCCCGUCUCUACUAAAAAAAAAUACAAAAAAUUAG
0	GGAAAUACUGAAUAAAAUUGAGAGAUUUACUAAGUUAAGAC
0	UUCUAAUCUGGAUGCCUCUUAUUUGUUUUUUAAUUUUUUCU
0	CCAGUACAACUAAAUGUGAUAUAUCUUUCCUCCAAAUUACA
0	AAAUACUUUUUCAAAAUGGAAAAAUUUAAAAGCUGUCUGGA
1	AGAGCUUGAGCUCACACUCAAAGAUCAGAGGACCUACAGAG
1	UCGGAAGGACCGCUGCGAACAAGAUCAAGGAACAGUGAGUG
1	GAUCGAGUUAUCGUAGGCUAAGCUGGUGCAUCGCCGAUGGC
0	ACAAAAGCCAAAAUUGACAAAUAGGAUCUAAUUAAACUAAA
0	UGGCAUGGAGCCCAGCCUGCAGGAGGUGCUCCUCUGGGCCG
0	ACUGCCCAGUUGCCCUCCAAAAAGGUCAUGCAGUGUACACU
0	GCAUAAGUAUGAUGUACAUGACUUGGUAAAUCCCCACAUCC
1	AGCUAACCGAAAGAGAGUCGACUGCGAACGAGAAUCUCGUG
1	CUUCAGCUGACAAAUACGUGAAGAUCUGGGACAUCUUAGGA
0	UAAUUCGCCGCCGCCAAGACACGUGAGCCCUACCACCUGCA
1	AAGGACUUCGGGUGUUUGACAAGGAAGGAAAUGGCACCGUC
0	ACUGUCAAUGAUGAUAAAUUAUUUGGCUCUAUAAAUCUCUU
1	UAGGUCAGAUGGGACAGAACAAGAUCAAUGCCACACGUGCU
0	GUGGAGGUGCAGAGAGGCUCAGCCGUUUGCAGGACAGUCUG
0	UGAGGGUCAAAAUUUAUUUUAUUUUAUUUUAUUUUAUUUUA
0	CCUUCCUCUCUCUCCACUGGAGGAUGAAGCUGAGAGUUGGC
1	UGGGAUUGGGAUUGAGGAGGAAGAUCGGAAGCAUACCUGGA
1	CGUGGACGACAUAGAUAAGUAUAAAUGAAGGGAGUAAGUUA
1	CGUGGUAGAGCUGCCUGGGAAAGGGUGGAAGACACACUAAG
1	CCUCAAGUGAAUGCAGUGCUAGAAGCGGAGAGUCUAGGAUA
0	AGAGGGGCCAAAGCUGGGCCAGAGGACCCACAGGCAAGGAG
0	CAUGAAGAGGAGACAGCUGGAGAAGGGGACCCUUUAAUUCU
1	GCAUUAAAUACCGUCAUAAGACAGGGCGCACUGCUCGGCGC
1	GCAUUGGCUUUUGAUAGUCAAAGAUGAGGAAGGGCAUUCAG
0	UUCCUCCAGGUUUAAAAGAGACCCUGUAGGGCACCUGGUCC
0	AACGAAUGGACGAUGUCAUCAAAGGUGCUCUCGUCUGUGCU
1	CUAGACACUAUAUGAAGAAAAAGAUCAGGAAAGCUCUCCUC
0	UAUUUUGGACUUAACCUCUUAUCAGAUAUAUAAUUUGCAAA
1	UGUUCGUGCGGACAAAACACAAGAUCGACAAAAGCCACGAG
1	AUGCUCGAAGUAAAAAGAGAAAAGGUGAAUGGACAUUAUUC
1	UGGUGACCGAUCGCCGUGGCACUUGAAAAUGCAACAAGGAG
0	UGCCCUGAAAACAGUCAUAAAAUACAUUUGAAAGUGACAAA
1	AAGCGUUAAAAAAGAAGAAAAAGAUCAGAGGCCCAGAGAAG
1	CUCGUGGACGUGGAAUGCCUACUACGCGGACAUUAUUAAAU
1	GUGAUAUUAUCGUUAUAGAUACGCGCAGCAGCCGCCGGCAG
1	CGCGCGGAAGUUUAAUAGGCACGUUGGCGACCAGAUUGAAA
1	GGCUGAGCACACAUGAUCCCAAUAUCACAUGGAGCACUCGA
0	UAUCUGCUGACCUUCCCUCCACUAGUGUCCUAUGACCCUGC
1	AAUUGUAUUUUAAGAUGAAGAUUUCGAAACAGCUGUCAAGA
0	CAAAAAAAAUAAAAAAGUACAAAAAGUACUUGCUUUUAUAU
1	GGAAUGAACAUAAACCAGUAAAGAUCGGACGUGAUGGACAG
1	AGCUCAGGGAAUACUUCAAGAAGUUCGGAGUGGUGAGUUUC
0	CUAAAAUUGCAGACACUAGGACCAUGUCUUGGUUUUUGCAA
1	AGUAACACGUUGAACAGCACAUGGAGAUCAGCAUCGAGCCG
0	CAGGGCCCUGAGGGCUGCAGAGGCCGGAGGCUGUGGGUGCA
1	AUCGAAGUCUGAAGCCUGUGAAGAUCGCUGAGAGCGACACU
1	GUGAACAAUAUAUGAGAAAAAAAGCAAGGAUCGCAGUGAUU
1	CGGUUUGGGUCUCUGAAGGAAAGGUAUGUGGCAUAGAUAUG
0	UACACACUGAAUUUAUUAAUACAGCAUUAAGUUUCUUUGUG
1	CGUAACGGGGAGAGAGAGAAAAGAUCUCCUCAGGACCUCGG
0	GUCACAUCCCUGUCUCCUGCAGUUCAGUUGUUUAUCCUUAG
1	CAUAUAAAUAAUGAACUAAAAAGAAAGGAAGAGCAGUUGUC
1	GGACGAAGAUGGAGACGAGAAAGUAAAGGCGGGUUAUUUGU
1	UCAUCUGGAACUCAGAGAAGAAGGAGUUUCUGGGCAGGACC
1	GUGGGCCCGUUGCGGGUUGAAAGUUCUGACGCCCAUAGUGG
0	GUUUUAAAAUAAAAUAACAUAAUGUCUUAACAGUAGAUUUU
1	AAAUGGGAUCCAUGAAGAACAAGACCAAGAGCCACAGGAUC
1	GAGGUAAAUGUCUAUACGAGAAGUAGCGACCAUCAAGCAGC
1	UUUCUCAGGUGGAUGAGAAGAGGAAGGUGAGUGUGUGUCGC
0	AGGCUUUCUCAGCAGAGAUGACAGGGGCAUAUGUGGCCAGA
1	UGUCGUCUCUGGGACUGUGAAACAGGUAAGCUGGGUUCAUU
0	AUAAUAAACACCUUCUAAAAAAAGGAACCUUGUGAAGGUCA
0	AACUUAGCUAUCCUGAUUUGACCCAGUAUUUUAGAAAUCGU
0	UUGAUUUCAUAAGGGCUUAAAGGGUUGCAACCCACAGCUGA
1	GACAAGAUGAAUGAAAGUACAAGAUCGGUAUUGCAUGAAGU
0	CUAAAUGUAAAUGAGAAGGUAGCCCCCUCUGAUAACAGCAC
0	AUUAAAGGAAAAAAAUAUCCAAAGUAGGGUUAGUACAGGAA
0	UAGGCAAAGCUUGUCUGUGAAGUUAGGGCGUCAGCUACAAG
0	CCACAGGCGAGCCUCCUGCAAGCAUCCUCUCCUGCCUGGGG
1	GACCCGUGGCUAGUGCAGGCACGAUAAAGUCUCUUAUUAGG
0	GGUUGGGGCGACCCCACGUCACCGCCGAACUGACCAAUCCC
1	CUUUUCUAGACAUAGGUCGGAGGUCAAAAUCAGAAUAUCUA
0	UGCAUUCCAGCCUGGGCAACAGAGUGAGACCCCAUUGCCAA
0	GAAGGUCAUCCUCAUACCUUAACUGUCAGAGUCUGAGAAUU
0	CUUGAGUAUUGUUGCUACAGACCUAUGUAGAUAAUACUUUG
1	CCGUGUGCAAUCCCAAGAACACCAAGCUGAGAGCCUAAAUC
0	AGCCUCUCGGCUCACCCCCAAGCAUUCCUGUGGGGCCUUCU
1	GGUGCGAGAAUCAAGGGCGCAUGUAUUAGCUGCGCAUAGAG
0	AAAUAAUAGAUUUUAAAAAUAAAAAUAAGAAUUUGGAGGUG
0	AACAGCCCCACUCACUCCUAAUCAGUGAGCCAAAAUCAAGA
0	CCCAUCUUCCCAGGUGCAGAAUAAAGGCAAGAUCCAUCACU
0	CUUCUCAAUUUCUGCUCCACACUGAGGUGACUUUAGAUGUU
0	UAGGUUACCUUUUUUAAUGAAGAGUAGUCAGUCUUCUAGAU
1	UGGACGAGUCGGUGGGGAGCAAGACGAGAAGGGCCUUCCUG
0	UAGAAGGAUCAAAUUCAGAUACAGAGAUGCUGGCACUUACC
0	CUUGUCUUACUUUCAUAACCAGGAGGGGAAAAAAAUCAUUC
0	UUCAGUUUUGUGAAUAGAUGACCUGUUUUUACUUCCUCACC
1	UAAACUUGAAGACAAGACUGAAGAUGGAGAGGCACUAGAUU
1	CGGUCAACGGGAGGCUUCUCAAGGUAGGUAUGGUUGGGGAU
1	CGCAUGAAUGGAUGAACGAGAUUCCCACUGUCCCUACCUAC
0	GGGCGGGAGGAAAGAAGCAAAGGACUGCCAGGCUUGGUGGC
1	GCAAUUUCGCUAGAAGAACUAGCUGUUGCUUACAGUUUUUU
0	GGCAUUUCAGCAACUGUAUCAGGAAUCAGAAGAUUUAGUUU
0	AUACUGAACUAUACACUUAAAAAUGGUUAACAUGGGCCGGG
1	UUUCCACUAGGACUUGGAAGAACAAAGUCGGUUGAUAGCUG
0	AUACUCAAAAUCUCAUUCCUAUUCCUAUUCCACUAGCAGUU
0	CUUUGGUAGCAUACAAGGAAAGAUCAGUUUUCUCUAGGAGA
0	AGAGAGAGAGAGGGGAAAAAAAUACCAAACCCUUGGGAAGA
1	UUGCUAUUGAACACCUGGACAAGAUCAGCGAUAGCGUCCUU
1	UCAGAUGAUGAAGAUAAAGAAAGUGAAGAGGAGGUAAAAUA
0	CCCUGCUUCGCUUUAAAACAAACACCGCAACCAGCCCCCGC
0	CACACAGCUCCCUUCAAUCAAGUGAUACCAGUCUCCCGGCC
1	ACCAGAACCUGGAGAAACUGAAGACGGAGUCAGAGCGUCUG
1	AAGGAAGGCAGCAGGCGCGCAAAUUACCCACUCCCGACCCG
0	UCUCACCUCCAGAAGGCUACAGCAGAAAAGAAAGCAGAGUC
1	UUGAACUGCCAUGUCCUCUGAAGAAGGAAAGCUCUUCGUGG
0	CACUAUGCAAAGAACUCACCACAAGCCACCUUUUGUAGUGU
0	UGAUGCUGGUAAUGAUGAAAAACCGACAACUCCCGAGCUCC
1	AUGGUUAACAAAUUUUAUGGAAGACCGGAGACAGCGUAGGC
0	UAAAUUUUUUUACAAGGAAAAAGCCUUGUAAAAUAUUUUUA
1	AUGCAGAACAAAGCAACGGAAAGAUGAACGGUAGCACCUUA
1	UAUAAAAAUUUAAAUCACCUACUACAGGUAUGUCAGGCGGG
1	UAUAGGACACCACCAGUCUGAAGAUCGAGAGACAUCUGAUC
1	AGCUGAUUCUGCUGCAGAACAAGAUCCGAGACACACAGCUG
0	AAUACAAUUUUAAAGAAAGGAAGGAUAAGACUUCAUUAAAA
0	CUGUCUCAAAAAAAAAAAAAAAAGAAAAAAGUCCGGGUGUG
0	ACCUUUACUCCUGCCCUUUGAGUUUGAUGAUGCUGAGUGUA
0	AGGGCAGGGUUGCCCACGCUAAUGCUGCAUAUAAAACAGAC
0	AGCUAAUGUGUGCACUAAGUAACACGGGUGAAUCCAAACCA
1	GACUGUGAACCUGCUGGCCGAGUGGCUCAUUCAGACAGGUG
0	UUAUAGUGCUCACCUCGGUUACACUGUUCAUUCACAUGUAU
1	CACUCGCCAUUACUGAGGGAAUCCUGGUUAGUUUCUUUUCC
0	AGCUGGCUGGAAAGUGUGUAAGUGUGUGUGUAUGUGUGUGU
1	CAAGGAAGUAGAAGUGAAAAAAGAUACAGAAGACAUUAAUA
1	GGGACAAAGAACAAAAAGGGAAGAUUGGAAAUGGAUAAAUA
0	CAGGCAAACCCUUUUUGAUUAGCUUCUGCAGCCAAAUCCAG
0	CUUUUAUAGAAAUUACACUGAAACAGAUAGGCAAAUGUGGA
0	UAUGACUUGCAUUCAUCCCAAAAGUCCUAUAACUAAGGUCA
1	UGACCGUGAGGAUGAGGAGGAAGAUGAGGAAGAGGAGGAAC
1	GGAACCGGAAGAUGUCCAACAAGUCCAAGAAGAGCAAGAAA
0	AGUCCAUUUUCUGCUGCUACAACAGAAUACCAUAGACUGGG
1	AUUCGGACGCUAUUCCGCGAAGGAAUCGAGAUAAAGAUCUU
1	UUUGGUUGAUUUGACUGGUAAAGAUAGGAGGAGGCACUUUU
1	UCGCAUUACUUGUAGAAAACAGGAUCAAGGAAGAGAUGGAG
0	CUUGAGCCUGGGAAGCUUCAACUGCAGUGGGCUGAGAUUGC
0	GAAAGAAUCCACACUCUUACAGAACAGCAAAUCAUAAAUGG
0	AAACCAGCUGAAUCUUGAUAAGAGAACUUUCUGGUGUUGUA
1	UGGUAAAGGAAUAUACUGGGAAGAUUGGAAGGCACAGACUG
0	CCUGAGACCACCAGGCUUAUAGUGUGUGGCAAAGCUGAGAA
1	GAUGAAGAUAAGAACUCUAUAAGAUUGGAGGAAGAUUAAGA
1	GACGCUUGAACAAAUGAAGAAUAUGGUAAGAUAGUGCGAGG
0	ACACUCUGAGAAUGCAGACCAGGCACGUCAUUUUAGGCUAG
1	GAACCUGAGCUUGGUUUAGAACGUCAUGAGACAGGUUAGUU
1	AUGAGAAUGAUAACGUAACCACUCGAGAUAAAAGCAAUGCU
0	AGAUAUUAAAAAAAGACGGAACCAAAGGGAGAAACAACAGG
1	AUGUCGUGAUUUUGCUUCGAACAAAGAUAGUACGCUCACGC
1	GUCGAAUCGGUCUUCGUCGAACGACUAGGGCUAUCAGAGCA
0	AUUUUAAAGAGGAAUGUCCAAAAGGAAAAGGGGGAUGGGUU
1	ACCUGGACUGUGUUAAAUGGAAGAAAUAAGAGCACACAUCU
1	AAAGCUGGAUGCUGUCAUGAAAGCUCGGAAGGACAUUGUUG
1	UGCUUUUUUGACCUCAGGCGAUGGUCGAGGUGAUGCCUGCA
1	CCUAAAAGUACAAGGGUAGGAGAUGGUGUCAAGAUGUACUA
0	CCCAGUGCCUACGCGAAUUUAAUCCCAGAGCGAACAGACGC
1	AAGGCAUGGUGGAACUGGUGAAGAUUGGGAAGGAAAAGCUU
1	AGAAUGUGGCUGGAGCAAUGAGGAUCGGAUGCACUCGUUGU
1	GGACAAGGAUCUGCAAAUUGAAGUGCAGGUAAGAGGGCACA
1	CUCCGUCCUGUAAGCUCGAUAAGGUCACAUCAGAAGCACAG
1	GACGGUGAUAUCGAUUCGAUACUAGCGUGUAGGCGGAUAUC
1	AGAUCGGACAGAAGAUCCGCAAGAUCACGGACUGGUGAGUC
1	GGCCCAGCCAAGGACUGUUCAAGAUGUAGAGGUAAAAAUUA
0	UAUAUUCCCUAGAUUUUUAUAUUACAGUCAUUUUGGUGUUU
0	UGUGUGUGUGUGUAGGAGAGAGAGACAGAGUCUCGCUGUUG
0	ACUUGAGAUAAUCCUGAGUUAAGGAUGCUAUGUUAUCUUGG
1	UUGCUGCCGGAAGAUCUUGCAAGAUGGAGGGCUGCAGGUGG
1	UUAUAAAUAAUUUAUAUCUGAAGACGGAGAGCCUGUAAUAU
1	CUCGUUGAAUUCUGUAUUGGAUUAUGGAGGCGCGAACCUGC
1	AAACACUGAACUGACAAUUAACAGCCCAAUAUCUACAAUCA
1	GGACAGAGGCCCAAUGGGUGAAGGCUUUGAAGAGCACACAG
1	UGGAGUUUGUGAACAAGAUGAAGAAGGAAGGGAAGCUGAUC
0	UGGGAUUAUUUCUAGAAUGUAGUAAUCUAGAUUCUAGAUUA
1	CUUGCUAGUGUCACGUUCUCAAAGGUCCAGGUACCUAAAAU
0	AGAUCUUUAAAUCAUGUCUGAAGCAAAAAGGCUAUUCCAGG
1	AUCGUCUGACAUGAUAAUGUAUUUUUGUCCUCUAAGAAGUU
1	UUGGAGCAUUUGUGUUGAUGAAGAUGAAAGAGACUGCAGGU
0	CCAAAAAAUAAAUAUAGUGGAAUGCAAGUUUGAGGGAUGGA
0	GAGGUUUCACCGUGUUGCCAAGGCUUGGACCGAGGGAUCCA
0	UGGUUCUGCUAAUUGAUGUAAGAAACUACUUACAUGUUUUG
0	CUCUGUAAAAUGGACCAAUCAGCAGCAUGUGGGUGGGGCCA
0	CCGUCUCUAUUAAAAAUACAAAAUUAGCCCAGCGUGGUAGC
0	AGGAAACUGCUUAUUUUUCCAUUUAAAGAUAGUUUUUUUCC
1	UCUGAUGUCUGUGCCGACAGAAGGUGGGAAGGCAACAAUAG
0	CAGUGGGCUUAAAAAUAUUCAGUAAACCAAGCUGUAAACAA
0	UCCAGGGCUGUGACUUAGAUAGACAUCACUUCGGGGACCUA
1	ACGUCAGAAUCCUACUGACCAAUAUCCGAACCAAGAGCACC
1	ACGCUCUGCUACUUGCAAGUAAGAUGGACAGCCGGACACAC
0	CCUGAUCAAUCAUAAUAGUUAUUAGUCAUUGCUGUUUGCCA
0	GCAUUUAGACAAAUGUAUACAUCUGUGUAGCCACACCACAA
1	CUGCCAAUGCGGAGGACAUCAAGGUGCGGCUGGGGGAGUGG
1	ACAGGAACGUGGAGAUCUGGAAGAUCAAGAAGCUCAUUAAG
1	AAGUUUUAGUUACUCUGGAGAGGAGAAAGGGCCGGCGCGCG
1	CAAGGACUCCGACACUGCCUAAGAUCGGAAUUGUGGGCAUG
0	UGGAAUUACAGGCACACACCACCGAGCCCAGCUAAUUUCUA
1	CCCGGACAGACCUGAAGAAGAAUCGGGACUACCCACUAGCC
1	GUAUCGAAGAUUGCUAGUCGAUUACAACCGGGAAGAGUCUG
0	CAUCCUGGCCAACAUGGUGAAACCCUGUCUCCACUAAAAAU
1	GACAGGAGAAGAGCGAGAAGAAGAGGAAGAAGAGCAGAUCA
1	AGAAGUCAUGACGUUUGCAGAAGAUGGAGGGUAAGAAAAGC
1	CGUCUGUUCAGGAUUUGAAAAAGAAGAGGAAGAAAACCUAA
1	CCAUCAACGGGCGCUUCCAGAAGAUCAAGAGCAUGGCGGCC
1	UAGGACCUGAAAGGUGGUGAACUCUGCCUGGGCAGGGCAAA
0	AAUGAAAUUAAUAGAGCCAGAAGGAGCAUUUGACAAAAUCU
0	GUCACCUCUUACACAGACUUAUUUUGUUUGUCUUUUUCCCC
0	CAUAUUGCUAAGAAAUUUCAAUCAUUUCUCAUCUUUAACCC
0	GUUCUGCUUAUACAAUUGCCAGGAUUUUGGGUUAGUUUGUG
0	AAAUUUUUCUAUUCGACAAAAUACCUCUAUCCGAGGUAAAA
1	GGCCUGUAGCUCUUGGCACAAAGUAAGGAAGUGCACCAGAG
1	UUUGAUAGUAGAAGAAGGAGAAGAUUGGAAACAUGUUGAAA
0	AGUUGUCCCAGGGGACUGGAAAUCAAGGGUGCUGAGUAAAC
1	AGAUCCAGGCUGCUCUGAGCAAGAUGCAGGAUGACAAUCAG
0	CAUCCUCUCCUCCUAGGAGGAGAUGCCAUAGCAAAGGCAUA
0	GAGCACCGACAUGAGCCCACACUGGCGCUGUCACCGCGGAU
1	AGGCUGUGGCUCGCAUCAAGAAGAUUUAUGAGGAGAAGGUA
0	CGGUUGGGAGGGUGUAAUUUAAAGAGUGUGAGAAACUAAAC
0	UCCAGCAGUGUGUCGAAAUCAUGGAGAAGCUUCCAGCUUUC
0	AAUGUCUCGCCCUGUCACCCAAGCUGGAGUACAGUGGCGUG
0	GGAGGAAGAGGCCAGGAGCCAAGGAACAUGGGCAGCCUCUA
0	UGGCAUCACAGGCAUGAGCCACCAUGCCCAGCUCAGUUUUU
1	GGAUCAGAUGGAUCCUGAGCAGGAUCGGGAGAUCUCAGACC
1	AAUCUGAAUGCAUGAAUGAGACAGAGUGGACAAUUUAUCAA
1	CUUUGGGAAUGAGAACAUGCAAAAUCAGGAAAGGCUGUAGA
1	CUGGGCGGCCAGGCUCACCGAAGAUGGAAGGGACAGGCAAG
1	AAACUUCAUGACUGUUGAUCAAGAUGGAAGUGGCACAGUAG
0	UCCUAUUUGUGGCUUCAGAGAUCUAAAGGGGGACAGAUGCU
0	AUGUAUGUGUACAUACAUUUAGAUAUAUAAAUUCCAAAGUA
1	CCAAGAGGGACAAGAAGAAGAAGAAGGAGCGGAGCAACCGG
1	ACAUCGCCAACUGGCAGAAGAAGAUCGGGGACAUCCUUAGG
1	GGAGCAGCUCUGAAGAUGCAAAGGUAAGAGCUUAGUUAAGC
1	AACCCCCAGCACUGCCACCAAAGAUCGGAACUCCAACAAGA
1	UGAUCAUCGCAGACUGCGGCAAGAUCGAGGUGGAGAAGCCC
0	CGGGAGAGGGGCGGGACCAGAAUGGGGCAGGAGUUGGGGCA
1	AGAGGAAGUGUGAGGGUCUGAAGAUUGGGGACACGGUAAGU
1	CGACGUGUAUCGCUGCCGUCAAGAUGGAGGGGCCUUUGUCC
1	GGGAGAGACACCGUCUGAACAAGAUCAGGGCAAGAGGAUCA
1	GACUGGAGUUCCAUGCCAGCAAGGUACGAGUGCAGCAUGUG
0	UUCUGGAGUGGCACUGACUAAUCAAUGCUUCUUCUUUUGUG
0	GAGAUGAAUGGGGAGCUGGAAAGGGGAUGGAGUGGUAAGAU
0	UUCAAUUUUUUUUAAAUUUUACUUUUAUUUUUUAUUUCACC
0	CUCAAGGGCUGGUGUUGAGUACCUACAGCUUUUCCAGGCAU
0	CCUGUCUUUAUAUCUUCCUAAUCCUCAUCCUACCACGUUCC
0	CUUCCCAUGCACACUACCUGAGGGAGUGAGAGUGACCUCAA
0	CAAGACUCUGUCUCCAAAAAAAAAAAAUAUAUAUAUAUGUA
1	ACUUGGAGAAAGACCGCAUGAAGAUACUUGUAAGCACACAU
0	UUAUGCUGAUAUAUAACACAAAUGCAAACAACAAUGAAAAU
1	UGGAAAACUCAGAGAGGAUAAAGAUCAUACGACAAAACCUA
1	AGCAGAAGAUCCUGAAGAUUAAGACGGAAGAGAUCGCGGCA
1	GAAAGAAACUGCAAAGGAUGAAGAGGAAGAGCCUCCCAGCA
1	UGUUUCUGUGAUUGAUGAACAAGAUGGAAAGCCCUACUAUG
0	CUGACAUCCAUCCACCAUUUAGCAGGCAAGCCCACACAAAC
0	UCAUGCCAGCCUUGUAUCCCAGGAAGGCUGUGAGGUGGACC
0	UCAUGUGCCCAGCAUUUAUUAAGCACCUGCUGUAUGCAAGG
1	UCAAGGGCAGUAACCUGUUCAAGUUGGAAGUGCGUCUUUUG
0	UAGAGGAUGGGUAGAGUUUAAGUAAUUGAAAAAAUGUAUCU
1	CAUGGAAUCAUCAGGAAGGUAAGGAAAUAGUAAAAUACUGA
0	AGCCAAGUUUGUUGAAUGAAACCAUUCAUUCAAAGUACUGU
1	CGUCGAAAAUUGAGAGGUCGAAGGCCGCAAGUCGACGAGCC
0	UUUUUACAUUGCUGAUAUCGAUUUUGGUUGAAGUGGCAAUG
0	CUGGUCCUCUUCACCUUUUAAUCCUCAUUCUUCUCUUUGGA
0	CACAGAGAAUUUACUAUAAGAAAUUACACAACACAGGGAAG
1	GGCCAGAACAAGGAGGCUGUAAGGACGGAGGAGUCUGUCUG
1	CGGACUACAGCAUGGAAGCCAAGAAGCGGAAGGCGGAGGAG
0	AGUAGAGUUCGUUUGAAAAUACACACACGCACCACACGCAC
1	AAGGUGAAGUCGGGCCCCCUAAGAUCAACGGAGAGGCCCAG
1	CUCUAAGGUGAUAGCUCUGAAAGGUAAACCCGAUGGGAUUG
0	UUGUAUUUCCUAAGAUUAAGAUAGAAUACUUACUGAUCAGA
0	ACAAAAUAAUAUGUGAACCUAGAGUAGUUGUAAUUUAUGUC
1	CGUUUUGCCUUCUGAAAUCUAAAUGUUCACGUUUCUUUUUC
1	CAGUGGGAUACGGAAUUAAGAAACUUCAAAUACAGUGUGUA
1	AGGAUGAAAGAACAGUGCGGAAGAUCUGUGCUUUGGAUGAC
0	UAGAUUGGGUUCUUUAAUUUAGUAACAUGGAUUAAGUUUCC
1	ACAGAAUCGGACACAGCUGUAAGAUUGAGGAAGAGUCACAC
0	UAUCCCACAGCCAGUGCUGAAGAAUGAGUGGACUGGGAAGU
0	UGCAGGGAAAAAGUAAGCAGAAGAUCCCUCACCAGCACUCC
0	GAAUACUCUCAAACCGUCAGAUCUUAUAACAACCCUUUUUU
0	UCCUAAUUUCAAAGAGUAGAACAUGUGAGUUGUGACCAGAC
1	UGAAAAGGGGUCUCUGGACCAAGACCGAAGGCUGUUUGUGU
0	GGCAGACUGCCAAGUCCUGGAGAAAUAGUAGAUGGCAAGUU
1	AGCCUAGAGAUGGGUAUUAAACCCAGGAGUAGCGUUGGCAC
0	CAGGGAAUCCCACCCUCUCCAGCUCUACACCUGAGAGCAGC
1	UGAGGAGUGUCAGAAAGCGAAAGACCGGAUGGAGAGGAUUA
0	CAUAAAUGGGCUGGACAAGGACUCCUAUAAACAUGGAUGGA
1	CUCUCUACGUCAAGGAGAACAAGGUGGGUGCGUGGGCGAGG
1	CUCGAGUGCAUAGUACGCGGACGAUCGGUGGCGUGAUAAAU
1	UGCAAGUACUUCUGAUGUUCAAGAUCGCCUGUCAGCUCUUG
1	CAGGCAUCGCAGGACUCAUGAAGGUUAGUUGGGCAGGUUUU
0	AGAAAAAACCUCAUGGUCUCAAUAUAUACCAAAAGAAAAAA
0	ACCUCCGCCUCCCAGGUUCAAGCGAUUCUCCUGCCUCAGCC
1	UUUGAAAGGAGACCUGAAUGAAAAUGGGAAGAGCCAUGCAA
0	UAAGCACAAGGAAUUGGCAAAACAGACAUAUCCACAAACUG
1	AGUUGAAUGUAUUGAAUUCUAAGAUCAAAAGCACCAGUGGA
1	CCCAUGUGUAGGUAUUGAAAAAGUUUGGAAGCACUGAUCAC
1	UAUUAGAUGGCCUUGUGGACAAGAUUGGAGAUGUGAAAUGU
1	AGUGUUACCGCGAGUAUCAGAGACGGCAAGCAUAAGGAGGG
1	CUGAGGACCUGGUGCUGCGCAAGAACGAGAAGAGCGUGGUG
1	CCCCCUAUUCUCUUCCUCCUAGGUCAGUUCUUCCACUGCAC
1	AGGACUGUUUUUGGACGUGGAAGAUAGAGCAACAUAGCAAG
0	AUCUUAAAAACAACUACUCAAUAUGACAGUGAGGAAACAAU
1	GAGGGCACCGUGGAGCUCAGAAGGUGGGUGCAGAGAGGGCU
0	AUGUCUACAAGCUUUCAAAGAUCUGGAAAGGCAGUAGCCCA
1	AUCCAGGAGAGUAAAGACUCAAGAUCGAAAGAAGAACAUCA
0	AAGUGGGGGCCAGACAGAUAAUAUAUCAACAGGUGAAUAAA
1	ACCUGAACACCUACACAGAGAAGAUGAGGGAAGCGCUGAGG
1	ACUGGACUUACAGUUUUCCGAAGAUGAGAAGAGGUUGUUGU
1	CUCUCCGGAUGGGAGAUCUAAUUGUUGAAAAGCCAUUGGUU
1	GCACCAGGAACUGAAUUGCAAAGUUCGUUAGAGCACAGACU
1	ACAGGAUGUGAUUGUAAAUGAAGAUGGAAGAAAUAAGCUGA
0	UGUAAACUAGUACAGCCACUAUGGAAAACAGUAUGGAGAAU
0	AAAUGAAAAAGAUUUUAUAAAUACAAAGCUUUUUAAUUUGA
1	UACAGGCUGAACAGGACAGAAAGGUAAGAGAAAUGAGAAUU
1	AAAGGGGGAACCUGAGAAUGAAGAGAAGGAAGAAAAUAAGU
1	AAAAGAGCCCUUGAAGCUGGAAGACGGGAGGUGCGGGGAAU
1	CAUCGGAGAAGGUGAAGAACAAGAUCUUGGAGCUCCUCUAC
0	GAUUUUUCCAAUAUGAAUUAAAGUAUCUUAUGAUGUCUGAA
1	CAAGCUGUAAAUACUCUACUAAGUUUGGAAGAAUCUUCUGA
1	AAGCGGACAAAAUGCAUCCCAAGAUCAAGGAAGGGACAGGC
0	UCAGGAUGAGCAGCUAUGUUAUGUUGCAGUAACAAAAGACC
1	GGAAAAAGGAUGAUCCUCUGAAGGUCGGAAGAUUUGGAAUU
1	UCGGAUGGUAGAAAUGCAGAAAGAUCCAAUGGAGCCUCCAA
0	UGCUCCUGAGGGAAGUUAACAAAAGCCAGAUUAGAUACUGA
1	UACGUUUGAUUUCCGUAAGUAGCUUCAGAUGGCAGUUGUUA
0	AUCAACCUCUGCUGGUCAGGAGGGAUGCCUUCCUUGUCUUG
1	GAGCAUUAAACCUGAACCAGAAGAUCGAGAGCCUAACUUUG
1	ACAGCGCAUGCAGACGACCUAGUGCAAUUGCACCCAUAGGC
1	UUAUAAACGGAAACCUGGCAAAGAUCCUGGAGCACCAGAUU
1	GGCCUGGUCUUGUGGAACUGAACUUAGCUCGACGGGGCUGA
1	CUUUAACUUGGAAGGACCAAAAGUGAAAGGGAGCCUUGGGG
0	AUAAUGUCAGCAGAUAACAAAAAUGAUCUCUUUAUAGAAUA
1	GACCUGUGUGAACUAUUGAGAAGAUCGGAACAGCUCCUUAC
0	CUGGGAUUACAGGCUAUUACACGUCCUUUUAUACUGACUGG
0	GUGAGGGUCCCCCGGGCAGCAGACGGGAACACCCUUGGGAG
0	GGGUGAUGUUUGGUGGUAAAAAACCUACAGGCGUUUGGGGU
0	ACCUGUUAAGAGUAUUCUGUAAGUCAACCCAAUGAUACACA
1	UGUGGAAAUUCUUUUUGAACAAGAUAAUGAAGAGCAAUCAG
1	UCCGCACGAAUUUUGUUGGUAAAACCAGCCGUGCGCAAUUC
1	AGUACUGGAUGAACAGAUACAAGAAAGGGAGAAUUCAAAGA
1	UAUUCAUUGGAGGACACUGGAAGAUGGGAAGAAAGAAGCAG
1	UAGAAGUCGGAAUCCGGAAGAAGAUCGAACAUGACGUGGUG
0	GAUGAGGCUUUGGGGAUUCUACUGCCGUUGCUGCCAUUAGC
0	GACACCAUUUCUUAUUUGACAAUGUUUCCUACAUAAUUUUA
1	UAGAGACUGUGACAAGCUGGAAGAUGUAAGAGCAUCCGCCU
0	GCAACCUCCGCUUUAAUGAAAAUGCUCUUCUUCUGAACAAU
1	UCGCCUGCUGGGCCAUACCCAUAUUUGCAGCAGGUCUCCAA
0	UGAAUUUCUUUCCAGAAUUAAGUGUAUAAUGCCAGGGAUAC
1	AGCGAUUUAUAGAUUUCUUCAAGAGGAACGAGCAUACGUAU
1	GGACACACGGGAAAGCCAGGAAGAAGAGGAAGAGCACCCCC
0	UACAAAGUGUAAUUUUAAAAAAUCUCAGUUUUAAAUUAGUG
0	UAUGCCUCUCUGAAAAACUAAUAAAAGCAUAAAUGGAAAAU
0	GGGGGAGGCGAAGAGGAGUAAAAGGAGAUAAAGAGACAAUG
1	AUUUAUUGUGAACACUCUGAAAGACGGAAGGUAUGUGCUGU
0	UUAUGGUCUUUCUUUAUUCUACUUAUUGUGAAUAUUCAUAC
0	CUAGUGUUGACAAAGGUGACACUUUCUUGCCUCAUUUUUUC
1	CUGCUAUGCCUGUCGCAUCCACACGAGGUAAGAAGUCGUUA
1	GUUCAGCUAGUUCACACCACAAGGAAGGGAGACACAAGACG
0	CUGGCUACCAGAUGCUUGUUAUUCAAAGAUUUCAUUACGGU
1	GUGGAUGUGAACAUCUUUGAAAGGUUGAAAGGCGCCAUUAA
0	GCUCGAAGAUGUCGUUGACGAAGGAGUUCAUGAUGCCCAUG
1	UUCCAAGGACAAAUCAGAGAAAAAGUCUUUAACUCCACCAU
0	AUUAUUCGUUCUGUACUGAAAGGUAGAUGGAAGCUUGUUGC
1	UGCUGAAAGCCCGUGCCCUGAAGAUCCGGGAGGAGCGCAGC
1	GGGGCCUCCAAGAAACGGGUAACUUUCCCCCUUCCUUCCCU
1	CUGAGCGUGGCUGUGUGACUAAGAUAUAUGGAAGAGCUUUC
1	AUGCGGAUGCCAUCGUGGAGAAGAUCGUGCAGAGCCAGGAU
0	ACUGUGCUAAGUGCCUUACAAACAUUAUCUCAUUCAUUCCU
1	ACGCGGUUAUUGACGACGUGAGCUUAAUACUCCGCCUAUAU
0	UUGCCUUUCUCUUCUCUACCACCGUUUCCAGUCUAACCUCU
1	CGGCCUUUUGGCUAAGAUCAAGUGUAGUAUCUGUUCUUAUC
0	ACUUUGGGGAUUAUGAGGACAGCUAUGUGACAUAUUGCCAA
1	UUAACUGUUGAGAAAAGUGAAAGAUCAGUAUGAUUAUUAUG
1	GAAGAAGCUUGGACCUAAGAAAGAGAAGAAGAGCAAAUCCA
0	UGGGGCAGGCAAUGUCCCAAAAGGCACUCGUGUUCCGGUGA
1	AGUUGCUGUAGAAGAAGGAAAAGAGAGGAAGACAACACAAC
1	CGAACUGGAAGAAACAAUUAAAGUAUGGAAGCAGCGGACAC
0	UGCCCAGCCUGAAAUUAAUAAUAUCAAGCAAUGUGGUGUUU
1	UGCAGAACCCGAAAGUUUGUAAGAGGAAGAGAGCGCGCGGC
0	AACCAUAGUUUUGUAUUUGCAUAGAGAACAGAUAUCUUAGC
1	GGUUAGCAGAUCUAUGUCUGAAUGAGCCUCUUAAAAGCCAU
0	CCUAGUCAAUAUAUGUAAGCAGUUUAAUUACCAGGGAUGUU
1	ACAUGUCAAGAGCCUCUGAAAAGAUGAAGGGCACUGUCUAU
0	UAGUGAGAAUGUGACUCUAUAAAAAAAUUAAAAACCCUGGG
0	AAAUGCACCUGCUAGCCUCCAGGCCUGGUCCCUUUGGCCAA
0	UUGCCUGUGAUAAGUUGCUCAGGGUGGAAGAGCUGGCGGUA
1	CCUGCCAUAUCUAGUGGACGAAAAGUUUAGCUAGGCUAGCG
0	UCUGGACACUGACUGGCUAUACUUAGGUCGUUUGAACAUUC
0	AAAUAAAUCUUCAUUUUCACAUUUUUUGUUGCAGUCCAAAG
1	AUUCAGAAGGCUGGACAAUCAAGCUUAGGAGGAGGGCACGU
1	CAGAAGACCGACCUCUUGGGAAGGAUGGAAGAGCUGCUGUU
0	CAAAGUGGUUGUAGCAUUUUAUAUUCCCACAAAAGUUAUAG
0	UGGCCUGUAGGUAAUAUUACAGGCUCUGCUGGGGUCAUCCC
0	CAGGUGACAUUCAUCUAUCUAGUCCUACACGCCAUUUUGGC
1	UUGUAUUAACUAAGAGCGAAAGCAACUCAGUAUCGCCGGAU
1	CUUUGUGAACUACACUUUCAAAGAUCGGUCACAUUCAGGCC
1	AUGACAAUGGUGUGAACUACAAGAUUGGAGAGAAGUGGGAC
1	AAGAGAUGCCAGAACACUAGAAGAUGAAGAAGAGAUGUGGU
1	UACUGCGGAUUGAACCUGAGAAGACGCGGAGCACGGCUGAG
0	AGUUUUUUUUUUAUUUUUAAAAACAAUUAUGAAAUAAUUUU
0	GUUCAAGACCCAUUCAGGAGAUUCUGACAUUACAUUUAUGC
1	UCACGGACUUCGGCCUGUCCAAGAUCGGCCUCAUGAGCAUG
0	UGGUGCACUACCCUCCAAGAACCUCUCUGUGUUCGGCUCUC
1	CGUAAACGAGCUAGUGGUUCACCGCAGGAGCACGUGCAGCU
1	GGAAAGAUUCAAAGGAAAAGAAGGCAAGUUGCUUAAUUCUU
1	UCUGACUUAGAGCUGAAGUAAAAGAUCACUGAAACAUCACG
0	UCAAAAUAAAUGAAGAGCUCAAGAUGACAUCAGUCCCAUUU
1	AGUAAUUGGCUGUGCUCUUGAAGAUCAGAAGAAAAUUAAGA
0	AGCCAUGAUCACGCCAUUGCACUCCAGCCUGGGUGACAGGG
0	AAAAGACAGCUUCUUAUAUUAGUAAGGCAAAACUAUAGUAG
0	AACUUACAAUUUGGUGCCAGAUUUUCAUCUUAGGAGACACU
1	CUUCGGACAAGGAACGGAAGAAGAUGGUGCGCGAGCUCAUG
0	GUGCCCUCCAGUCUGCUGUUAACAAGGCUGUGCAAAAGGAA
0	AUAUUUGGAAUGACUAUUAAAAAAACAACAAUGUGCAAUCA
0	CACACCCUAACCCUAUAAAGAACUUUAAAAGAGAAAAUUUC
1	CGGACGGCAGGACCUUGGUUAAGAUGGGAAAACAGUAGGGU
1	CAGCCUAGAGACGCUGACAAAGGAGCGGAGGAGCAGUCGCA
1	GGCUGGGACGCCCGGUACGGAGGUCGCUCAAGGCGCUGCUG
1	AGCUGAAGAACCUAUGCAGCAAGACAAUCGGAGAGAAAAUG
0	CAAAUGGUAUUUCUAGUUCUAGAUCCUUGAGGAAUCGCCAC
1	AUGAAUCAAAGUCUGAAAGAAAGAUGAAGAGCCACCAGACU
1	CAUGUCAGCUGUGACAACUCAAGUAAAGGAAGCACGAAGAA
0	AACAUCAAUCUAAUAACAACAACAAAAAAGACAAGAAAUAC
1	UUACAGAUUGUAUAACACUCACAAGAACCGCACGUGGCUUC
0	AGGCUGUGUUGUGUUACAACAAAAUAAGUGCAGUAGUUCCC
1	AACCCACGCCUCCAUUGGAGACCAGAAUCCCCACCGCGGAG
0	CACACUUGGCUAAUUUUUUAAAUAUUUUUGGUAGACACAGG
0	GCAUAGCACUGUGUAGCUAUAAAGCGCCAACGAAAAGGAAA
1	AGGUCUGCGGAAGGGAGCUGAAGGCAGGAAGAGCAGCAAGU
1	GGUGGACGUCUAAGUUCCUGAAGACGAGAAGUGCAACUGCU
0	ACCAAAAAGAAAAAAAAAAAAGACAUGCUAUAAUGAUGAAA
1	AUUGUCAAAAUAUCAGAUAUAGUGAGACAGGCGCCACAUGG
1	UUCGGGCCGAGAUCGAGCACAAGAAGGAGGAGCUGCGGCAG
0	GAAAGCCAUGGUGCUAGCACAGGAGAUCCAGGGUUUCUUCA
1	AGCAUGAACUUGCAGGAAAGAAGAAUCCGGGAGCAGCACGG
0	GUCAGAAAUGUGAUGCCAGAAUGCCCACGGAAUAAAAGUAC
0	CCUCAAACUCGGCUCCGCUCACUCGGCCACUGGUGGCGGCU
0	UUUGCCAAAGAGGUAAAGCUAUUUUACAUUUUCAUGAGCAA
1	UCCUAAGGAGUCUGAAACAGAAGAUCAAGCACUUGUCUCAA
0	UCUCAUAUCACGAACAGCAAAGCGACCUAUUAAAAAAAAAG
0	AGGGAGGUUUGGGGCAGAAAACAUGAUAACAGUUUACCAUA
1	AGGAUUUAUCAAUUAUGCAAAAGUUCGGAAGAUGCCAGAAA
1	CAACUAGGAUGAGGUUUCAAAAGACGGAAGACGACUAAAUC
1	AGCACUACUACCAGGAGCUCAAGAUCGUGCCCGAGGGCGAG
0	CAUCCCUGGAGCUCCAAGUGAACCCUCUGUGUGAGCAAGCC
1	GGGCGAGGCUUAUCCAUUGCACUCCGGAUGUGCUGACCCCU
1	AAACCUCUGGCGGCACGCAUACUCGUCAAGCAUGCGCUAGC
0	CUUGCUGCAGUGACAGGCAGAGCUUUCAAAAAUAUCACAUC
1	ACCCGUAGACUUUAUGUAGCAAGUUAUGCCCGAGUCCUCUC
0	CAAAACAGCAACAAAAAAAUACUUUUCCUUAAAUGUUACUA
0	CUCUCUUGGGCCUACAUUUGAGCACCUCCCUACACUGCCCC
0	GAGUGGGUGAUGAGGCUUCAAGGCAACAGGGGCGCCUAAAG
1	UCACUGACCAGGGACUUCUGAAGACAGGAGGAGCAUCGAAU
1	UUUUUCUUUGCAUUCCCAGAAAAUAUUUACAGAUUUGCAGU
0	AAUCCACCCCUGACUCUCCCAGCCAGACUAGGUGACUUUCC
1	CGCAGCGUGAGGCCAACAAAAAGAUCGAGAAGCAGCUGCAG
0	CAUUCAAUAUCACUGUAAUGAGAGAGGCAUAUUAAGAUUAA
1	AGGAGCGUCUUAUAGCUCCCAUCAGACACUUCCUUUGCAUG
0	GGGUGAUUGCCUAAAGUUACAUGGCUAGUCGGAGCAGUCAG
1	UGCAAAGGAACUGACAGAAGAAAAAGAAAGUGCUUUUGAAU
1	AGCACAACCCGAAAAGGAGAAAGAUCACCUCGAACUGCACC
0	UACCUUGGGUGCGUUUUCUCAGGACUUUUUAAGACUGUGUU
1	AGCUGCAGCUGCAGAAGCAGAAGGUGGAAGAGGAGCUGAAU
1	GAAAAAGACAGAACUAGACAAAGAUCAGAAUCAAAACACAA
1	CCCCGAGGACUUCGUGGACGACGUGAGCGAGGAAGGUGAGG
0	ACGUUGCUACCAGCGACUUCAUGAGACUCUGAUCUGGAGCC
1	GAAAGCAGUAGACAAGUUGAAAGAGAAGAAGGAGCGCUUGA
1	GUACCAAUGCUCAUAAACGAAAGUCGACCAGGAUUGCCGCA
0	UUGUUUGCAGGCUAAUCUAAACGAAUCAAAAUCUAGGUGGC
1	ACCUUCGAUCUCAUGAUGCGAGAGUGAGGACCGCGAUUUAU
1	CUUCAUCCUGGACCACGGCAAAGAUGGGAAAAUCUUUGUCU
1	GUCCAUGCACUAGUGGGCCAAUCCAUUGAGGGCUAGUUUGU
0	CAGGAAAUGAAAUCAAGGAUAUUGGUAAGAUAAAAAAAUCA
1	CCUGUCAGAUUUUGGAGCAAAAGAUAAAAGAGCUGGAUUCC
0	AAAAGUAGAAUAGAGGUUGAAAGUGGGGAGAGGCCCAGAGA
1	AACUGCAGGAGUCCGUCAGCAAGAAGGGGAGAGUCGGCUCA
0	UCUAGUUCCUCAUUUGUAAAAACAGAGAUGAUUGGCCAGGG
1	CAGGCAUGGCUCAGAGCUUGAAGAUUAGGAGAAACACAUUC
1	GGGGCAAAUUACCAAGGGCAAGGAUGGGAAAAGCAAGUACU
0	GGUCAGCCCUCUCAAGGUGAAUGCUGCUGUGACAUAUGGGA
1	GCGGUUUUGGCUGUGUGAGGAAGACGGAAGAGACGGCGGCG
0	GGAAGUUUUACCAGGGCCACAUCUUAAGGUUUUACACAGUA
1	GGAACUUUGAUCUUCCUAAGAAUUAAAGUUGCCAAAUUAUU
0	AGAAACGUUUAAUAGAAAUAAAAAGGUCUGCAUAGAGCCGA
1	ACAAACUGAAAGAAAAAGCGAAGAAACAGAAGGGUCGCGGC
1	GUUGGCUAAAGGAGAUCCGAAAGCUUCAGAAGAGCACACAC
1	UGGUAGAACAGAACAAGCAAAAGAUUAAGAGUUCAAAAGUA
1	GAUGCUCCCCGAACAAGAUGAAGACAGUGAAGUGCGCGCCG
0	GUCAGAAGCAAUUCUUUGGUAUUUGAUUCACAUAGAGACUU
0	AUAAGGCUAUAUAGCAUAAAAUGAUGAUGCAUUUUCUCCUG
1	GUGAACAAGUAGAGAAGAACAAGAUCAACAACCGGUGAGAG
0	CUGAGCUUUCAAGGUAAAACAUGUUCAAACUGCUGCCCACU
0	AACUUCAAUACAAGGUCAAAAUCAGCAACAAGUUCUACAAU
1	CAGACUUGUAGAUAACCCCAAAGAUGUGAAGAUCGCUUGUG
0	GCACGCUGGAAAGAAAGGACAGAGUUACUGGGUGCUCCCAA
1	GCUGAAGCGGAUCAAGACAGAAGACGGCGAGGGCAUCGUCA
0	AGCCUAAAACUAUGAAGUACAAACCUGGCCGUCUAAUGCUG
1	UAAGGACUCUGUCCCCAAGGAAGAUGGGAAGGAAAGCACAA
0	CAUUAGUCAUAAUAACCAAAAAGUGGAAACAACACAAAUGU
1	GGAAGAACGUCAGAAGAAAGAAGAUGAGAGAGCACGCAGAG
1	GCGGAGACGGGGUGAGCGAGAAGAAAGGGAAGAGCCAAAGG
1	GGAGGGAACGAUAGGCCAAAAGCCUACAGCACCCGGUAUUC
0	CAGUGAGCUAUGAUCAUGCUACUGCAUUCCAGCCUGGGCAA
1	GCGCAGAGAACUUAGGAGAGAAGCACGGAGGAGCCCCCGGC
1	GAUGUGACUUGUAGCUCAUAAAGAUGGAAGAUGAACCACCU
0	GGCCACUGUUAGCCCCUACAAGCUGGCUUCUGUGUCCUUUU
0	AAAGAAUUUAUUAGUCUACGAGGUCAGGUAUUCAUUGAAUG
0	GGGUGACAUUUUCGCUCGCCAGUUCCUGGCAUCAGUGAGUG
0	AUGCCUGCUGUCCUCCUCUAACCACAGAUCUCAGCAGAGAC
1	UUGGUUAUUCUGCAGAAUACAAACGCGUUAGGGCCAGUAGG
0	GAUUAUUCAAGGAUGGCUUGAUUUAGGCACAAUUAGGCAUU
0	UAAGUCAAAAAGCAUUUUUCAUGUGUAAUCACACAGCUAGG
0	GCAGUCCAAGAUCAAACUGCAAGGCAGCAGCCUGGCUGGGG
1	GCCAAUGUUGGUGCUGGCAAAAAGGUAUAGUUCAUUAAGGA
0	GGCUGAUGGAUGCCAUCUCUACAGAGGUCUGGGCCUUGUGU
0	AUUGAUACAGUAGGCAAUGCAAGAUUUGAUCUCAAGGAGAA
1	GGUGGACAUACCUGCUGUGAAAGGUACUCUGUCGGUUAACU
1	CGCCGCGUACUCCUUGUUUGAGUUGAGGUUGUAGAUGUUUA
1	GCACCAAGAACUGGACAGAGAAGAUCUUGAGGCAGACAGAG
0	UAGGCAUAGUUAGACAUAGUAAACAUACAAACCUGAAUUUG
1	UCAUUCACGACACAGAAACCAAGAUGGAAGAAUUCAAGGAC
1	ACGGCGGCGCACAGUAGAUGAAGAUCCAGAUGAGCGACGGC
1	UAGGACGUAGCGAAAAUGACACGGGGACGGUAACAUGCUUG
1	GUGAACCUCUGAACAAAGAUAAGAUAGAAGAACUUAAAAAG
0	UUUAGUUUGAAUUAUGUGACAGUUGGCAUGGCAUAGUGGUA
0	UGUGUGUGGUGGUAUGGGGAAAGAGGGAGGGGAAAGGAGGG
1	AGCAAUGUGUGCACAGAACAAAGACCAGGAGAGGACACAGU
1	AUAAACCCAUCACCUCUGAGAAAAUCAAAGAGGUGAGUGUG
0	AACAUAACUCUCUGGAGUAUAAAACGGAGGUGUUUUGUAAU
0	CCUAAAAAAACAACCAUUGAAAACAUCCAGCUGCCUCAUAC
0	AGCCACACCCAGGUCUCAGGAUCAUCCAUAGCUGCUUGGUU
0	UGUUUUCUUUCUUUGCUGCUAUAGGGAAAUGAGACUUUUAU
1	GCAGCACGAGUCCCUAAGAAACGUGGGACAAAUGUAGCAAC
0	UGCCUGGGUCUGUGGAUUAGAGGGAUCAUGGUUUUUGCCUC
0	CACAUUUUGCUUAUCCAUUCAUCUGUCACAGACACCUGGGU
1	CCCUGCCCAGUGGAGGCGGAAAGAUCGGCAGAAGCAGCACA
1	GGAAGAUGAGCUCGGGGACGAAGAGGAAGGCGCGGGCGACG
0	GGAUUUGGCUCUGAUCACAGAGUCAAGUGACUGAGUAUAUG
0	AGGAAGUAAGGGUGAUGAAAAGAGAAUCUUGGUGGUGUCCC
1	AGAUGUGGACUUUGAGGAAGAAGAGGAGGAAGAGGGCAACG
0	AGAACUACUCAAUUUAGAAGAAUCUGGAAUACUAAGUAUCU
1	UGUGCAACCUGAAACCCCAGAAGAUGAGAGGAGUCGAGUCC
1	UAAGGACUAUUAAACUGAGUAAGAUGGGAAGCCAUUAGCAU
0	AGUAAAAGGAAAUCAUUUAAACGCUGGUGCUUCCCCACAAU
1	CAAUGCUGAGAUUGAUCUGGAAGAUUUAAAGUAAGAGGCGG
1	GAUUGAUAACUACCUCGUCGAUAUGAGCAGCGAGCUAGCGG
0	CUUGCUAUGGGGCUCUUAACACCCCACCCACCCUUGGUUUA
0	GCAAAAGCAGUGCUAAGAGGAAAGUUUAUAGCAAUAAAUGC
1	GUAGCCCUGAGCUGUUCAAGAAGAUCAAGGAGCUGUACGAG
1	CAUGCGAAACCUGACUGAGGAAGAGAGGAGAGCUGAACUUC
0	AUUCUCAAUCAUCUCAUAAAAUGAAGGUACUGUUGGCUAUU
1	CCGGCGCAUUGAUAAGGACCAGGAUGGGAAGAUAACACGUC
0	CGAAGAAAUAAGUUUUUUAAAAGGCCAAAACACAACAUUCU
1	GGUACCGAGCAACGCUGUAUAGGGGGCUACGAUUAUUGGUA
0	GGACAGGACCGGUGCCGGUGAACCGUUGGCAUCGCCCUCGC
0	UCUUGAUCUCUUGCUUUAAUAGGAAAGCAACGGCCCUCCUU
1	AGAGACUGAGCUGUGCAUGGAAGGUCGAGGCAUCCCUGCUC
0	AGAGGAUGUGGAGAAAUACAAAUGCUUUUACACUGUUGGUG
1	GCAGGACUUGUAAAGCAAAUAAGAUUGGGAGGCCAAGGUGG
0	UCUACUUUUGCAGAAAUUCCAUAAUAAAAAGUUGUAAAGAA
1	CUGUGACCCCAGCUACGUAAAAGAUCGGGUAGAAAAAGUGG
0	GUCCCUACAAAAAUUGCAAAAAUUAGCCAAGGCAGGGUGGU
0	UAUAAAAGACGAUUUUACAGAUGAGGAAAUACAGACUUAGA
0	AAAGGAUUUGUAAGUUUUCCAAGAUCAUUAGAGCAUAUUCU
1	AUCUAGACUGCAGAGCUUCUAAGUUUGGAGAGGCUGGGAAG
1	AGGGAGCACGGACUUCCUAGAAGAUGAUAUAGAAAAAAUUG
0	UACAUGAAGAAACAAUAAAAAUAAGAACCAAAAAAUGUGAU
1	AUUACUGAUAUUGCCGAUCUAUGGGCAGGUCAGUUUGCUAC
1	UUUAACGCACUAGUCGUCUAAUGUAGUAAAGGACAUGCAGA
1	GGCUGCAGGACUAUGAGGAGAAGACAAAGAAGGCAGAGAGA
1	UGGAAAGAAUGUCUAUGCCAAAGAUUGGAUGGUGAUGAAUA
