0.1	0.1.1
1	GGUUAGCAGAUCUAUGUCUGAAUGAGCCUCUUAAAAGCCAU
0	UUUGUUUUUAAAGCAUAUAUACUUGUAUACUGUCUAGCUAA
0	GUAGAUCACUAUAUAACCAAAAUACUUUUAGAAAAGUGAAU
1	AGGUUUGAUAGAAAGCUGAAAAGAUGGGAAGAACCUAAGGA
1	GGAAAUAUAAACUGGUACGGAAGAUCGGGUCUGGCUCCUUC
1	GGAGAUCGACGUGUGGACCGAGGAGCGGAAGGGCACCCUCA
1	AGCUAACCGAAAGAGAGUCGACUGCGAACGAGAAUCUCGUG
0	AAAUAAAAAGAAUGAAUUCCAUGUAGAAUCAAAAUAUAGUA
1	CGGACUGUUCUAUGACUGCAAAGAUGGAAACGACCUUCUAU
0	AGGACCAGGGGCAUCUCUAGAGGGGCUGGAAGGACAAAUAG
1	UCACUGACCAGGGACUUCUGAAGACAGGAGGAGCAUCGAAU
1	ACAACAUGGAACUCAUUAGAAAGAUCUAUAGCACUCUGGCU
1	GGAAACUGAGGCUCAGGAACAGGAUCGGAAGCCGGUUUGAC
0	UGCAGGGUUGGAGGGGCCCAAGGGGCGCCCUGGAUGUGGCU
0	UUUAAACACCAUGACAAACUAAAAGAAUACAGGAGAAAAGA
1	ACUGGCAACAGCUCAUGCUCAAGAUGGAAGAUCGCCUCAAG
0	UUGCCUUUCUCUUCUCUACCACCGUUUCCAGUCUAACCUCU
0	UCCUAUUUUAAAAUUAAGAAACAUUUUAACAAUUUGGUAUU
1	UGUGGAACAUCCUGAGGAACAACAUCGGGAAGGACCUGUCC
0	UCCCCUUCAUGAAGAAACCAACCACACAGCUGGUGAUUCAG
1	UGGACUGGGGUCUCUUCGAUAAGAAUGCUGGAGAGAACACU
0	UAGCAGCCUCAAAUGGACUAAGACAUCUCAUCAGAAGAGGA
1	AUAAGAUAGAAGAACUUAAAAAGAACAGAGAAGAGCAAGUC
0	GCAUGGCCCCCGAGACCUCCAGACCCUUUACUGAAGGCCCC
1	CAGGACUUUAGGGGUCAGUAAAGACCGAGGAGCCUUUAUUG
1	AGAUGAAAAAAGUGACAAUGAAGAUAAGGAAGAGACGGAAU
1	GUUUCGAAGCUUGAUAAACUACAAUGGGAGUUAGAAUUCGC
0	UUGACACAUCAUGUCACUUGAACCAUGCGGAAGGUUUUACG
1	GUAAUGAUACUGAAGAAGAAAAGAUCCAUUGGAGCUUCACC
1	ACAGAUAGCUGGCGUGGAUAAAGAUGGAAGGGUGAGUGGCA
1	UAACCGCAAAUCUGAAACUUAAGUAUUAGAGGAACUUUAGU
1	GAGAAGCCCUGACACACAGGAAGAUCAUCGCCAAGGGGGAG
1	CAUGACCUCUGUGCUGAAGCAGGAUCGGGAGCGGCUCCGAG
0	UGAUAUCUUCUCCCUUUCUGACCCCCUGUCUGUCACAGUGU
0	GUCUUCAGAGCUUAUUGACAAGAUAUCAGAAAAAGGUGAGC
0	GUAGUGCCCGCCUGCCUGAGAGGCUGUGAGCGCUCCUAAGA
1	CCGACUGUGGGCUGAACCUGAAGAUGCGCGGGCACUUCUGG
0	GUGCAGUCCCAGGUCUUGAAAUAGUGAAGUUCAGUUUCUAA
0	UGCAACUACACAUCCUCCUUAUAGUUCUUGCUUUCCUUUCA
1	AAGAAACUAAAGAACAAUCAAAGAUGGAAGACACUCUAGAG
0	ACUAAGUGAAAAUAUUUGCCAGCCCUGAGAUGCAGUUUAAG
0	AAAUACUUUUUCAAAAUGGAAAAAUUUAAAAGCUGUCUGGA
1	GUUAUCCACCUGAGUUUUGGAGGGUACUGUGUUUGUGUGUC
1	GGACGAAGAUGGAGACGAGAAAGUAAAGGCGGGUUAUUUGU
1	CUGUUGACGCUGUAGCGACAAUAUUACUGACUAUUAGGAAU
1	UACUGUCUGGAGAACUCGAGAAGAUGGGAAUGGGCACUGUC
1	AGUGUUACCGCGAGUAUCAGAGACGGCAAGCAUAAGGAGGG
0	AUUCUGUAUCCAGCAAAACUAAGCUUCAUAAAUGAAGGAAA
0	UGGGGUACUUCAGGGUGAGGAUGCCUCUCUUGCUCUGGGCC
0	UUAUCAAUUCAAAUCAUCUGACAGUAACGUGAUCGAUAUAU
0	GGCACCUCUGGCCUCCCGUGACCCCCAGGCCGAGGGUCCCC
1	GCAACAGCAACUCAGACAACAAGAGGAGGAGCACACUGCAA
1	ACGCUCUGCUACUUGCAAGUAAGAUGGACAGCCGGACACAC
0	GGGAGGAUUGAAGGCAUGGGACGGACCCUGGAGAGGGUCCC
1	AGGUCUGCGGAAGGGAGCUGAAGGCAGGAAGAGCAGCAAGU
1	CUACGUUUCUUGGACGCAGAAGCACCAGGAGGCGCCACUGC
0	CUGCUAUGAAUUAUUUUUUUAAAAUAUGGCCAUUGCACUCC
0	AAUAUAUCAGUAGCAUAUUCACAUCCCUUGUGAUUCUUUGA
1	UAAUUCUAGGGUCUUCCCGGACCUCCAGGAACCAUGGGUCC
1	GCCUGGAAUCCAUAUAUAUAAAGUGAAGGAGGGCAGACCAC
1	UUUGGCGGAGUAACUUGACGAUUUCUGAACAUUGUUGUUUA
0	UAAAUUUUUUUACAAGGAAAAAGCCUUGUAAAAUAUUUUUA
1	UCACGGACUUCGGCCUGUCCAAGAUCGGCCUCAUGAGCAUG
1	GAGAAGACGGAGAUAAGGUAAGGCAAAUCCAGAGUGACCCA
1	AAAUCCGUGGACUGUGGGUCAAGUUCGGAGAGCGUGCUGUC
1	CAUAUUUUGACAAAGUAGAUAAGGUGCAUUUGCAUUAUUGU
1	CUACUCUCUUGGAGGGCUGGAAGGUCGGAAGGCAUCUGGCU
0	UUCAGUUUUGUGAAUAGAUGACCUGUUUUUACUUCCUCACC
0	UAGAGGCUGGUCAUCUGACUACGGCCUAAUAUGCCCAUAAA
0	AGUCAAACAUUUCAGUCAUAAAGCUAUGUGGAUCUAAGGCU
1	AAUUGAUGCAUGUUGACUGGAAAUUCCACUUUGAGGAAGCC
0	UCCCGGUGCUCCCAGCCCCCAUAAUGCUGGGCAUCCUUGAG
1	CAGCAGUUGGUUUUGCGAUUAAGAUCAGGUAUGGAAGCCCA
1	CUGAGCGUGGCUGUGUGACUAAGAUAUAUGGAAGAGCUUUC
0	CAGCUGUGGUGGGAAGAGUUAGGGCCAGUGUCUUGAAAAUC
0	UCAAGUGAUCCUCCUAUGUCAGUCUCCCAAGUUGCUAGGAC
1	GAAAAAGACAGAACUAGACAAAGAUCAGAAUCAAAACACAA
1	AAGUCGCAGAGCUGAAGCAGAAGAUCGAGGACACGCUAUGU
1	GUGCGUGCAUGAACGAGACCAGGAUCGAGGAGCUCAGGGCC
1	AUGGAGAACCUGCUGAAAUUAAGAUCAUCAGAGAAGCAUAU
1	UUUUUCUAGCUGAGGAGAAGAAAGUGGAAGCAAAGAAAGAA
1	UUGGGAGGAAAUUAUUCCAGAAGAUCAAAGAAGACGAUUAG
1	CCGACAGCUAGUGACAGAUGAAGAUGGAAGAACAUACCUUU
1	UGAAGCCCCGGCAGCGGGGAAAGAAGGAGAGCAAGGAGGAG
0	GUGACAAUUGUGUUGACUCUACAAAUUGAUGGUAAAACGUG
0	UGGUGCUGUGAGGGAGACGAAGAUGAGUCAUGCCUGUACUG
0	CUGAAAAAGCAGGAAAAGAAAACCCUGGCAUGUUAGUGAAA
1	AAACUCUGGACCUGGAAUUCAAGGUGGAGGAGCCAUUGUCC
0	ACACUCUGAGAAUGCAGACCAGGCACGUCAUUUUAGGCUAG
1	CUGAAAGACAGGGACAUUGGAAGGCCGAAAGAGCUGACGAU
1	UGAGGAGUGUCAGAAAGCGAAAGACCGGAUGGAGAGGAUUA
0	AAAACGUUAAAUGAAACCGGAUGUCUAAUCAAGGACUUGUU
0	GUGAGGGUCCCCCGGGCAGCAGACGGGAACACCCUUGGGAG
1	CUCCUCGCGAAGUGAACCUGAAGGGCGGAAAGGCACUAUUU
1	GCGCGUCAAGAAGAUCUUGGAGCUGCUGGAGAAGCAGGCCU
0	GGAGGAAGAGGCCAGGAGCCAAGGAACAUGGGCAGCCUCUA
1	UCGCCUGCUGGGCCAUACCCAUAUUUGCAGCAGGUCUCCAA
1	GAACCUGUAAAGCCAAGAAGAAGAAUGGAGAGCCGUGCACG
0	GUGGAGGUGCAGAGAGGCUCAGCCGUUUGCAGGACAGUCUG
0	GUAAGCUCCUUUAUGAUAGGAUGUGGGUGUUUUCAAGGGAA
1	AGUUGAAUGUAUUGAAUUCUAAGAUCAAAAGCACCAGUGGA
0	UAAUUCGCCGCCGCCAAGACACGUGAGCCCUACCACCUGCA
0	GAUGUCCCUUUUCUUUCUGCACAAUUAUCCUUUUUCCCAUU
1	UGGGAACUGUAGACCACAAAAAGAUCAGGAAAGUCACUAGG
1	CAAAGUGUGUUCGUCCCUAAACCCAUCACUGCUCCCAUGGG
1	GGCGCUAGCAAACUUCUGCCAAGAUCGGAACUGAGUACUAA
0	AUGCCUGCUGUCCUCCUCUAACCACAGAUCUCAGCAGAGAC
1	ACAUGUCAAGAGCCUCUGAAAAGAUGAAGGGCACUGUCUAU
1	CUCCGUCCUGUAAGCUCGAUAAGGUCACAUCAGAAGCACAG
1	CAAUGCUGAGAUUGAUCUGGAAGAUUUAAAGUAAGAGGCGG
0	CUUUUUAAAAAAUCUUUUAAAGUGCAGGGACCAAAUUUCUG
1	AGGAAUGUCUCUGAAUGAUUAAGAUCUAAGAGUGGAUAAUG
0	UACAAUGAUGAGUUUUGAAAAUACAUUUAGUGUUUCUGUAU
0	GAAAGGGCCAGGCUGCUACCAGCUGAGAGUAAAAAGGCUGC
1	GAGGUAAAUGUCUAUACGAGAAGUAGCGACCAUCAAGCAGC
0	UAAGUCAAAAAGCAUUUUUCAUGUGUAAUCACACAGCUAGG
1	UGACAAUGUGAAUGCCCUGAAAGAUCGAGCAGAGGCCUAUU
1	CCAAAAGGGCUAGAAUUAGAAAGAUCAGAGCUUUUUAAAAA
1	GGUGGACGUCUAAGUUCCUGAAGACGAGAAGUGCAACUGCU
0	CAGUUUUUCUCUAGAAUAGGAUAUACACAUAGAAAGUACUA
0	UGACAGGGGCAUAUGUGGCCAGAGGGAAGUGGAUGCGGGGA
0	UAUCUGCUGACCUUCCCUCCACUAGUGUCCUAUGACCCUGC
0	AGUAAACAUGUACAAGUUGUAAAAGAAGAAAUAGCUUUAAU
1	GUGUGAACUGGCCUUUGGGAAAGAUCAGAGAGGGCAGAGGU
0	AACCUGUUUUACACACAUGCAAUUGGAAAUCCAGAAGAAAU
0	UCUCCUGACUCUGAAGCAGGAAGUCCAGGCCAGCUAGUUCC
0	GGGAGGUCUAGGGCCAAGGCACUCUGAAGACCUUUAUGGUA
0	GUUGCUUAGCUAAGCAGAAGAAUUUGUCAUUUUUUUAAUUU
1	UGAUGACAUUUUAAACCACCAAGAUCGCUGAUGCACCAACA
0	AUGAUGAAGUACUUACCUAGACCUAGUUUUUGGUUACUCGA
0	GUGAAACCCCGUCUCUACUAAAAAAAAAUACAAAAAAUUAG
1	GUAUUCGCUAUUGUCGUUGUAGGUGGUGCUGUGCUUGGCGC
1	AGACUGACAAAAAGUACCUGAUGAUCGAAGAGUAUUUGACC
1	ACUCCUGCAGAGCUCAUUGAAAGAUUGGAGCAGGUAAGCAU
1	UUUUGGCUUUGUGCUAUUUAAAGAAUCGGAGAGUGUAGAUA
1	GAGUUGAAGAGGCAGAGAAAAAGAUGGAAGAAGAAGGUGUG
1	GGCCAGAACAAGGAGGCUGUAAGGACGGAGGAGUCUGUCUG
0	AGAAGACAUGUAUUUGGUUGAUUCUAGGUGUUGAUAGACAA
1	GGCAGUGGAACUCCUUAGGAAAUGUCUGGAGGAGGUGAGUA
1	AAACACUGAACUGACAAUUAACAGCCCAAUAUCUACAAUCA
0	GUAGGUCUAGUUUCACGUAAAGCAAAUAUGUGGUUCUGUAC
1	AGUGAUCGAACACCAGACAGACAUGAAAUACUAGACCAGAA
1	CUGUGGCCCGGACGUUUGAGAAGAUCGAGGAGGUGUCUGCU
1	UAUUCAUUGGAGGACACUGGAAGAUGGGAAGAAAGAAGCAG
1	UUAAGAACAAGAUUGAGAACAAGAUCGAGAGCAUUGGUCUC
1	CUUCGGACUGCACGGUCAUGAACAUCGCAGAGCACUACAUG
1	GAACAUUCAGAAAGGACAUGAAGACGCAGGAAGAGAAGCAG
1	UUGCAGUGAAUUGUGAGCAAAAGAUCUUGAAAGCAAAAAGC
1	UUGACCAGAAAGAAUGACAGACACACUAAAUGAGGAGCUAA
0	CUUCACAUUUUUCUCUAGAGAGCCUGGCACUUUUUUUUCCC
0	GAACCUGGACUGAUACAAUAAGUUAUUUUAUAUAUAUAUAU
1	AACAGAGGAGUGGGGGACUGAAGAUUGGAAUGAAGAUGUAG
0	AAACUAAUUUACACUCCCACAAAUAGUGUAAAAGCAUUCCU
0	CACCUAAUCACAAGCCCCUGAGGCUCCUCUGUGUCCACAGA
1	CCCGGACAGACCUGAAGAAGAAUCGGGACUACCCACUAGCC
0	CACACAGCUCCCUUCAAUCAAGUGAUACCAGUCUCCCGGCC
1	GGUAGGGGACUGUGGCAUUUAAGAAUGUAGAGAGCGCAUCC
0	GGAAAUACUGAAUAAAAUUGAGAGAUUUACUAAGUUAAGAC
0	AUAUUUGGAAUGACUAUUAAAAAAACAACAAUGUGCAAUCA
1	CCUAGGGUUCAUGUAGAGUUAAGACCUGGAAGAGACUUUGG
0	GGCUACAGGGAUUCAAUUGUAAUCAAAAGAGGCUCCAGAGU
0	CUACCAGCCUAGAGAAUGAUAAAGAGAGCUUAUAAGCUGUG
0	ACUUGAUGAUACCAACCAAAACCUAAUAAGAUUUUUCUUGU
1	GUACGCGCCUCAUUAAACCAAAGGUCAUGGAGGGCACAGUG
0	ACAUCUGAAAGAGAAAUGAAAGGAUGAGAAUCAGGCAUGGU
1	UGGUAGAACAGAACAAGCAAAAGAUUAAGAGUUCAAAAGUA
1	AUGGAUGAAAGAAGAAAAGAAAGACGGUAAAAGAAAUUGUU
1	AAAGCUUGACGGCUUGGACGAAGAUGGGGAGAAGGAAGCGA
1	UACUGUGGAAGGUGGACUUGAAGGUCGAAGACAUGAACUUG
1	UCAUAGAGCAAAAAUUCUGGAAUAUCGGAAGUGCCUGAAGA
1	AAGGCAUGGUGGAACUGGUGAAGAUUGGGAAGGAAAAGCUU
1	AUGAUGGCCAAAGUAUUAGAAAGAAACGAAGAGCCACUGGA
1	UCAGCUCUAACUAGGCGAGGAAAAAUCUGCGAAGUCCUGCG
0	ACCUCCGCCUCCCAGGUUCAAGCGAUUCUCCUGCCUCAGCC
0	AGGACUGCUCACCACUGCCAAUUUUUCUCCUACGCUGGGGA
0	UCAGGUGGCGCAUGAUUUUUAUUUAUUUUAUAUCUGAUGCU
1	AAGCAUCUGGACGAUGAGGAAAGAAGGAAGCGAAAGGUAAA
1	GGACACACGGGAAAGCCAGGAAGAAGAGGAAGAGCACCCCC
0	UUUUAUUUAGAAGCGGCAUAAUGUUUUUGUGACCAGAACUA
1	UUGGUCUGUAGAAUCCUGUGAAGACCAGAAAGAGCACUAUG
1	CUCUCCGGAUGGGAGAUCUAAUUGUUGAAAAGCCAUUGGUU
0	CAGGCAAACCCUUUUUGAUUAGCUUCUGCAGCCAAAUCCAG
1	UGUAGUUCCCGUUUAUACUGAAGGUGAUGGGGGACGCACAU
1	GUGGAAAGAGAGCAAGGGGAAGGAUCGGGAGUACACAGACA
1	CGUUGAGGCUUCCAGUCAGAAAGGUCGAAGAGGCUUGGGUC
1	UUGAAGAACUGUCAGGAGCAAAGAUCUCAGAUCUCCACAGA
1	GAUCCACAUCCUGAAGAAUAAAGGCCGGAAGAGAAAGGUGA
1	AGGAUGAGGAAGGGCGGCAGAAGAUCCGGGAAGAGAAGGAU
0	UUUGCCAAAGAGGUAAAGCUAUUUUACAUUUUCAUGAGCAA
0	GUCCCAAGUGCUGAAAUUACAGGUGUGAGCCACCACACCCA
1	AUUUAGCGUGUUGUAUGGAUAAGUUUGAUGCAAAUAUCAUA
1	UUAACUGUUGAGAAAAGUGAAAGAUCAGUAUGAUUAUUAUG
1	GAUUUAAUUUCGGCGAUUUGACUCUUAUAAGACCGCGUUAC
0	AUACUCAAAAUCUCAUUCCUAUUCCUAUUCCACUAGCAGUU
0	ACCUGUACAUAAUAGGUGCUAUGUAUAUGUUAGCUAAGAAU
0	AGCCUUAGAGGGGUGGUGAAAGUAUUGGCUUUUAACUCUUU
0	GUAAAAAACCUACAGAUAAUAUUAUUCUUAAUGGGAAAAAU
1	UCUGAUGUCUGUGCCGACAGAAGGUGGGAAGGCAACAAUAG
1	GACAGGAGAAGAGCGAGAAGAAGAGGAAGAAGAGCAGAUCA
0	GCAUAAGUAUGAUGUACAUGACUUGGUAAAUCCCCACAUCC
0	UGGAGAUAUACAAACAGUAGAGGAAAUAAAGUAUGUGUGUA
1	GGCUGAGCACACAUGAUCCCAAUAUCACAUGGAGCACUCGA
1	UAAACUUGAAGACAAGACUGAAGAUGGAGAGGCACUAGAUU
1	ACGUGAAAUUGAGGACCCAGAAGACCGGAAGCCCGAGGAUU
1	AUUCAUUAUGAAUGAAUAUAAGGAUCGUAAGAUCACACGGA
0	AGAGCCUAGGAGUGCCAUCAAAGUCGAAACCCACGAUGAGG
0	AGGACCCCCAGGCCUUGCCCAGCUGGGGUCCCCGGCGCUGG
1	AGGCAAUCCCCAGGGCAAAGAAGAUCAGGAAGGAAGCGGAG
1	ACCUGGACUGUGUUAAAUGGAAGAAAUAAGAGCACACAUCU
0	AAAAAAAAAAAAAACACCUUAAAAGCCUAAAAAGAUGGCUA
1	ACAGAUUGAACGAACACCUAAGGCGGAUGAUGGCCUAGAGG
1	GCAGAUCAGAGAGCUCGAGAAGGAUCGGGAGACUCAGAGGA
0	CAGCCACUUCAGGGGAGGGGAGCUGGAACUGGUUUGUCACA
1	GGAUUAGAGUAAUGACACUAAAGAUGGAGAGAAAUAGUAAG
1	AACUGGACAUCAAACUGGACAGCGAGGACAAGGACAAAGAA
1	CUCGAGUGCAUAGUACGCGGACGAUCGGUGGCGUGAUAAAU
0	AAGCUGCGCUCUUGAGAAACAAAUACAUAAACAAAAAUAAA
0	UGGUCAGUCAGAGGGUGAGAAGGAGGAACCAACAAAAGCUC
1	CCGUUAUUGGUAGGCGGGUAAAGCAAACAUUCAUCCUGAUU
0	UGGACUUAGCCUUGUUCAGUAUUAUAUUCCUUAACUAGCUU
0	AUACUCCUAGAUAUUGUGAGAUAAACCAAAAAGCGGGAGAG
0	UCAUGUGCCCAGCAUUUAUUAAGCACCUGCUGUAUGCAAGG
1	AUCCAGGAGAGUAAAGACUCAAGAUCGAAAGAAGAACAUCA
0	AUCACACCUCACUCAGCCUUAGGCCUGUGGCAGCUGCCUGG
1	AGGGAGCACGGACUUCCUAGAAGAUGAUAUAGAAAAAAUUG
0	UCUGAAGAAGGUCAUCUCACACCAUAAAAGAGCAGUAUUCU
1	UCCCAAAGGAUAUGCGAAGAAAGAUCAUGACAGGCAGUUUU
1	CUACUAUCCAGCAAAACCACAGCCAAGGGAACGGGCUUGGU
0	UUGAGGCUGCAGUGAGCUAUAAUCACACCAUUGCACUCCAA
1	UUGAUGCGAUCAUGAAUUUCAAGAAAGAGGAGACAGCAAAA
0	UGAUGCUGGUAAUGAUGAAAAACCGACAACUCCCGAGCUCC
1	AGCGAUUUAUAGAUUUCUUCAAGAGGAACGAGCAUACGUAU
1	GGGCGAGGCUUAUCCAUUGCACUCCGGAUGUGCUGACCCCU
1	CAGGGCUGGACUGAGGCCUGAGCGCUCCUGCCGCAGAGCUG
1	CAGCAGAGGCCAAGAUCAAGAAGAUGGAAGAGGAGAUUCUG
1	AGCUGUCGGUGCCCAAAUUCAAGGUAGGACCCCUCCCCACU
1	CAGUUGUGGAUUCUGAUAAGAAGAAAGGUGAGCUGAUGGAG
1	ACAUCAGUAGCCCUGAAUUCAAGAUCAAGAUUCCAAGACAU
0	CAGAGGCAAACGUUGCCUCUAUAGUACGGAGGCUUGCAUUU
1	GUGGAGGAGGCAAGAAGCCAAAGAUGGAGGAGCUGGGCCUG
1	AGAGCCCUGUAGCAACUUGGAAGACACAGAAGACACACGGA
1	UAACGCGAAUUCGAGGAGGUACUAUUUACUGUGAUAAUUUU
1	CAAGGAAGUAGAAGUGAAAAAAGAUACAGAAGACAUUAAUA
0	GAACCGUACUUAGUGAAGAUACGAACAUUUUAAACCAUGCC
0	UUGAUUCCUUUAUAGUACUUAUUACAACUUAUAAUUAUUUA
0	AGAUCAGAAGGUGGGAGGAGAGAAAGGUUGGUGUGUUCAUU
0	AUAUUAUAUGUCUUUGAAUAACUUGCAUAUGUAAGGGCCUA
0	AGCAUCUAUCAUUUGGAUCAAAGGGACGUCGGGCAGGUGGU
1	UGUACCAUAGCUUCCAGUGUAAUAAGUAGUCAACGUUCGAG
1	GGAGGGCACUCUUAGAACAAAAGGUAUAAGUAAUAGAAGGA
0	UCCCUAUUCAAGACAAAAGCAGCUCUCAGGAGUACCUUAAA
0	GCCUUGAAGCCACCAACUCAAAAGGUAAAUAUCAAGGAAGA
0	CUAUGAACCCUGUUGUUAAUACCUCUGUGUUUCCACCAGUU
0	AAACAGAAUUCUGUCAACUGAGAAGAAGAAAAAUUUGUCUC
0	UGGAUGCCACAGAUAUGUGCAGGACACAGUUCCUUCUUAGG
1	CGUCGAAAAUUGAGAGGUCGAAGGCCGCAAGUCGACGAGCC
0	AGCAAAUGGACAGGAAAGCCAACUGUCUUUUGUCAUACUUG
0	UAAUAAGGUAGAAGAGAACCAGAAGAGUCUACAGUCAUAGA
1	GCACCAAGAACUGGACAGAGAAGAUCUUGAGGCAGACAGAG
0	UGGGGGCUGGUGGCUACAACAGCCACACCCAGGUGCCGCCA
1	UGAAUAUCAGAGAACUUGUGAAGAUCUUAAAGAGCAACUAA
1	AGGAUGAAAGAACAGUGCGGAAGAUCUGUGCUUUGGAUGAC
0	UGCAGGGAAAAAGUAAGCAGAAGAUCCCUCACCAGCACUCC
1	ACAGCGCAUGCAGACGACCUAGUGCAAUUGCACCCAUAGGC
1	UGGAGUUUGUGAACAAGAUGAAGAAGGAAGGGAAGCUGAUC
0	UAUUGCAAUCUCUAACUAAAAUUACUACUUCCUUUUUAAGU
0	CUCUUUCGGGACAUUGCCCAAGAGUUCUCUGAUGACCUGCA
1	ACAUCGCCAACUGGCAGAAGAAGAUCGGGGACAUCCUUAGG
1	AGCUCUUAACGCUGUGACCAAAGAUGGAAGUUCUCUAUAGG
1	UCCACGGAAAUCUUUAGUAAAAGGCGAAAGAUUUAUUCGUU
1	CGAACUGGAAGAAACAAUUAAAGUAUGGAAGCAGCGGACAC
1	CAUGGGUCAAGUGUGGCAAAACAGACAUCGCGAGCCAGCCA
1	UGACAUGUAGUAAAAGUCUGAAGACAGAGAAGAGUGCAUGU
0	UCUGAGGCAGAGUGCCAUCCAUCAGGGAGACAGCUGGGGUU
1	CUCAGGAUUUAAAAACUGGAAUGGUGAAGGCGAGAGCAGUU
0	AGGUACUGCUAUUAUUUCCCAUUUUUAUAGAUGAAAAGAUU
0	UUCCUCCAGGUUUAAAAGAGACCCUGUAGGGCACCUGGUCC
0	CCGGGACUCAAAUGUUAGGAAGUUGGGCACAAUCCCAGAGC
0	AAUUCAAGUGAUGUCAGAGGAUGCUCCUGCUUCUCAGACUG
1	CGCGCGGAAGUUUAAUAGGCACGUUGGCGACCAGAUUGAAA
1	AAAUAAAAGAACUCAAUGAGAAGAUCACCCGACUGACUUAU
0	UCUCACCUCCAGAAGGCUACAGCAGAAAAGAAAGCAGAGUC
1	GGAGUUGACGUCAACGUGGUAGGUGUACAAAUUACCCUGAA
1	CAGCACGGUUUUUCCGCAUGAAGAGAUUGUGGCACUCUGGC
0	ACAUACAAAUGUCAGAAAUGAAACACACACAUAGGAAAAAU
0	GGAUCGGGGCAGGACUUAGCAGUACACACUACAGGAGAUGA
1	GACCCCGAAAAGAACCACGCAAGAUCAUUGCCACAGUGUUA
1	UUUUUCUUUGCAUUCCCAGAAAAUAUUUACAGAUUUGCAGU
0	CAUCAAGGUGAAGGACCAGGAGAAGAGGAGGCGUGUGGAGG
1	UUCCAAGGACAAAUCAGAGAAAAAGUCUUUAACUCCACCAU
1	UGGAGUUCGAGUGAAUUUGAAAGUUACGAAGAGCAGAGUGA
1	CUUCUCUGAAAGAUUAUAUUAAGGCAGAAGAGGACAAGUUA
1	CAGAUCAGUUGGCAGGCAGGAAGAUAGGAGGACACAGAGCA
1	GCGAGAAUCUGUUAGUAAAGAAGAUCUGGCAAGAGCUACUU
1	UAGGCCUGUAGCUGGGAAGGAAGAGACGAAGACACAGGGAG
1	GGAACCGGAAGAUGUCCAACAAGUCCAAGAAGAGCAAGAAA
1	AUGACAAUGGUGUGAACUACAAGAUUGGAGAGAAGUGGGAC
0	AGAUUUUUAUUUUUUAAAGUACACAGCACAAUCAAUGUUUA
0	GAGUGAGUUACUUAACCUAGAAGUCACAAGGGACAGUGGCC
0	GAACUUCGGAGCCUCGUGCUAGAUUGGGUCCACGGCCGCAU
0	CUACCUUUCACCUGCUCUUGAAUUGCAUAGGGAAGCAGUCA
1	GUCUACGGCUUAAACUUUGCAAGUAAAGAAGAGGCAACCAC
1	GGUACUCGCCAUGAAACUCAAAGAUCGAGAGGUAGGAAGUU
0	UUGAGCACAGUCUUUGACAUAGGAUGACUUUGCACACACUU
1	CUCUAAGGUGAUAGCUCUGAAAGGUAAACCCGAUGGGAUUG
0	UUGUAUUUCCUAAGAUUAAGAUAGAAUACUUACUGAUCAGA
1	UGUUGGAUCAGGACAUCCCAAUGGUGCAGCCGCUAUUAAAG
1	ACAAGUAGAAUUGACUGCACAAGAUGUGAAAGAUGCCCACU
0	ACCUGUCCUCCACUUCUGUCAGGACUUGACAGCAAAUCUGU
1	CUUCAGCUGACAAAUACGUGAAGAUCUGGGACAUCUUAGGA
0	AGCAGAAGUUGGGAAACAUAACUUGUGGGAAAAAGUAACGA
0	AGCCACACCCAGGUCUCAGGAUCAUCCAUAGCUGCUUGGUU
0	AUGGAUCACCUGACGUCAGGAAUUCGAGACCAGCCUGGCCA
1	AGGCUGUGGCUCGCAUCAAGAAGAUUUAUGAGGAGAAGGUA
1	AUGAGGAGAGGGCUGAACUCAAGAUUGGAAGCAACUGCAGC
0	AGAGGAUGAAAAUAAGUUUCAGGAAAGUGAAACAAAUCAGC
0	AAUCCACCCCUGACUCUCCCAGCCAGACUAGGUGACUUUCC
0	UACAUUUUUAAACAUUGUGUAUCACUUAAAAAUUAUUGUAG
0	UAGGUUACCUUUUUUAAUGAAGAGUAGUCAGUCUUCUAGAU
0	UCAUUAAUUAAGAGGAAACGAGAGCAGCGGCAGUUGGUACG
0	UUCUGGAGUGGCACUGACUAAUCAAUGCUUCUUCUUUUGUG
1	UCAGAACUCAGAAAUUGUAAAAGAUGAUGAAGGCAAAGAAG
1	CUGUCCUGGAACUCCGGAAAAAGAACGGGCCCUUGGAAGUA
1	GAGUUGCUGUUACACAUAGGACGAUGAAAAAGUUAGUGCUC
1	CAAUGAGCUCUUGGACUAUGAAGAUGAUGAGGUGGAGACAG
0	UUAUGGUCUUUCUUUAUUCUACUUAUUGUGAAUAUUCAUAC
1	CAUCGAGCGACGGCCUGUCAAAGACGGUGUGUGUGUGUUCA
1	CUGAGGACCUGGUGCUGCGCAAGAACGAGAAGAGCGUGGUG
0	AACAAACAAACAAACAAACAAACAAUCAAUCAGAGGCGCUG
0	UUCUCCUGAAAGAGCCCCAUAUGUGACUGAGUAAUACUCUG
0	AGAGGCUACAUCUCAAAAAAAAAAAAAAAAAAAAAAGAAGG
1	CAUGUGUUGCUACCAUGGUAAUCCUGCUCAGUACGAGAGGA
0	CUGAGAUGUGUUCAAGUUAAACCUUAAAAAUGUGUCGUUUU
0	GCUUGUAAACCCCAUGGCUCACAGCGGGUGUUUGGUAAGAA
0	UCUAGUUCCUCAUUUGUAAAAACAGAGAUGAUUGGCCAGGG
1	GCAGAGAACUUAGAAGGCAAAAGAGGGAGGAGAUGCGACUC
1	GUGUGAACCUGGACAUGGGCAAGAUCGUGUACAGCUGGGUG
1	GGGAGCUGUACCUCGCCAAUAAGGACGUGGAAGGUGAGAGG
0	GAUGAGGCUUUGGGGAUUCUACUGCCGUUGCUGCCAUUAGC
0	GGGCUGGGCUUGGAGUGGGAAAAGUGAGUAGAAGAGGAGAG
0	AGCUCCGCCCUUGCGGCGCCAUCUGCCCGGAGCCUCCUUCC
1	CAAGGGCCACGUCAUCUACGAAGGCAAGAAGGGCCACGUCU
0	CAUCCUGGCUAACAUGGUGAAUGAAACCCCAUCUCUAGUAA
1	UGGGCUGCAUCCGCGUUGACAAGAUCACAGAGUACCUGUGC
0	UAAGCACAAGGAAUUGGCAAAACAGACAUAUCCACAAACUG
0	CUUUGUAACAAUUUGAAUUGAGCAAGAAGCCUCCUGGCCAG
1	CGGCUACGAUUAUUUUAGGUAAUGAAGUGAAGUAUCAUAUA
1	GCGUGGGCCAUAUGGAGCUGAAGGAAGGCAAGAAGCACACC
0	CCUCCCAUUCUAGCUAUUAUAAUGAAGGGAUAAGUUGUUCA
1	UGUAUCGAAAUCGGAGAACAAUCCCAGAGUUCGCAUCCCCG
0	GCAUAUUUUAGGAUCAGCAAAAACCCACAAUGCCUUUGGCC
0	GUUGGCGUGACAGAGGGCUCACCUCUUGCCUUCUAGGUCAC
1	ACUUGAGAGGACCAGAUGUUAAGCUCGAAGGGCCCGAUGUU
0	CUGUCCCCGGGAGGUGCUUCACUGCCCCUUUCUUUACUGUC
0	ACCGUACUCCUUCUAAAGAGAGUAGUCAACUGAUAUUAAAG
1	UGCUUUUUUGACCUCAGGCGAUGGUCGAGGUGAUGCCUGCA
0	UCUGGACACUGACUGGCUAUACUUAGGUCGUUUGAACAUUC
1	AGUUCAAGGAGGCUGAGCUGAAGAUGCGGAAGCAGUUUGGG
0	UACCUUAGGCCCUUAUAGGCACCCGGCCCUGACUCCACACC
1	UUGACUUUCAUUAAAAUCUAAUUUGGUAGUUCAGCGAUGAG
0	CGCCAUUCCCAGAGCUUUUUAACAAUGGUCUUGAAAGCCAC
1	AUUCAGAAGGCUGGACAAUCAAGCUUAGGAGGAGGGCACGU
1	GAACACGCUGUGUGGCUGAAAAGUGAAGGCAAGAGCUGAUU
1	UUUGAUAGUAGAAGAAGGAGAAGAUUGGAAACAUGUUGAAA
1	UAAGGACUCUGUCCCCAAGGAAGAUGGGAAGGAAAGCACAA
1	GAAGAAAGAUGGAAAUUCUGAAAACUGAAUGUCAAGAAAAG
1	AGCUGAUUCUGCUGCAGAACAAGAUCCGAGACACACAGCUG
1	ACGCGGUUAUUGACGACGUGAGCUUAAUACUCCGCCUAUAU
0	CUCACCUGCCCAACUUCCAAAUGUGCCCUGUCCAGGUCCAC
1	GUCAGAAGUUCCUAAACCAGAAGAUGGAGAGCCGCCAAGAA
0	CCUGGUCUGCCUGGGCACCUACUCUGGGUGACUGGGGCAGC
0	GCAGAUGUCCAUCAGGGGGAAAAAUAACAGAACAGAAGGAA
0	CUGCUGGCCACGUGCUGGCCAUUUUUCUUCACAUGCACCAG
1	GUGUGGACUGGGCUCAGAGAAAGGUCGGGAGGCUGCCACAA
0	CACACUUGGCUAAUUUUUUAAAUAUUUUUGGUAGACACAGG
0	GCCCUUUCCCAUCUGUAAGGAUUAAGAGUCGUUACUUGGUU
0	AGUUGACCCUUGAACAAUGCAGGGUUUAGGGAUGCUGGCUC
0	CUCUUGUCUCUUCUCCCUCCAGGACCUAUUCCGCAGGGUGC
1	GAACCUGAGCUUGGUUUAGAACGUCAUGAGACAGGUUAGUU
1	AUGAGAAUGAUAACGUAACCACUCGAGAUAAAAGCAAUGCU
1	AACCCCCAGCACUGCCACCAAAGAUCGGAACUCCAACAAGA
0	AGCAACAGAGGCGGAGCUAAAGGUCACGAUGGAACAUCAAA
0	UUAUGUUGAAUAGGCAGGACAAAGGAAAAUAUUCUUCAAAA
0	UCUUCCUGAUCUCACUGAGGACCAACCUUUCGACAUUCUUC
0	CCAGUACAACUAAAUGUGAUAUAUCUUUCCUCCAAAUUACA
0	GAGACACUGAGUGGGGUGAGAGUUAUGAGGAGACACUGAAU
1	AAAACCUUUUUCCAAGGACAAAUCAGAGAAAAAGUCUUUAA
1	AGGACGAGUGUGAGGACGCCAAGACGGAGGCGCAGGGCGAG
0	CCCCAUUAAUGACCCCAGUCACCCCGCCCCCUCCUUACACU
0	GAGAUGCUACAGAACAUGCCACGCUUGAUACACUUCGCAUC
1	AGAGUUUGAAUGUGGAGUGUAAGAGAAGGAAGAGUUAAUGA
1	UGGUCAUGGAGGAGCUGCUGAAGGUCGUCAAGAGCCUGGUG
0	AGAGAGCCAAAUCAUGAGUAAACUCCCAUUUACAACUGCUA
1	CGGGUUAGCCUUAAUGGGCAAGACAAGAAGUGUAAAGCGAU
0	AAAUCCAAAGGGCAAGGGUAAAGAGCCUGGGAAAAAGGAAA
0	GCCCACUUUCUUUUGAGCAAAUCAUUCCCAUCUAUUGAGCC
0	CUCCACAGCAACUCCAUGAGAAGGGUGCUAAUAUUACCACU
1	GCGGAUCAGCGAGCUCGAGAAAGGUACUGGGGCCAGGGGGA
0	UUGGGAGGCUGAGACAGGAGAAUCGCUUGAAAUGGGGAGGA
0	UCUAAUUCCACCUGCCAAUUACCUGAGCUUUCAAGGUAAAA
0	CUUGAAGUAAAAAACAAUAAAAAGAGACAAGAUAUAUUAGU
0	GAUUAGGGACCUAGGUAGACAUUAAGUAGUGGGGUGGCUAU
1	AUUUUGCCCAGCCCGUCAUGAAGGUGCGCCCGGGGUGUGGG
0	CCCUGCUGAACUGGCACUCCAAGGCUGGGCAGCUAACGGAG
1	CUCAACUGUCAGGCCCUACAAAGAAAAUGGAGAGCCUCUUC
0	CCGAAUAUAACUUCAUUUCAACUUCAUAUCCCAAACUUAUG
1	CGGCCUUUUGGCUAAGAUCAAGUGUAGUAUCUGUUCUUAUC
1	CAAGAGACUUGCACACUGUGAAGAGCUGAGAGCACAGGUGA
1	AGUUCGGAGUGUCCCCUGACAAGAUCAGUCUCCAGCAAGGC
0	UCCAGAAAGUAACUUGAGGCACCAACAAGUUAAAGCACCAA
1	UCUUGGAGCCUUCUGGAUCUACAAAGCACAGUCCCACUAAC
0	AGGAGGCCUAUCAAACACGAACAGAGAAAUCUCGUGAAGUA
0	GGAAGGAACACAGUGGCCUCAACUCAUUCCAGGGAGAAGAC
0	CUGUUCAGGGAUCGAUCAAUAUGAUGUGACUAAAAAACGAC
0	AAAUUAAAAGAUUGUAAAGAAAAGAAAAUAGGUUCUAAGCU
1	UCGGUGACCGGUCUUUCAUAAAGUAUAUCGGCACUACUGUC
1	GGGCAAUGUGACUGCUGACAAAGAUGGUGUGGCCGAUGUGU
1	CGGAGCUCUGGAGAAACAUGAAGUUCGGGACUAUCUUCUGG
0	UCAGCCAGUCACAAAAGGACAAAUGUGAUUCCACUUAUAUG
0	CAGUGAGCUAUGAUCAUGCUACUGCAUUCCAGCCUGGGCAA
0	AUUUGCUCAUCUUGCCAUUCAAACCCCUCUUAUUCAUGUUG
0	GAAAUCCUGUCUCCACUAAAAACACAAAAAUUAGUCAGGCG
1	GCGUGAAUGGGAUCGGGACAAAGUUCGAGAAGGGCCCCGUU
1	GACCCUGGCUGUAGAGUAGGAAGAUCGGACUUGGUCGGCUU
1	CGCAUGAAUGGAUGAACGAGAUUCCCACUGUCCCUACCUAC
1	CCCCGAGGACUUCGUGGACGACGUGAGCGAGGAAGGUGAGG
0	ACACACACACCCCUCAUUCUAAAAUACUUAGAAAUCAGAAU
0	GUUGCCCUAGAGCUUGCAAUAUAUAUUUACAAGUCCAUUUU
1	CGUAACGGGGAGAGAGAGAAAAGAUCUCCUCAGGACCUCGG
1	GUAGCCCUGAGCUGUUCAAGAAGAUCAAGGAGCUGUACGAG
1	AAGGUGAAGUCGGGCCCCCUAAGAUCAACGGAGAGGCCCAG
0	UGAUGUACACGUAGGUUCUCAUCUGCAAUGUGGUUCGCCCG
1	AAGAGGGUUGGAGACUGUUCAAGAUCGACAAGGAGUACUUG
1	CAGUGUUGCCUCUAACAAUAAAGAUCAGAAUUCCAUGAAAC
0	CAAGCCUGAAAGUAAGCAGAAAAAAAAUAAAUAAAGAGCAC
0	ACACUUGCACGCCACUGUGGAUCCAUGAUGAGAGGCCAGGA
0	UAGAAAACACUGGAUUCUAUAUUUAAAAUUUCAUUCAGUUC
1	AAUGUCCGGACGCGGCAAGCAAGGCGGAAAGGCCCGAGCUA
1	CCAGUGCGGUAACGCGACCGAUCCCGGAGAAGCCGGCGGGA
1	GAAGGCUCUACGCCUCGUGUAGUGCAUAGCCAGCCCGUUGC
1	UCAGAUGAUGAAGAUAAAGAAAGUGAAGAGGAGGUAAAAUA
0	CUGAAAGGAAAUAGACAUGAAUGAAUGAAUUAAUUUUUUUG
1	CAAAAGUGCCCUCCCAAUAUAGUUCAACAAAGAGCCCAAAA
1	ACCGGACCGGGUCGGAAACGAAGAAGGAAGCACCGAGAAAA
0	AAAUUUUUCUAUUCGACAAAAUACCUCUAUCCGAGGUAAAA
1	UGGAAAACUCAGAGAGGAUAAAGAUCAUACGACAAAACCUA
0	GUUUAAUUUAUAAAUGAGGCACAGUAAGAGAUUAACACCAA
0	UCACAAAAAGGAGAACUGAAAAUUUAGACAUACAGUUGGCC
0	GCGCAGUAUCCCAGCGUUACACAGUAUGGUGACUGUUACAU
0	CACUUGAGUCCAGGAGUUCAAGACCAGCCUGAGCAAUGUAG
1	AGCGAAACUGCGGAAGCUGAAAGAAAAAGAAGAGUUAGAAA
1	UUUGAGGAUAUUGUGUCUUGAGAACUGAGUGCGACAGUUGU
1	GGCUGGCUCAGAGCGCUGCAAAGAUCAGAAGAGUGGUGAAC
0	AAAUAGAAUACUAUAAAACAAUACACAGCAACAGAAUAAUG
1	UUGAACAGAGUGGACUUGUCAAUAUCAGAGCAGAGCACCAA
1	GCGAGCUGGCUGGAUCGCCGAGCGCGAGUGAGGGAGCCGAG
1	AGGACUGUUUUUGGACGUGGAAGAUAGAGCAACAUAGCAAG
0	UCUUCAUUCAGGUUUCCUACAAAACUUCCAUAUAAUUCUGC
0	UCUCAUUAUCUGAUAAAUGUACACUUAGGUCUCACAGCCCC
1	UGGAAAAGGAGAACCCUGAAAAGAGGAAGAACAGCACUCAG
0	GGGUGAGCUUUGGGCAAGAUAGAUGGGUUUGGGUCUUGGGG
0	GCAGUGAGACCAAGGGAAGAAGGGACAGGACCCCGCGAAGG
1	CUGGGCGGCCAGGCUCACCGAAGAUGGAAGGGACAGGCAAG
0	UCUGAGAUGCCAACUGACGUAGCUCAUGAGUAGCGUAUCCU
0	UUAUAGUGCUCACCUCGGUUACACUGUUCAUUCACAUGUAU
0	CAUGCCUGCCUGCUCAGGAAAUGCCUCUGCAUCCUGCAACU
0	CUGAGCAGCUGGCAUCAUAGACACCUACCACCAUGACCAGU
0	GUAUCAGUCAGUCCAGGAAUAUCCUUCUCUCCUUAGAAGAA
0	GGCAUUUCAGCAACUGUAUCAGGAAUCAGAAGAUUUAGUUU
0	AUGUAUGUGUACAUACAUUUAGAUAUAUAAAUUCCAAAGUA
0	CCCCUGAGUGCUUCAGAUCCAAACUGAUUCAUCCCACUGCC
0	AUCAACCUCUGCUGGUCAGGAGGGAUGCCUUCCUUGUCUUG
1	AAGGACUUCGGGUGUUUGACAAGGAAGGAAAUGGCACCGUC
0	GCAUAGCACUGUGUAGCUAUAAAGCGCCAACGAAAAGGAAA
0	UUUGAGGUAAGGUUUAUUUUACAUUAUAGAAGAGUAGAUAC
0	AGUGGGAGUUGGUCCCCCGCACCUCCACAGCUUGUGUGGCU
0	UGCAAACAAGGCGGAGGUGAAUUACCGCCCCUCGUGGCCGC
0	AAGCAGUUGGUUACUCUGGAAUGCCUGGCCCUGGAACUGGA
0	UUGAUUUCAUAAGGGCUUAAAGGGUUGCAACCCACAGCUGA
0	GAGGGAGAAAAUUAACUGGAAGCAGAAUCACCUGAGAGGAC
1	GUGUUCUAAGUAGAACUGCUAAGAUCUGGAAGUACCACCUG
1	ACGGCUCCGUGGUGCAGUUCAAGAUCAAGAGGCACACGCCG
1	AGAACUCUUUAGCCGAAUCCAGGAUCGAGGAGACCAGGCAU
1	CCCGACUAGGGGCAGGAAACAAGAUCGGAGGCCGUAGUUUA
0	CCUGAUCAAUCAUAAUAGUUAUUAGUCAUUGCUGUUUGCCA
1	UAUAGGACACCACCAGUCUGAAGAUCGAGAGACAUCUGAUC
1	AAAAGAGCCCUUGAAGCUGGAAGACGGGAGGUGCGGGGAAU
1	GCUGGGAGAGCCGCAAGCGGAAGCUAUCGGGAGACCAGCCA
0	CAUUUUGAAAGCUCUCAUGUAAGGCUGAAGCAGGAGAUAUA
1	AGAUGUGGACUUUGAGGAAGAAGAGGAGGAAGAGGGCAACG
1	CCUGUCGGUCUGAUAUCCGGAGAAUUAAAUAGCAUUGCUGC
1	CGGGCCUGCUGUGUGUGGACAAGAUCGAGAAGAGUCAGGAG
0	CUUUAUUAAGACUAAUCCAGAGAUGUUAGUUUUGCAUCCCU
1	GAUCGAGUUAUCGUAGGCUAAGCUGGUGCAUCGCCGAUGGC
1	GGAACUUUGAUCUUCCUAAGAAUUAAAGUUGCCAAAUUAUU
1	UGAGCAGGCUCUGGGCAGGAAAGAUGGAAGGAAUGCGCCUC
0	UGGGUGCUGGGCACUAGCUGAAGCUAGACAAGAAGGCUAGA
1	CUGUCAACUGGUGGAGGAAGAAGGUCGUGUAAGAGCCAUGC
0	AGGGCUGGAGAGAAGCUGGGAUCUGAGACCUUGGUCUCCAG
0	GCACACACACACGCGCGUGCACAAUGACAACAACAAAACCA
0	UGGGACCACAGGUGUGUGCCACCACACCUGGCUAAUUUUUA
1	GUGAACCUCUGAACAAAGAUAAGAUAGAAGAACUUAAAAAG
0	AAAUAAUAGAUUUUAAAAAUAAAAAUAAGAAUUUGGAGGUG
0	AAUAAUAAGCAAACAAACAAAUGAUAAACAUCACAGACUUU
0	CAAGAAUACAGGAUAGUCAAAAGCAAUAGGUAAAUCCUAAA
1	GGCUGUGAGCUGUGGAGCCCAGGGCCGGAGGAGCAGUAAGG
1	CAUAUAAAUAAUGAACUAAAAAGAAAGGAAGAGCAGUUGUC
1	GUGAACAAGUAGAGAAGAACAAGAUCAACAACCGGUGAGAG
0	GUCUUAUUGUUAAUCUGGAAAAUACACAAUAAAUGCAUUAC
1	UUGUUGCAUUGCUAGCUGAGAAGAGAACGAGAACAUUUGGA
1	GCAUUAAAUACCGUCAUAAGACAGGGCGCACUGCUCGGCGC
0	UUGAACAUCUGGUGCAAAAGAUGAAAACAACUGUGAAAAGG
0	CACAGAAAACUACACUAACAAAUAUUUGGCUUAAUGGAUUA
0	UAUAAAAGACGAUUUUACAGAUGAGGAAAUACAGACUUAGA
1	UCAUGUAGUUUUAUUCUGACAAGAUUGGGAGCACUUUGUAC
1	UUCUAAGGCGCGUCGGGGCUACAUUGUGGUAAAAAUUGGUG
0	CAAUCUGGGGAAAAGCAGGGAAGGGAGUUUCAGGAUAACAG
1	AAAUUAGGCCAUUAUGAGACAGGUUAGUUUUACCCUACUGA
1	AGACUCUUACUCUGGUUACUAAGAUCAUCUGUGCAUGACGG
1	UCGUUGGAGUUCCUGGCUGCAAGGCGGGAGAGCAGACAUCU
1	GGUGGCUCAGCAGCAUGAUGAAGAUGGAAUUGAAGAGGAAG
1	UGCUUUACAAUCCAAAUUUUAUGCUUUAAUCUGAAGGCGCC
1	GUUGAACUCAACAAACAGGGAAGAUGAAGACACCCCACCCA
1	GCGCAAGCGGAACGACUCCGAAGAGGAAGAGCGGGAACGCG
1	GUGAUAUUAUCGUUAUAGAUACGCGCAGCAGCCGCCGGCAG
0	CUCAAAAACAAAAACAAAAAAAAGAAAGAAACAAAGAAAAA
0	AGAGGUGCCCCAUGGAGGCCACUGGGUGACGGGCCCAGGGG
1	UCUGACUUAGAGCUGAAGUAAAAGAUCACUGAAACAUCACG
1	UUCCAAUGGCUGUGUGUUUAAAGAUUGUGGGAGCUUCGCUG
1	GCCAAUGUUGGUGCUGGCAAAAAGGUAUAGUUCAUUAAGGA
0	AACUCUUUGGUUUUAAAGAUAAAAAAACAUGUUUCAUCUGG
0	GGUGCCCUUAUCUAGUACACAAGAAUAUAGACAAGCCAAGC
1	UGGAAAGAAUGUCUAUGCCAAAGAUUGGAUGGUGAUGAAUA
1	CAAGAAGCAAAUCACCUGCAAGGAUCGGAUGGGCAGCAGUC
1	UACACCGAUAUCAUUGGGCGAGCACACGCCAUGGCGGAGAG
0	AAUUCAUUAGCUGGGGCGUAAUCAAAUUGAAUUUUAUUCUC
1	UUGGAGCAUUUGUGUUGAUGAAGAUGAAAGAGACUGCAGGU
0	AGACCACCUGUCCUUCGAGCAGGUGAGUAGGCCCCACCUUA
0	GAUGGGGACAGAAAGGUAAAAGACCAAAAAAGGAUAAGGGG
1	AAAGCUGGAUGCUGUCAUGAAAGCUCGGAAGGACAUUGUUG
0	AAACCUCAUUUUUACCUUAUAAAGUGUUAAGUUUCACGUGC
1	AGUGUGAAGAGAUCCUCCACAAGAUCGUGAAGUACCGCUUC
1	AAGAGAUUGUGGAAAUGUACAAGGGCAAGAAGAGGCACGAG
0	UCUCAUAUCACGAACAGCAAAGCGACCUAUUAAAAAAAAAG
1	CUUCGGACAAGGAACGGAAGAAGAUGGUGCGCGAGCUCAUG
1	AGAGACUGCCUCUUAACAUGAAGAUCAUUGGACAAGCCACA
1	GGAAGAAGAACCGAAAUGUCAAGAUUGGGAAGAUCACAGUG
1	GGCUUGAUUAGAUCUGGUGGAAUGGUGGGCGCGCCGGUCGA
1	AGCUCCAGCAGAAGCUUUGAAAGAUGGAGAAGAGCGGCAAA
1	AAGCGCCGGCCGUGUAAAUGAAGAUCGGGUGAGGAGCAGGA
0	CAGUAAAAAUUUUAACUUAUAAUAAAGCCAAUUAUAAUGUA
0	CCACACACCUGGCACCAAGUAGGGACCCAUGGGAGAGGAGU
0	CGGAAAUAGUAAAAUAGUUCAACAUGUGCUGUUCAACUGAU
0	UUGACAUUCUCAAUGGUGUCACUCGGCUCCACUUCGAGAGU
1	CAAGCUGUAAAUACUCUACUAAGUUUGGAAGAAUCUUCUGA
0	GUUCAGCUGGCACUUCUUCCAUGCCAGGGGCUGUGCAAAUG
0	AAACUUGAAAUAAAGGGAAUAUAAUUUAUGAAAUCAUAAGC
0	UGAGGGUCAAAAUUUAUUUUAUUUUAUUUUAUUUUAUUUUA
1	AACUGCAGGAGUCCGUCAGCAAGAAGGGGAGAGUCGGCUCA
1	GGUGGGCAAGGUGAUCCAGCAAGGUCGGCAGAGCAAGGGGC
0	GUAUAUGAGGUGAUUAACACAGACCUUGGGUUGUUAGGGUG
0	CAAAUGGUAUUUCUAGUUCUAGAUCCUUGAGGAAUCGCCAC
1	UACUGCGGAUUGAACCUGAGAAGACGCGGAGCACGGCUGAG
1	CAAAAAGUACAAGGAGCGCAAAGAGAGAAGGGCACAGCAGG
1	UACAGGUUGUUAGUAGAGAGAUCCUCAGCAUGAGCCUAGGG
0	CAUCCUUGCCUAAUACCCCCAGUGAGUGUGCGCAGGGCCUG
0	AGCUCAAUCCUCACUGUCUCACGUCUGUUAACCCAAAACUC
0	UUAGACUCCCACACAAUGAUAGUGGGAGACUUUAACGCUUC
1	AAGUUUUAGUUACUCUGGAGAGGAGAAAGGGCCGGCGCGCG
1	AAGAACGUCAAACAUCUGGCAAGGUCGGAAUGAUUUUGCGA
0	AAUACGUAGAUUUAUUUCAGAGAACAUUUUCCGAAUCCUGU
1	AGGAGCGUCUUAUAGCUCCCAUCAGACACUUCCUUUGCAUG
0	UGAGUUUUGAGCAUUUACUAACUCGGGCGAAAAAAGAUGCU
1	GAUGCUCCCCGAACAAGAUGAAGACAGUGAAGUGCGCGCCG
0	UGAAUUUCUUUCCAGAAUUAAGUGUAUAAUGCCAGGGAUAC
1	UGGUAAAGGAAUAUACUGGGAAGAUUGGAAGGCACAGACUG
0	GAUUAAAGACUUAAAUAUAAAACCCAAAACUGUAAAAAUCC
1	GUGUCACUAUUAGAGGAAACAAGCGGAAAACUAGAUGGAUU
1	GGAGAUCAUUGUAGACCAUCAAGAAGAGGAAGAUAUGAGAA
1	GAAACAACACCGGGCUCUGGAAGAAACGGAGGAGGACAACG
1	GACAAGAUGAAUGAAAGUACAAGAUCGGUAUUGCAUGAAGU
1	AUUACUGGGAGAUGUACUCAAAGAUCGGCCCCAGGAAGCAG
1	UGUAGGGGAACUGACCGAUGAAGAUGUGAAGAUGAUCACUA
0	AAAAUAUUAACAUUUUCUUAAAAAGAAAAAAAAAUUAAAUA
0	UAGGCAUAGUUAGACAUAGUAAACAUACAAACCUGAAUUUG
0	CGGAGUCAGGGAGGGAAGGCAACAGAGUGGGUGCUACCUGA
0	UUCUAAGCAUUUUUUGACCAAAUUCUUCCUGAUAACUUUCA
1	AGGAUAGUACUGUCUCUUACAUCCCUCAUACUCGCAGCGUC
0	GCCUUACCAUUUGUGUUCUCACACUCUUACACUCAGGCACA
0	AACCAUAGUUUUGUAUUUGCAUAGAGAACAGAUAUCUUAGC
0	GAACUGUAGGUCAUCAUGUUAAGUUAAAUAAGCCAGACACA
1	ACAAACUGAAAGAAAAAGCGAAGAAACAGAAGGGUCGCGGC
0	UCCCAGGGGCCACAACACCGAGGAGCCUUCCAGGGAAAGGU
1	UGCUGGCUUUUAUAAACUCUAAGCGAAGGAGGAGCACUGCC
0	AGCAAAGCCUAUGUUAGAGCAGAAGCCUUCAGCAAUGCCUG
1	AAGUUCUGUAGCCUCAGUGUAUGAUGGGAAGCUGCUCAUAG
0	UAAUAAAAGCCUGGCCCUGUACUACUCAAUUUAAAAGCAGA
1	CUUUAGAAUGGAUGAACAAGAGUUAACCGGUAUGGAAUCCU
1	UGCAGAACCCGAAAGUUUGUAAGAGGAAGAGAGCGCGCGGC
1	UUGUCUGUGAAGUGGGCGUGAAGAUCGUUGCCACCUUCCAA
1	CACUGAUAUAUCGUAGAACAAAAUGAUACACCGUCCGUCGC
0	AAAAUUCAGUUGUUUGGCUUAGAGAUAAAAAGGAGAUGAUU
1	CUGUAUCAAAGUCUGGACGGAAGAUUAAAGGAAGGGGCACA
0	UCAUGCACAGAUCAAGCCUAAUUUUCCAUGUGGCACCCCCC
0	GGGGGAGGCGAAGAGGAGUAAAAGGAGAUAAAGAGACAAUG
0	AUGCCAGUUAAUUUUUAAAUAAUUUUUAGUAGAGAAGAGGU
1	GGCAGGCUCUUCCUCUACCUACUGGCGUCUUAAGUCCUGGA
0	AGAUGCAGUUCAAAAAAAAAAGACAGCUUCUUAUAUUAGUA
0	AAGUGGGGGCCAGACAGAUAAUAUAUCAACAGGUGAAUAAA
0	GACCAGUUCAUCCCCUCCUUAGGCAAUUAUGUGGUCCCCCA
1	UAAUGACCUAUUGAGCCGUCAAGAAAGGGGAGAGUGAAAAC
1	AACUGAAGGAACAGCUGGCUAAGAAAGAAAAGGAGCACGCA
1	AAGCGUUAAAAAAGAAGAAAAAGAUCAGAGGCCCAGAGAAG
0	UCACAGAAAUUGGACCACCAAGGCCAUCUAAUUCAACCUGA
0	GGUAUCCCCCAGCUUAGAGAAAGGGGCUAAGGCAGACACAG
1	CGGUCAACGGGAGGCUUCUCAAGGUAGGUAUGGUUGGGGAU
1	GGUCUUAAUAUAGAAUCUCUAAGAUGGAGAGCACCCUUUCA
1	GGGGCCUCCAAGAAACGGGUAACUUUCCCCCUUCCUUCCCU
0	ACUGCCCAGUUGCCCUCCAAAAAGGUCAUGCAGUGUACACU
1	ACGUGAAGAAGCUGGCGCACAAGCACAAGAAGAGCCGCGAG
1	UUCGGGCCGAGAUCGAGCACAAGAAGGAGGAGCUGCGGCAG
1	CCAAACCGGAUGAGAAUUCUAACACGGGCCUGACAUCAAAU
0	GCUAGUAGCGGAGAGAGUAUAUUUCUUCUUAUGUUACAGUG
0	AUAAGUUAACAGGAAACAUCAGGUAAGAAAUGAAGUAAAAA
1	CCCAGGCCAAAGAGAACGAGAAGAAGCUGAAGAGCAUGGAG
1	AUUUCCAGGCCUUGGACAAGAUUCGCUAUGAGAGCCUGACA
1	AAAAGACUGAGAGCCACCACAAGGCGAAGGGCAAGUAACUA
0	GGGUCUCAGGGCACAGCCUGAAGGCAGGGGAGACGCACAUC
0	CUUACAGAUCAUUGUUGUGCAUGUCAGUAAUGACACCAUUA
1	AUCAGGUCUCGUUCCCGCUCAAGAUCAAGACACAGGCAUAG
1	UGGUGACCGAUCGCCGUGGCACUUGAAAAUGCAACAAGGAG
0	CAACAGAGGAGAUUCUGUCGAAAGAAAGAGAGAGAGAGAGA
1	CUAGAUUUUCUAACUUGUGCACACGUCCAGAGCAUGUUCAU
0	GUCUGAGAAGAAUUCAUGUUAGUUCUUUAAAGGUUUGGUAG
1	UAGGCACCAAAAGAUGAUAAACUAUGCCUGGGCAGGGCGAA
0	UGUGUUGUCUCAGCUGGAAGAAUUAGCACCAGUUUAAGUUA
0	CCAGAUUGAAAAAGUCAACAAAAGCAAAGGCUAAGGAAAUG
1	ACAACUGAAUUGGAACAAAGAUGAUCGGGAAGGCAGAUUUG
1	GCGGAGACGGGGUGAGCGAGAAGAAAGGGAAGAGCCAAAGG
1	CAGGACAGGAAGACAAGAAGAAGAUUAAGACAGAGAGCGGC
0	AGCACUAAGUCUAACAAACAAGGAUACAAUGAAUGUCAAAU
0	UCAGGAAACACGCCUUUUCAAUCAUGAGUGCACCAGUGCUU
0	AUAAAUACAAAUGAAAAACAAUACAGUAUAAUAAUUAUUUA
0	UCUGGGGUCUCCAAUACUCCAGAAAGGCUUUCCUGACCCUA
1	AGCACUACUACCAGGAGCUCAAGAUCGUGCCCGAGGGCGAG
0	AGCAGCUGUGAUUUUCUGCAAGCCUGAACUCGAGGUAAGCU
1	AGGGCUGAAAAUAAAUAGGGAAGAUGGAGACACCCUCUGGG
1	ACGGGAAGUUUGUCAAUGACAAGAGCAGGAAGAGCGAGAAG
0	AUUUAAUAAUAUUUGACUCCAGUUGUAGCUAUGUGACUGUA
0	UACAGGUAUCGGCCUACAAAAACAAAAACCAGUUAUCUUCA
1	AUGCAGCCGGGCUGAGGCUGAAGCCUGGUACCAGACCAAGG
1	UGUGUAGAGAUGGUCUGGGAAAGAUGGGAGUAAUUUGGUUA
0	UGGUGCACUACCCUCCAAGAACCUCUCUGUGUUCGGCUCUC
1	GGAAGAUGAGCUCGGGGACGAAGAGGAAGGCGCGGGCGACG
0	ACUGUGCUAAGUGCCUUACAAACAUUAUCUCAUUCAUUCCU
0	ACGUUGCUACCAGCGACUUCAUGAGACUCUGAUCUGGAGCC
1	UACGAUUCAAUCCACUUGUAAAGCGAUCUGUUGUGCUGUUA
1	CAGCUAGCUUUGCACAGUUUAAGAUGGAAGGAAAUGCAGAA
0	UAGAUUGGGUUCUUUAAUUUAGUAACAUGGAUUAAGUUUCC
1	AAUCAUUGAACGUCAGUGGGAAAGGAGAGCAAGAGCGAGCG
0	GUUUUACAGUUGUUAAGUCCAGAGUGCUAACCUGCAAGCAU
1	GACUGCUUUGGCAGAUCAUUAAGAUCGGUUUGUUCGCUGAC
1	AUUGAAAAGGACUCUGUUUGAAGAAGGAAGAAACUAGUGAG
1	UAGACUGAAAAAUCAAAUUCAAGACCAAGAGCAGCUUGUCU
0	UUCACGAUUAUCUGGUUCACAGUCUCCAGGGCACCUGAAUA
1	AUCGUCUGACAUGAUAAUGUAUUUUUGUCCUCUAAGAAGUU
1	AUUACUGAUAUUGCCGAUCUAUGGGCAGGUCAGUUUGCUAC
0	CUCUCUUGGGCCUACAUUUGAGCACCUCCCUACACUGCCCC
0	CAAUGAAGUGGAAUUUCAUCACUACUGUAAAGCAGUCCCUA
1	CGGUGACUAAGGCUCAGAAGAAGGACGGGAAGAAGCGCAAG
0	CAUUUAUAAGUUGUGAGGAUAUUGAUGUAGGGAAAUCCCAA
1	CUCUCUGAAAGCCUUAAAUUAAGGUACAGAUAUUAUGAAAU
0	UCCCCCUUUGGUGUGGAUGCAUCGCUGCACUCACCCUCCGU
0	GAAAAUGUCAUACCUGAUGGAACCAAUCUGUGAGCCUGAUG
0	UUGUCUAUGUCAUAGAUUCCAAAGCGUAGCUUCUGGACUGU
1	CGAAUUGGUAGCUCUAUGAAAAGUGUAGGAGAGGUGAGUCC
0	GUUUACUGUCAGUUUUCCCCACUAGAAUGUAAGAUCCAUCA
0	GUCCCUACAAAAAUUGCAAAAAUUAGCCAAGGCAGGGUGGU
1	CACGCGUUAUUGUUUGUUUCACGUCCGGGUUCCGUCUGUGA
1	UUAAGGAUUAGUUCAGGUCAAACUGGGACACAGUCAAAAUU
1	GAAGUAGCAAGACAGUUGGAAAGAUCAGCAUUGGAAGAUAA
1	GACUGUGAACCUGCUGGCCGAGUGGCUCAUUCAGACAGGUG
0	AAAGAAGUGGGGAGAUAAAAACUAGAAGAAGCAAGAGAGGU
0	AGAGGAUGUGGAGAAAUACAAAUGCUUUUACACUGUUGGUG
0	AAAAAAAAAAGUGUGUGUUGACUGCUCCGCCAACCGGCCUU
1	UGAAACUGAAGGACAACGAGAAGAACCGGAAGCUCUUUGAC
1	AGGCGUACGCUCGUCGUUGUAGGGGGUGCCCUAAAGCGAGA
0	CUGGGUAAAGGGUACAUGGAAUCUCUGUAUUUUUUCUCAAA
1	CAAAGAACCGAGAUCACAGGAAGAUCGGGAAGGUAUGCCCC
0	AUGCAUUUCCCUGCCCAAACAUUUGAGUAUAUCUUUGAUUC
0	UGCCCAGCCUGAAAUUAAUAAUAUCAAGCAAUGUGGUGUUU
1	UCAGGCCUGGAAUGCUGACGAAGAUCUUGAGCCACCCUACC
0	AGUAGAGUUCGUUUGAAAAUACACACACGCACCACACGCAC
1	AGCUGGCAGUGGACACAGGGAAGGCCGAGGAGCCCGUCAAG
0	UCCCUGGACAUUUCUCUCAGAAGAAUUAUUUUUUUAAACCC
1	CGUAAACGAGCUAGUGGUUCACCGCAGGAGCACGUGCAGCU
0	CAAAAGACGGGUUGUCUGCGACCCCCUGCUGAAUGCAAAUG
1	GACAAAGAUAUUGUUGCACUAAUGGUCAGAAGAGCAUAUGA
1	AGGUGAUACCCGCAGUCUUGAAGUUGGGCGUUGCCCGGGUG
0	GACACCAUUUCUUAUUUGACAAUGUUUCCUACAUAAUUUUA
1	UGAGAGUUCAACCGAAGGUAAAGAACAAGAAGAGAAGUCCG
1	UGUUUCUGUGAUUGAUGAACAAGAUGGAAAGCCCUACUAUG
1	CGACUGGAUGAUAUGAACCAAAGAUGGAAUGACUUAAAAGC
0	CCCUGCUUCGCUUUAAAACAAACACCGCAACCAGCCCCCGC
1	GCGCUAGCAGGGCUGAAGAGAAGAUGGAGGAGCUGGUGGUG
1	CGGUUGUGAUCAAUCAGGUGAGGGUGGUGGCCUACCGGCAA
0	GUGUUUUCAUCCAUUUAGCCAUUUGUUUCACCUGCUAUGGC
1	UACAGGCUGAACAGGACAGAAAGGUAAGAGAAAUGAGAAUU
0	UCACUGAGCUGUUCUGACAGAGGCGCUGGCACCUAUUGUGA
1	AAGCCCUCAAGCUGGAUGGAAAGAACGUGAAGGCAUUCUAC
1	CCAAGAGGGACAAGAAGAAGAAGAAGGAGCGGAGCAACCGG
1	GAACGGGAAACUACUCCUUUAAGAUUUGGAAAGCCAGGAUC
0	AAAGACUUGACACCAGCCCAAGAUUGAGGUAUGAACUAUGG
1	CUGGCUGCCAGGGACACUGGAAGAUCGGGGACACAGCCAUG
1	GCUGUGCGGGCUGUAACCGCAAGAUCAAGGACCGCUAUCUG
0	AUUUUAAAGAGGAAUGUCCAAAAGGAAAAGGGGGAUGGGUU
0	GGAAAAGAAGUCAUUAUUCGAAAAAGAUACUUGCACAUGCA
1	AUGUCGUGAUUUUGCUUCGAACAAAGAUAGUACGCUCACGC
0	GCAUCUGUGAGGGCCAUAGGAGAGAAGCAGAGCUGGGCACC
1	UGGACGGGGAGACCCUGAUCAAGAACAGGAGCGCAGAGCUU
1	GCGCAGAGAACUUAGGAGAGAAGCACGGAGGAGCCCCCGGC
1	GGCUGCAGGACUAUGAGGAGAAGACAAAGAAGGCAGAGAGA
0	UAUAUUCCCUAGAUUUUUAUAUUACAGUCAUUUUGGUGUUU
1	AAAUGUGGAUUGAAACGAAAAAGUGAGGAAGUUGACAGCAA
0	CAAGGCAGGAUGGGGACUCCAAAAGAGAUGAGAAUUAGUUU
0	GUGUAGGUGACAGUGUGCACAGGUAGGUGACAGCUGUGUGC
0	GACCGCAUGCGACCCCGGGGAGUUGUGGGUAGAGAGUUCCA
0	CCCAUAAUCCCAGCAUGAUGAUUGGAAAGAAAGAUUUUGGC
0	GGUGGGGAAGGAACACAGGAAAUGAGAGGCCAAAGGGCCCC
1	AAGGUAAGAACAAAGAUCAAAGGAAAGAAAGAGACACUUUU
1	CAAAGUGGAGCCUGAGAAGAAAGAUCCUGAGAAGGAACCUC
0	CCCUACAUCUCAGUUAUUGGAAGAAAAUAAUUAUUGAGAAC
0	GGUGUUCUCACCACAAAAAAAUAGAUGAUAACUAUGUGAGG
1	GUACCAAUGCUCAUAAACGAAAGUCGACCAGGAUUGCCGCA
1	UGUUAGUCGCUUAAACGGAGAUGGUAGCGAAUAAGCAGGCG
0	UAUGCCUCUCUGAAAAACUAAUAAAAGCAUAAAUGGAAAAU
0	AUAUAACCCACGGUUGGCACAACAUAAGCACCUCCUGGGGG
0	ACAUUAAAUUAUACACUUCAACCACAGGAAUUUUGUGUUAU
0	CUGGGAUUACAGGCUAUUACACGUCCUUUUAUACUGACUGG
0	CAGGGCCCUGAGGGCUGCAGAGGCCGGAGGCUGUGGGUGCA
1	UGGCUGAACAACUGCUAGAAAAGAUCCAGAAGGAGCCCACA
0	GAGCUGUUUUCUUCUAGAUCAGAGACUGGGGCAUGUCAAAG
0	AACGAAUGGACGAUGUCAUCAAAGGUGCUCUCGUCUGUGCU
0	AAGACUCCAUCUCAAAAAAUAAUAAUAAUAAAAAAUAAAGA
1	AUCAUUGUGGAACUGAGGGUAAGAUUGAGAGAGCAAGCCAC
0	CCCAUGUAUGUCUUCUUUUGAGAAGUGUCAGUUCGUAUCCU
0	CCCGGAACCUGGGAAUCAGAAAGAGAGAACACAAUACUAAA
1	CGUGGACGACAUAGAUAAGUAUAAAUGAAGGGAGUAAGUUA
1	ACCCGUAGACUUUAUGUAGCAAGUUAUGCCCGAGUCCUCUC
1	CAAAUUUGAACAGAUGAAACAAGAUAGGAUCACCAGAUACC
0	CCAGCUGGUAGUUGCCUGGGAGGACUCGGCUCAGUAGUGGC
1	CGGUUUGGGUCUCUGAAGGAAAGGUAUGUGGCAUAGAUAUG
1	CUUUGGGAAUGAGAACAUGCAAAAUCAGGAAAGGCUGUAGA
0	UUUAGUUGAGGCCACGACCCACAGGAUGGAGUGGUUCCUUU
0	AGGGUGGCCACCAUCUCUGCAGAUUGGUCGACUCAGCUGUU
1	CUGGACUCUGAGAACUGGGAAAGAUCAGAGCAAGCCUUGCC
0	AGAUUUUAAAAGAUAUACAAAGUAUGUUCUUAUUGCAACCA
1	AGAAUACUCUGAAAGCAAGCAAGAAGAAGAAGAGGGCAUCC
0	GCAGUCCAAGAUCAAACUGCAAGGCAGCAGCCUGGCUGGGG
0	AUUCUGUAAUAUUUUACUUAAUACUAUGGAAUCAAGGAAAU
1	GGCUGAAGAGGACGAUGAAGAAGAAGAAGAAGAGAUGAUGG
0	CCUGGUUUUCUUCCUCCCUCACUGACCAUUCCUGUCCCAUC
1	AAAUUUAUGAACUCGAAAUGAAGCGGAAAGCAGAUAUGCGC
0	AGCACUGAACCUUAAUUCGAAAAUUGUUAAAGCAACCAAAU
0	UCCAGGGCUGUGACUUAGAUAGACAUCACUUCGGGGACCUA
0	UGCACCCAGCACCAUACCUAAAGAGAUCAGGUACAGAUUUU
1	AUGUAUUAAACUCUGUGAAGAAGAUGGAAGAGAGCCUGAAA
1	GGGGCAUGAACUCUCCAACGAAGAGAGAAAUCUGCUCUCUG
0	CAUGAAGAGGAGACAGCUGGAGAAGGGGACCCUUUAAUUCU
0	CAAAGUGGUUGUAGCAUUUUAUAUUCCCACAAAAGUUAUAG
0	GUAAGAGCAGUAAUGAGUCCAGGAAGUGUUGUUACCAUCUA
0	GCAGAAUCAGUCAGUAUGGAAACCGUGUUCAUCUAUUAAUA
0	GACCACAGGUGUGCACAACCACAUCCAGCUAAUUUUUAAAA
0	AGGCUGUGUUGUGUUACAACAAAAUAAGUGCAGUAGUUCCC
1	GAGUACAGAAUUACAGUAUCAAUGCUUAUCGCCAUUAGUGU
1	AGGGGACUUUCUAGAUAUGUAGGAUCGGGAGGCAUUGAAGA
0	GCAGCUGUUGCAAGGUGUUCAGAUUGUAUAAACAUAAAUGU
0	CCCAUCUUCCCAGGUGCAGAAUAAAGGCAAGAUCCAUCACU
0	CCACAGGCGAGCCUCCUGCAAGCAUCCUCUCCUGCCUGGGG
1	AGAUGCAUCAGGGGGCGAUCAAGAUCAGGAAGAAAGAAGAU
0	UGGGAGGCCGAGGGGGGUGGAUCACCUGAGGUCGGGAGUUG
1	CUGAGAAGGAUGCUGAACAGAAGAUUGAAGAACAGAAGACU
1	GAUGUGACUUGUAGCUCAUAAAGAUGGAAGAUGAACCACCU
1	GAGGGCACCGUGGAGCUCAGAAGGUGGGUGCAGAGAGGGCU
1	ACAUGUGCACUACUUCAAGAAAGAUUGGAAGCAUGUGUGGC
1	UCUCAUAGAAAAAACAAACGAAGAGCGCAAGACACUGCUCA
0	GUUGGGAAAGAUUAUUUUAAAACUUUUUUAUAGAGACAGGG
1	ACUGUUCCGAUCUUGGAUAUAGCCUCAGCACACUUUCGUUA
1	GUCGGAGAAGGACAUCCAGGAUCUGAAGUUUGGGGUCGAGC
0	AUCUUGAAUGGUGGAGAUAGAUUCAAGCCAUUUUGAGCCCA
1	AGACCGACUUCGACAAGAAUAAGAUCUGGUAUGAGCACCGG
0	ACUUGAGAUAAUCCUGAGUUAAGGAUGCUAUGUUAUCUUGG
1	GUCUCAACAUUAACGUCUGCAACUUGCGUGGGCAAGGUGUC
0	AUUCUCAAUCAUCUCAUAAAAUGAAGGUACUGUUGGCUAUU
0	AAUACAAUUUUAAAGAAAGGAAGGAUAAGACUUCAUUAAAA
1	AUGAAUCAAAGUCUGAAAGAAAGAUGAAGAGCCACCAGACU
1	AAGAAUCAAGAGGGACAGAGAAGAUCGAGAAGCGUGAGUAA
1	CCAGCCAUUCUCCAAGUGACAAGGUAGGAAGAGCAGAUGCA
0	UAAUAGAUAAUGUUGCAAUUAACAUCUCUGCAUAAAGUUUU
0	UUUUGGUUAAUCUUCCCUGUAUCAUUCCAAUUUUAGUGCAC
0	AAUAUUCAAAAAUAAAAACCAGUUCAUAAAAUAGCUGAAAG
0	AUAAAAGCACACAGAGAAAAAUAAAAGAAAAAAAUAAAACA
1	CUCCGUGCAAUACGAAUAGGACAGGUGCAGACGACGGACAC
1	ACAGGAACGUGGAGAUCUGGAAGAUCAAGAAGCUCAUUAAG
1	GAGGCGACUAGCCACUGUGGAAGAGAGGAAGAAAAUAGUUG
1	GGAAUUGAAAUAACGUUGGUAAGGAAUACAUCGCGUCGAUA
1	UGAUGUACUCUGGGGAGCUUAAGUUUGAGAAGAGAACGUCC
0	UCAUGUUCUCCUAAGAUGGAAGAGACUUAUUUCCCAAUGCU
0	AGCGCUGAACACUGCACGAAAGCUGAGUUCUCCUCUCCUGA
1	AACUGGCAGAGAACAAGAAGAAGAUCGAUGCUCUCCUGGAU
1	CUGGGCACCGGCGGACAGUCAAGGUAGGCAGCGUGCAGCCU
1	AACGGAAAGAAUAUUUGAAAAAGAAACGGGAGGAGCUGAAA
0	UGACCCUAUGAAAUCACAUGAGGGUAGAAGAGCCCCUAGUG
0	ACUUCCUUUUAUUAAACAGUAAAUGCUAAACAAUCCCUUAG
0	CUGAGCUUUCAAGGUAAAACAUGUUCAAACUGCUGCCCACU
1	GGAGAGGAGGAUAGCAGCAGAAGAGAAGAAGAAGCAGGAUG
0	GCCUGGAGAGAGAAAGACACACGUUCCAUAAUAUUUAGAGU
0	CAUAGUGACAAGUUUGGAAGAAGGUCCAGCUAUGGAGGAAG
0	AAUUUUCCCUAAAGGAACACAAUAAACUGCACAGUAGUUGC
1	UAUUAGAUGGCCUUGUGGACAAGAUUGGAGAUGUGAAAUGU
1	CACGGUGCUGUAUGACGUGCAAGAGCUGCGAAGGGCCAUGA
1	UUAAUGUGAGAACAUUUCUGAAGAUGGGAAAGACAAAUUAU
1	AGCAAUGUGUGCACAGAACAAAGACCAGGAGAGGACACAGU
0	CCUUCCUCUCUCUCCACUGGAGGAUGAAGCUGAGAGUUGGC
1	UUGACAAAAGGACCAUUGAGAAGUUCGAGAAGGAGGCGGCU
0	UAGAAUACUACUCAGCCAAAAAGAUGAAAUACUGAUACAUG
0	AUUUUAUCGGUUUUUAAAAUAUUUUCCAGUCUCAGGGCAAG
0	UACACACUGAAUUUAUUAAUACAGCAUUAAGUUUCUUUGUG
0	GUUCUGACAGAGGCGCUGGCACCUAUUGUGACACAAGGUCC
1	GCAGAACAUGAACCACACAAAAGAUCCACCCUGAAAACCAG
0	UUUGUCUUGUUAAUGUUCAGAUUAUAUAUAUAUUUCUCCCA
0	CACUAUGCAAAGAACUCACCACAAGCCACCUUUUGUAGUGU
1	GAUUGGUCAUGGAGAAUUGAAAGGUAAAAUUGUGCUUUUAU
0	UGGCAUCACAGGCAUGAGCCACCAUGCCCAGCUCAGUUUUU
1	UUCCCCUCCUCGACUGACUGAAGAUCGAAAGAAGGCCUCAC
0	CCCCAGCCAGUGACUGUCUAAAAGGAGCCGAGUUCCCACUG
0	GGGGGAUCUGUGAAGGUUUCACUUGAAGCAACAUCCUAUGA
0	GAGUUGUGUGAAUUUGUCACAUCUGCCCAGGUCCAAUGUCA
1	GCGCGAUUAUUGCUAAUUGAAAACUUUUCCCAAUACCCCGC
0	GGUUUGAGACCAACCUGGACAACAUAGUUAGAACCCAUCUC
1	UGGCCAUGAAGGACCGCAUGAAGAUCCGAGAGCGAAAUAAG
0	UGUGUGUGUGUGUAGGAGAGAGAGACAGAGUCUCGCUGUUG
0	ACCCUAGGUGAAGUCUCCCCAGGAAGCUCUGGACCCCUUAC
0	UACUCACACAUUCAAGGAAUAGAUAGUAAGCGCCUGUUUUA
1	UUAUAAAUAAUUUAUAUCUGAAGACGGAGAGCCUGUAAUAU
1	CAUGAUGAGAUGGUCCGAUAAUGUGUUGUUGCCAUGGUAAU
1	UGAGGCUGUUCCUGAACAGAAAGAUCCGGAUCCUGAGUUUC
0	CCCAGACUGCCAAAAGAACUACUCAAUUUAGAAGAAUCUGG
0	UUGCUGGAGGUCCACUCCAGACCCUGUUUCCCGAGGUAUGA
1	CCCACGUCUGCAAUGACCUUAAGAUCGGCUACGAGUGCCUG
1	UCACUGACUGGGCCUGGUACAAGAUCACUGACUCUGAGGAC
1	UCUUCACACACGUGCUGAGAAAGUACGUCUUCUUUGAUCUG
0	CCCUAAAUUUACUCUAAUUCAUUCCCAGGGUGGCCUUGCCU
0	AAGACUUGCUCAGGAAUGUAACUGCUACCAGCCUAGUGUGA
1	AGGUAGCAAUGUGGGCAUGGAAGAUGGGGAGCGACCCCGAA
0	CAGCCUGGACUGUUUGUCUCAGAGGCGCAUACGUUAACCUG
0	UGUUCGUGUCAUGCGGAUCAAUCCUGCCCAAACAUUAGUGU
0	CCAGGAUGUCAUAAAAAAAGACCUUUAAGAUACUUUCUUAG
0	AUUGAAAUAUAAUUGUAUAUAUGUAGUACAUAGUGGUGUUU
0	UGUCCCUCUUCCGUGUCAUCACAGCCUGCAAUUGUGUGUUU
0	CAGCUUUGCUGCUGUAGCAGAAAAACGGCCAUAGACAAUAA
1	GGAUUACCCUGCAAAACAGGAAGACAAAGGAAGGGCCAAGG
0	AGACCCAGACCACCACAGACAGACAGAACCGGGCAUGGCAU
0	ACCUGUUAAGAGUAUUCUGUAAGUCAACCCAAUGAUACACA
1	GCAGGACUUGUAAAGCAAAUAAGAUUGGGAGGCCAAGGUGG
1	ACUGUGGCCUUUGUUCUAGUAAGAUGGGAGCCACUGUUGUG
1	GCAGGAGCUGUGAACUGAUAAGAACCGGAGUUCAUCAGAGA
0	UUUUGCUUGCUUAUAGUAAUAUGGCUCCCUUGAAAAAGUGU
0	GACUGUUGAGAAAUCCAAACAAAACUUCCCCUAGAAGCAAU
0	GUACAUUUUAACACAAACACACACUCACGCACGCACACAUC
1	GGUAACCUGGCCUGGGCCUGAAGUGAGUGAGAGGCACAUGA
0	GGGUGAUGUUUGGUGGUAAAAAACCUACAGGCGUUUGGGGU
1	GAAACAGUAUUAGGAACUGAAAGAUCGGUUAAAAAUACCCA
0	AGGCUGGUAGGCAGGGCAAGAAGCCAAGGGCCCAACUUAUA
0	CAUAGUCUGUGCCACGUAGCACAUUCUCAUUUAACUUCCCA
1	GAAUACGCGAAACUCUAAUAAAGCCACCUCAGAACAAGCAG
1	UUUCCUCCACCAUCGUAGGAAACGUGCUCGUGGCUCCUCUC
1	AAUCUUUGUCAUUCACAGACAGUUGUUUUGCUUCUUCCUUA
1	GGCCUGUAGCUCUUGGCACAAAGUAAGGAAGUGCACCAGAG
0	CGUCCAAAAGCUUCCGGAAGAGCGGGCAGGGUCCUGCACAG
1	GUUCAGCUAGUUCACACCACAAGGAAGGGAGACACAAGACG
0	CCACCAGCCUCCAUAUACACAGCCCCAUUGUUCUCCUAGAC
0	UGAAGGAAAAAAUCCAGCUGAGUGAUAAAGGCUGAGUGUUG
1	CUGGCGGACUUGUCUUCUGGAAGUUCGGGUGAGGACGAUGA
0	AACAUCAAUCUAAUAACAACAACAAAAAAGACAAGAAAUAC
0	ACACAUUAGAGGCAAAAAGUAUUUCCUAGGCAUAUAACUUU
0	AGCAGAGGAGGUGGCAAGGGACCACAGGGGACCUGCCCCAG
1	CGUCUGUUCAGGAUUUGAAAAAGAAGAGGAAGAAAACCUAA
0	GGUAUUUCACUACAAUGAACAGCUUAGCAUUUUGACAACUG
0	UAAAGCAUGACUUCUGGCAUAAAACACAUGCUUAAGUAGAA
1	CCACGUUGGCUGUAGACACCAAGGAGGAAGAGAGUGAGGAU
0	AAAGAGGAUUGCCUGAGCUCAGGAGUUCAAGGUUUCAGUAA
0	GCUCGAAGAUGUCGUUGACGAAGGAGUUCAUGAUGCCCAUG
0	GAAAGGGAAUACAGUUUGAGAAAUAUGGUAGUAAUGCCAAU
1	GAGCCGGCUGCAAGACCUGAAAGAUCGCCUGGAGCAGUCCG
1	GGGAUAAGAACCGUGAUGGGAAGAUGGACAAGGAAGAGACC
0	AGCUAAUGUGUGCACUAAGUAACACGGGUGAAUCCAAACCA
1	UGAUAAGCUACAUGAUGGCUAUAGUAAAAUCGAAUGAGAGA
0	GAAUUGCACGCUCACUUGAAACUAUCUUGAGGGACUAAGGU
0	UAGAAGGAUCAAAUUCAGAUACAGAGAUGCUGGCACUUACC
1	UGUCGGACAUGAAGAGACACAAGAAGCUGGAGGAGCAGAUC
0	CUCAGCCUUGGCCAUGUGAGAUGGUCAGGGCUCUGAGCUGU
0	UUAUGCUGAUAUAUAACACAAAUGCAAACAACAAUGAAAAU
1	GAAGUCCCCCUUCAUCAUCUAACUGGUCCAUGGGCUCCAUA
1	AGAUCACCGAACAAUAGUUGAUUAAUAGCAAGAUCGGCGCG
1	CACUCAGGGGGUCUGGAAAGAAGGUCAUAAGGGAGCAUGAU
1	CGGAGGAGAUCUCUGAAGUGAAGAUGGAUGCAGAAUUCCGA
1	GAACUCGUGGGGCACUGGCGAAGAUGUGAAGGUUAUAUUGA
0	GGCCUGUGCCUUGCUAGCUGACCUGGAGAUGCUGCCUGGUG
1	CAGCAGCGCCACUCUUGCCCAUGAUCGAGGAGCUCAAACCC
0	AAUGAGUUAUGUAAUGAGGGAAACUCAGUAUUACAUUAACA
1	CCGAAUUGCUCGACUACGUAAAGAACUACAUCUGGCCGGUC
0	AAAAGUGAAAGUUGGGAAGGAAGAUUCUUCUUCUGCAGAAU
0	AUUCACAUAGGCAUCCCCCCACCCCACCCCACCCUCCACCC
0	UCUCCCGAUCUGAGGGUUGCACAGUUCUGUGGAAAAGCACU
1	UGAUAGGAAACUCUGUACAGAAGAUCAGUGAACCUGAAGCU
0	UCAAAAUAAAUGAAGAGCUCAAGAUGACAUCAGUCCCAUUU
1	GACUCUAGAGAAGAUGCGAAAAGAUCAAGAGGAAAGAGAAC
0	CUUAAGAUGGCAACAAAGUAAGAGGCAUUUCUUCUAGCACU
0	UACAGGUCAGCAAAAAAAAAAAAAAAAGAACACCCACGCAG
1	AGUCAAAGUCCUGGGCUGGAAAGAUGGUGAAAGCACAAAAA
0	CAUGUUGCAACAAAAUUUUAAAAACAUAUUAUUUUGGAGAA
1	GGGACAAAGAACAAAAAGGGAAGAUUGGAAAUGGAUAAAUA
0	AUAAAUUAAAGGUUCUGUGAAUUUUACUAAAUGCUUUUAUU
0	UAGUUAGCCAGUUUCAUUCAAAACCAUCUAUAGCUAUAUUG
1	GUUGAUCGCUUACGUAUGAUAUCAACAAUAUGCGUGACAGC
0	AAUAGAAAAAGAAAAUCGCCACCAAAUAAAACCUAUAAAAA
1	ACUCCAAAGACUGCAGCUUGAAGAUAAAAGAGAGCACUGCG
0	AUAAUAAACACCUUCUAAAAAAAGGAACCUUGUGAAGGUCA
1	GAAGAAGCUUGGACCUAAGAAAGAGAAGAAGAGCAAAUCCA
1	CCAGGUUCAAUUCGGACUGGAAAGGUCCACUCGCACCAGGC
0	UUUUGGGUCUUGGGAGGAUAAGUUCUUGCUUGAGUAGAGAA
1	ACUUAAGGAACAUGGUUAUGAAGCUGGAAGAGCAGAUCAGG
0	CCAUCUGCUCUACCUCCUCCAAGUCCCCCACCUGGCUGCAC
1	GUGGAGGAAGAGCCACCUGCAAGAUGGACACGAGCCACAAG
0	UCUAGAUUUUAUGUGAAGAUAUUCCCUUUUCCACCAUAGGC
1	UCGCGUUUAACAGUGUUCGAACUUGUCCGGACCGACAUUCU
0	AGAACUACUCAAUUUAGAAGAAUCUGGAAUACUAAGUAUCU
1	GCAGCACGAGUCCCUAAGAAACGUGGGACAAAUGUAGCAAC
0	UCAUGCCAGCCUUGUAUCCCAGGAAGGCUGUGAGGUGGACC
0	UUAACAAUAUUGGACUUUCCAGUUCAUUAACAUGAUACAUC
0	GGGCUGCUUGGUGGAGAGCAACAGAAGGCUUUGAAGGGGAA
1	CCAGGACCGUCUGGAUCUGGAAGAACGGAAGAAAGUAGAGA
0	UCCAGCAGUGUGUCGAAAUCAUGGAGAAGCUUCCAGCUUUC
0	AUUUCUCACCUAAAAGGCCCAAGAAAGAAAAUCUGAUUAAU
1	CAAGAACUCUUUGACAUCUAAAGAUCCAGAUAUCAAGGCAC
1	GCACAGCUGAUGAAACAAGCAAGAGGUGCCUGAGGCAGGAG
1	UUGUAGGACUUCUCUACACAAAGGGUGGAAGAGCCACUAAG
0	AAAUGUCCUAGAGACGCAGAACCAAAGCUGGAGCUGGGCUG
1	UCUGUUUGAACUCUCCGGUAAGGACUGCAUCUGGUAAUCUG
1	AUGAGGGAUCCUGCAAGCAAAAGAUCAAGAGGAUUUGGUUU
1	AACCUAUGAAAUCUGUACAAAAGAUUGGGGUGAGUGAAAGA
0	CACAUUUUGCUUAUCCAUUCAUCUGUCACAGACACCUGGGU
1	UCAGAACUGCCACUGAGCUAAAGAUGGUGGGGCCACAUGCU
0	CAACCUGAAGAUUCUUAACAAAAAGCUGUUCGCUUUUAUUA
0	ACCACACCCGGCUAAUUUUUAUAUUUUUAGUAGAGAUGGGU
1	GCCGCGUGAAUAUAUUGUUUACGAAGGCAGCGGAUAUGCUC
0	GCCAGGCAGAAACACUCCUCACUUCCCAGACGGGGUGGCAG
0	CAACAGCUGGUCUCUGAGACAAACAACCAGACAGGCUUUAU
1	AAUCGAGGACAUUGAUAACGAAGAUUGGGAGAACCCUCAGC
1	AGUACUGGAUGAACAGAUACAAGAAAGGGAGAAUUCAAAGA
0	GGGCUUGGUGGUGCAUGCCUAUAAUCCCAGCUACUCAGGAG
1	GUCUACUGUAGGAACAAUGAAAGAUCUCAGUGAGCACAGCG
1	GAGAAGGAAUCUGUCAUGUGAAGAUCUGGGAAGCAGGUGUA
0	CGUGGUGGCUCACACCUGUAAUCCCAGCACUUUGGGAGGCC
0	AGUAAAAGGAAAUCAUUUAAACGCUGGUGCUUCCCCACAAU
1	CGGGCAAGAUGCUGAUGAGCAAGAUGAACAAGAGCCGCCAG
0	CCUAGUCAAUAUAUGUAAGCAGUUUAAUUACCAGGGAUGUU
0	GGCUAAUUUUUUGUAUUUUUAGUAGACAGGUGGCCUCACCG
1	AGCCUGUGCUGAUGAUGAACAAGAUGGACCGCGCCCUGCUG
0	CCUGCUGAGAGAGAAAGAAAACAGUGGGAAUAGUGCCUACA
0	GAGAUGAGGCUGGUGUGUAUAAGAGAAUGCAUUCAGCUCAA
0	GAUUUUUCCAAUAUGAAUUAAAGUAUCUUAUGAUGUCUGAA
1	CGUAGCGGCGCCAGAUUAGGAGAUGUUUGCAAUAAGUCCGA
1	GGGACCAGGACUUCUUCACCAUGAUCGGCAUGGAGCACCCC
0	GAGCCAAGUUCUUUAGCGUUAACUCAUGGUAGGCAAAGCCA
1	CCCUAAACCACGCAAUAGCAAUAGAAAGACAGACGGUGUUU
1	AGGACUGGGUGACGCCGUACAAGAUCGCGGUGCUGGUGCUG
1	CAGUGGUUGGUGAAGUACAUAUAUAAAUAGUUUCGUUGUUA
0	CAUCCCUGGAGCUCCAAGUGAACCCUCUGUGUGAGCAAGCC
0	GAGGCCGAGGCAGGUGCAUCACCUGAGGUCAGUAGUUCAAG
1	AGAGCAACCAGUAGAACAGAAAGGUCUGGAAGCAGCAUUCU
0	AACAUCCCCCACCAUAAAAAAAAAAUUGUUACAAAUGAUGA
1	UCCCUGUAAAAAAUCAAAGCAAAUAAUAUAAAAGGGAUUAU
1	UGUUCGUGCGGACAAAACACAAGAUCGACAAAAGCCACGAG
1	CAUAGGACAGUAUGCACCUUAAGAUCCUGAAGAAACGGCAC
1	GAAUGAUGUGUCGGAAGAAAAAGACCAGAAGAAACCAGAAA
1	CAGGUAGGACCCCUGCAACUACCUCUGGCAUCAGUUCUAUU
1	CUGAUCAGUUGGAUUUGCAGAGGAUUGGAAGGCAGCACCAG
1	GGCCCAGCCAAGGACUGUUCAAGAUGUAGAGGUAAAAAUUA
0	UAACAGUAUGACUGAAAACAAAUUAUUUAGCCAUCUUAAAA
0	AAUUCUGCAAGUUACCUUCCACUUUCUGUUUCUUGGCUUCA
0	UUUUUCUCUUCUUCAACCCCAAGCACGAACCUACCCUUAUU
0	GAAGUGGAGCUGUUGUCCCAAACCUUCCUGUCCUUGCUCCC
0	ACCAAAAAGAAAAAAAAAAAAGACAUGCUAUAAUGAUGAAA
1	GCCCAGGACUGAGUGAACUCAAGAUGGAAAGAUGCAUGUGU
1	GAUUGUAGGGUGGACUCGAUAACCUGGUCAUUAUUUUUUUG
0	CUUGAGCCCAGGAGUUUGAGACCAGCCCGGGGAAUGUCACG
0	AGCUGGCUGGAAAGUGUGUAAGUGUGUGUGUAUGUGUGUGU
1	GAAGGCUGUAGGAAAGGACAACUUCACCCUGAUUCCGGAGG
0	GCUGGUCUCGAACCCUAGGCAUAAGGCUUCUUCCCUCAUUU
0	GAAGCCCCCUCGCCACUUCAAGAUGUCCUGCCUUUCCGGAC
1	UCUGGAGAAUCAGUACCGGAAAGAAAAGGAAGAAGCCGAUC
1	ACUCGAGCCUGACUCGGGAGAAGAUCGAGGCCAAGAUUAAG
1	GCCUGGACCCUUGCUGCCGGAAGAUCUUGCAAGAUGGAGGG
1	GAGGAGAAAAAGACAGAACAAAGAUGGAAGUGGCCUGGGCC
0	UUAUUUUGAUUAUAUGUUGAAGUGAAAAUAUUUUGGACAUA
0	UAUUUUGGACUUAACCUCUUAUCAGAUAUAUAAUUUGCAAA
1	GAGGAAUGAGUUCAGAUUAAAAGAGACGAAGGGACACGCUC
0	UGAUGCCCACUGCAGAGGGCAGAGCCACACACCCCUCCAGG
1	ACAGGAUGUGAUUGUAAAUGAAGAUGGAAGAAAUAAGCUGA
0	UAGGCAAAGCUUGUCUGUGAAGUUAGGGCGUCAGCUACAAG
0	CCCAAGGGGACCCUAGCUUCAUGGGGGGCCUGGACUUCCCA
1	UACGCGUGCUUCUGGUGUAGAGUUGCUUGCAGUCGGUAGUC
0	CUUCCCGAGUAGCUGGGACUAUAGGCACGCACCACCAUAUC
0	AUGAAGCCCCAGGUUGUUUUACCUGUGCUUUUGACCAACCA
0	GGCUCAAUAUCCAGAAGGAAACAAGGCCUUAUAAGAGGUUC
0	ACCUGAGGUCAAGAGUUUAUAAGACCUGCCUGGCCAACAUG
0	UGAGCAACUAGAAAAAUGUUAACAUUAAGUGAAAACACAGA
0	AUUCCCCCCACCCCACGCAAACCAUCUGGGGAGGACGCUGG
1	CUUAAAUUCAGCGGGUCGCCACGUCUGAUCUGAGGUCGCGG
0	UCCACAGGACAAGACAUAAAAUACCACGACUCUGAUUCUCA
0	AGUGGGUUAAAUUGUGUUACAGGAGACAUAGAGUAAAAACC
0	CCCUACUGAGUGACUUCACCAUUUGUGUGGGAUGGCAGUUC
0	CCAGGCCCCCUCCCCCCAUGACACUGACGCCCAUUCCCCAA
0	ACAUAUUCACAAUUCUAUAAAACUGUGUACUGGAAAUCAAU
1	GGACAGAGGCCCAAUGGGUGAAGGCUUUGAAGAGCACACAG
0	AUUUCCUUAAACCUUAUAACAACCUUCUGUGAACCAAGUGC
0	AGGGAGGUUUGGGGCAGAAAACAUGAUAACAGUUUACCAUA
1	CGGAGAAGAUCCAGGAGAAGAAGAUCAAGAAAGGUGGGAGG
1	UACGUUUGAUUUCCGUAAGUAGCUUCAGAUGGCAGUUGUUA
1	AAAACACAGUCCGGAGUGUAAAGAUUGGAAAGCCCCAUGGC
0	GUCCACUGGAUCUAGAUAGUAAAUGAUGUACUGAGAGUUAA
0	AAACUAAAGAGCUUCUGCACAGCAAAAGAAACUACCAUCAG
0	UGGUUCUGCUAAUUGAUGUAAGAAACUACUUACAUGUUUUG
0	AACGAGAACAGGUUUGUGUUAAGAUUUGAGUUCAACUUCUA
1	UGGGAUUGGGAUUGAGGAGGAAGAUCGGAAGCAUACCUGGA
1	AAAAGGGCUGAGAAACACUCAAGGAGGAAGAGCUGAAAGCG
1	UGGUGAAACUGAAUUAUUUGAAGUAGGAAGACCCGAAGUUC
1	GAGGACUUGGCAUAAAAUGAAAGAUUGGCAAAGGCCCUUGA
1	CAUGUCAGCUGUGACAACUCAAGUAAAGGAAGCACGAAGAA
1	GGUACACGAGCACAAAUUUCAAUGGAAGGCUACAUCACAGA
1	CAUCUGGGGAUGAGCUAGACAAGAUGGAGAGCUCACUGGUA
1	GCUGUGGUCCAUGACCUCUGACAUUUUUUUUGACAACUUUA
0	GCGUGAGCCACUGCACCCAGACCCAAAUCCUUGACUUUAGA
0	AGCUAUAUAUUCCAGGUGUCAGCUGGGGCUGUGGUGUGUCU
1	UGGCAAAGACCUGGACUUUGAAAAAGCCAAGGUAGAGGUCC
0	AGUAUGGAUAACUUUAUCAUAUUUACAUAUGAGUGAUUAUG
1	AGGAAACAGCCAUUGGUAAGAAGAUCGGUGAGGAGGAGAUC
0	CCAAAGAAUUAAAAGCAGGGACUUAAAUAUUUGGACACCCA
1	AACAAGUAGCACUCUCUCAGAAGAUCAGAUGAGCCGUCUUG
1	CAGGAAAUUGGCUGACAGCAAAGAGCGGAAGGAAGAAGAGG
1	CUUUUCUAGACAUAGGUCGGAGGUCAAAAUCAGAAUAUCUA
1	UUAUAAACGGAAACCUGGCAAAGAUCCUGGAGCACCAGAUU
1	GGGAAGAGAGCUUUGAAGAGAGGAGGGGGACUUUAGAGAGG
1	CCUCAAGUGAAUGCAGUGCUAGAAGCGGAGAGUCUAGGAUA
1	CACUCGCCAUUACUGAGGGAAUCCUGGUUAGUUUCUUUUCC
0	CUCUGUAAAAUGGACCAAUCAGCAGCAUGUGGGUGGGGCCA
0	GAGAAAGAAAUGCAGUCAAGAGAACAAGAGAUAGAGAGAAA
1	UUUGAAAGGAGACCUGAAUGAAAAUGGGAAGAGCCAUGCAA
1	GGACAAGGAUCUGCAAAUUGAAGUGCAGGUAAGAGGGCACA
0	AAUGUCUCGCCCUGUCACCCAAGCUGGAGUACAGUGGCGUG
1	CAAAAAACGGGACCGAGAAGAAGAUGAAGAAGAUGCAUACG
1	GACGCUUGAACAAAUGAAGAAUAUGGUAAGAUAGUGCGAGG
0	UGACAAUAGUAAAUUUGGGCAAAGCCAAUGCAAGCUUAAUC
1	AGGCAGUCCGAGCCCUGAAGAACAGUAAUGAUAUUGUAAAU
0	GCGGCUCUGCUGCCGCUCUGAGCUGCUUGGAAAGUUGAUGG
1	AGAGCUUGAGCUCACACUCAAAGAUCAGAGGACCUACAGAG
0	AACAACAACAACAAAAUAAUACAACAAAAAGGCGGGUCUCC
0	UCUACCCAGCGUAUAUGCAAAGAACAUUCACUUGAGCCUGU
1	CUAGACACUAUAUGAAGAAAAAGAUCAGGAAAGCUCUCCUC
0	UGGGGAAUGGUGAAUGUCAGAAGCUUGAGUAGCAAGUGCAC
1	AAGGCUGUCAGAGAAGAAGAAGGAUCGGAUUGAUGCCUUCC
1	UGGAGGUGAAGAAGUUUGUGAAGAUCGGCCGCCCGGGCUAC
0	AGACCCUAUUUCAGAAAUACAACUAUAAAAAAAUAAAUAAA
0	CCCUUCUCAAAAUGUUACGUAAUGUAAAAUUCCAUUUACAU
1	AGGAUUUAUCAAUUAUGCAAAAGUUCGGAAGAUGCCAGAAA
0	CAUUCAAUAUCACUGUAAUGAGAGAGGCAUAUUAAGAUUAA
0	GUCAAUAAAAACUCAGAAUGAAAAGUGGCACUAUAAAUCAA
1	GAGUUUGGACAGGAUUCUUAAAGAUCGGAGAAAGGUAUGUU
0	AGUUUUUUUUUUAUUUUUAAAAACAAUUAUGAAAUAAUUUU
0	GAGAGAGAGAGGACAGUAACAAUGCUGGCAUGGGGAGAUGU
0	GAUUAUUCAAGGAUGGCUUGAUUUAGGCACAAUUAGGCAUU
0	ACUAAUUAGGAGGAGUCUUAAAAAUGUGGAAUAGGCCGGGU
1	UGAUGCCGAGUUUGAUCGAAAUGGAUGAGGGUAAGUUGGAG
1	CAUCGUCAGGUCGCUCUACGAAGAUCUGGAAGACCACCCAA
0	GCCCCGGGAAUCUGCUGGGAAGAUGGCAAAGGAGCAGCUUU
0	AAAUUGAGAAAUGCAUGCAAAUCAUUAGGAAAACACAUGCA
1	AGUCUGUUGCCAAGGACUCUAAGAUCAAUGCACGUCACUUU
1	GAUAGUCUCUGAUGUGCUACAAGAUCGAAGAAGGAGUUAAG
0	AUAAAAACAAAGAUUGAACAAUGAAAAAAAUCUAAAACCUG
0	GUGUUUUCUGGGGAUGAUGGAAAUAUUCCAUUCUGAAAAGA
0	UUGCCUGUGAUAAGUUGCUCAGGGUGGAAGAGCUGGCGGUA
1	UUUGCUGUGGACAUGACCAUAAAAAAAUUUCCCAGUAGGUU
0	AUAUAUACAAGUCACUAAACAAACCACUACAACCCACAGCA
1	CAGACUUGUAGAUAACCCCAAAGAUGUGAAGAUCGCUUGUG
0	AUCAUGAGGUCAGGAAAUUGAGACCAUCCUGGCUGACUAAA
0	AAAGAAGUAUUAGUUCAGCCAUACUCUGUACUGCCUUGACA
0	UCCUAUCUGGCCCUUUACAAAAAACAUUUGCCAAUCCCUGG
0	GGGCCCUUUGAACCAUGGCUAGAGCUGGAGCAGCCGGGAUG
0	ACUUAUGUCUACUCUUUACCAAUGAUCUUUCUCAAAAUCAU
1	AGUUGAAAAGAACUUUGAAGAGAGAGUUCAAGAGGGCGUGA
0	CUCUACCACUGUACAGGUGUAAAAUUUAUGUAUUUAUUUAU
1	GGAUGAGCUCAAACAAAAGGAAGACCGAGAAAAGGAGCAAC
1	CUGCCGAGAAGACUCCCGUGAAGAAGAAGGCCCGCAAGUCU
0	UGUCUGGCACGUACGCUUAUAUGUACAUGUGUGGGGGCUUG
0	AAAGGAGGAAAAAGUAAAGAAUAAGCCAGGGGAAAUCAGAC
1	GUUGAGCUUUGAAACAACUGAUGAGAGCCUGAGGAGCCAUU
1	CGACGUGUAUCGCUGCCGUCAAGAUGGAGGGGCCUUUGUCC
1	GAUUUGUAAGAGCUGGAAAGAAGACUCGGAAUGGCAGGCAU
0	GAGGAACACUGGAGACCCUCAUAAGUGCAGGCACCUCCCUU
1	UGCCAAGAAAUUUUCGCAUUAGUCGGACCUGCAGAAGCUAG
1	UGCAAAGGAACUGACAGAAGAAAAAGAAAGUGCUUUUGAAU
0	GUUUUCAUGCCUGCUAACACAACAUCUAUUUUGCAGCCCAU
0	GAGCACCGACAUGAGCCCACACUGGCGCUGUCACCGCGGAU
0	AGGAGUUCAAGACCAGCGGGACCAACAUGGAGAAACCCCAU
1	AUAGACCCGGCUAGAAUCUGAAGUGCGGGAGAGUGCUGGAC
1	GGAUGUGAAGGAAGAGGAAGAAGAGAAGGAAGAGGAAAAGG
0	GAAGGUCAUCCUCAUACCUUAACUGUCAGAGUCUGAGAAUU
1	CAGUGGUGGAACAUCCGAAGAAGAAGAGAGAGCAUGGCACA
1	ACCGUUACUGUGAAUGAGUGAAGAUCCUGGAGGACCCUGGG
1	GAAAUUUUGAACAGAUCACCAAGAAACAGAAAGCCACGAAG
0	AGGAAACUGCUUAUUUUUCCAUUUAAAGAUAGUUUUUUUCC
0	AACAGCCCCACUCACUCCUAAUCAGUGAGCCAAAAUCAAGA
0	UCAGCAGAAUUCAUCAUUCUACUAAUACAUGUGAUUACUCA
1	UAGGUGAGCUCUGUGAAACCAAGUUUGGGAAGACACACCCU
0	CGGGUUCCUUCAAACUCAACAAGAAGGCGGCCUCUGGGGAA
1	GGGCCGAGUCACUGUCAGGGAAGGUCGGGAGCUGCACACGC
1	ACUCUGUGCAGCUAACCAGGAAGAAGGAAGAGGAAACAUUU
1	AGGACUUCAGUGACUCGACGAAGAUCCCGGUCAAGAGCAUC
0	CACCACACACACCACACACCACAUACACUACACACAAUACA
1	GACACGUGCCCAGAAAGUAGAAGUGAAGGAGGAGCUGUUAG
1	GGCUCAGAACCUGACGGGGCAAGACGGAAGAGGUUAACAGU
0	GGGUGAUUGCCUAAAGUUACAUGGCUAGUCGGAGCAGUCAG
0	AUAUAAUAACUGUCUUUGUAAGGAAUUCAAGAUACUGGCCU
0	AGGUCAUUGGCUCAGAGCUGAAGCACUGGGCCACAUUUGCU
1	ACGGAUUCACUACCCCACUAAGGCCAACUUUGCCGACAGAU
0	CUUCACACAGGUAGAGCUGCAAGGGCCCAGGAAUGCCCCAC
0	CGGGAGAGGGGCGGGACCAGAAUGGGGCAGGAGUUGGGGCA
0	AAGAUAAAGAGGCAAAUGGAAAGUCUGAAAUCCCUAGGGUC
1	GCCGGCUCUACCUAGAGAACAAGAUCCACACACUGGAGCUG
0	AAUUCCUAUUAAUUGGUUAUAGUUGAUGGUUUAAUUUUUUA
0	CCAGAAUCGAACACCACUAGAACUACCCAAAAACUGAGAUG
0	GCACUUGUAAAUAAUUCUCCAUGGCCAGCAUAAAGCGGGUU
0	AGAUGGAGUUGAAAGGAUGCACAUACAUCCCAGGCAAAUGC
0	GACUAUCAGAGGCAAAAGGAACUUUAAAGAUCUUUCUGUCA
1	UGUAGUGACACAGCCCAGGAAAGAGCGAAGAGCAGAGUCAG
1	GACGGUGAUAUCGAUUCGAUACUAGCGUGUAGGCGGAUAUC
1	ACUUUCUGAACUCCCUGGAGAAGAUGGAGGACGGCAAGUUG
1	CUUGGACCUGGAGCCUGGUGAGGCACCCUCAGGGUUGUUUU
1	CCGAGCCACAUCGCUCAGACACCAUGGGGAAGGUGAAGGUC
0	CAGGCCCCUGAAUCUUAUGAAGAUGGCCUCUUCCUUUGCCU
0	UUUUUACAUUGCUGAUAUCGAUUUUGGUUGAAGUGGCAAUG
1	GCUCAAUGAGAGACAAAGCCAAGGUAAGCUCACAUUAGUGA
1	UGCUCCCUCCCCCCAGAACGAGCGGGAGAAUACUAGCUAUG
1	UUUCUCAGGUGGAUGAGAAGAGGAAGGUGAGUGUGUGUCGC
1	AGAACAGGCACAAGAACAAGAAGAUUGGAAGAAAUAUAUUA
0	GGUCAUAGAAGCAGCUGAAAAUGUUAUCUAAGACUACCUCU
0	UAUCCCACAGCCAGUGCUGAAGAAUGAGUGGACUGGGAAGU
1	CUAUCAAAAUUUGCGCGAGGAGUAGAGUUAGGCAAGAGCGU
0	CCCCAUCCCAGGUGGAUUGAAUCAGAAGCUCUGGGAGCAAA
1	UUUGGAACUUAUCAUGAGCAAAUAUCGGAAACAGAUGUUAC
0	UAUAGUAUUGAAAAGGGGGAAUAUGCAUCCAACUUGUGUUA
1	AUCCGCUGGAAAUCAGGAAGACCUCUCCGGGGCGCCAGCCG
1	UACUGACCAGCAAAAUGGAGAAGAUCAGAGAAUGCAGCAGC
0	UGGGGCAGGCAAUGUCCCAAAAGGCACUCGUGUUCCGGUGA
0	AAAAAAAAAAAAAAAAAAAAAAAAAAAAGUAGCCAGGCGUG
1	AUGCUGUUGGAGAGCGAUAUAAGCAUAAGGAAAAGCACCGU
0	UAUAUAUAUAUAUUUAAAUAAGCAUUAGUGUCUUAGAAAUA
0	CUUUCCUGGAUCCUCUAAUCAAACCUUAAUUCAGGUGGCUC
0	AUUUUUCAGCCACAUUUCAUAAAUGUGGAAACUGAGGCACG
0	AUUAUUCGUUCUGUACUGAAAGGUAGAUGGAAGCUUGUUGC
1	GAAUAACUAUUAAAAAAAAAAAAAAAAAAAUCCGCAGGGCC
1	UUCAGUCAAAUUUGAGGGCGAGGGAUAUACGUAGCGCGCUU
1	UUCACUUGAAUAUAUUGCAAAAGAGUGUGAUCCGUCUGCUU
0	GUUUUAAAAUAAAAUAACAUAAUGUCUUAACAGUAGAUUUU
1	AGAGGAAGUGUGAGGGUCUGAAGAUUGGGGACACGGUAAGU
1	CAAGGACUCCGACACUGCCUAAGAUCGGAAUUGUGGGCAUG
1	CAGAAGACCGACCUCUUGGGAAGGAUGGAAGAGCUGCUGUU
1	UACGUCGAUCCACCGGUUCAAGACCUAUCGAUGCAGGGGAG
1	UUCAGUCGGAGCUAAACAAUAAGAUCAGGGAAGGUAAAAAU
1	AUAAACCCAUCACCUCUGAGAAAAUCAAAGAGGUGAGUGUG
1	GGGGCUACAGCUCUGAGAUGAAGACGGAGGACGAGCUGCGG
1	AAGCGGACAAAAUGCAUCCCAAGAUCAAGGAAGGGACAGGC
0	GGCUGGGAGCAGUGGCUCACACCUGUAAUCCCAGCACUUUG
1	CGGCUGCUGGAACUGGAGACAAGAUUGCGGGAGGUGAGAGC
1	GCAUUGGCUUUUGAUAGUCAAAGAUGAGGAAGGGCAUUCAG
1	AAUGCUGUAGAACCCUAAAUAAGUGGUAGAAGAGUGUCACU
1	AGAAGUCAUGACGUUUGCAGAAGAUGGAGGGUAAGAAAAGC
0	CUUUUUCUCUAUUGAUUUGCAUAUUCUGAAUAUUUUAAACA
1	AGGCUGGAGAUGGAUCAAAGAAGAUCAAAGGCUGCUGGGAU
1	GGGUCUCUGCUCUCCUGUCCAUUUUUCAGAGCUCUUCCCUG
0	CAACCCACACGCACAGACCGACCCGGGGAACCGCGGGAGCC
1	CCAAACUCUGGAGCUUUCGUACAUGCCUUUAUUCUCACCAG
1	UUAUGGACUCCGUGGCUCGGAAGUCGGAAGAGCACUGGACC
0	CCCAGUGCUCAUCUGAUUGCACCUGGAUGAGAGACUCAAAG
1	ACAGUCUGGACUUCAACAAGAAGAUCCUGCACACAGCCUGG
0	CGUCAACUUUUCUGAGGGUCAUAGCCAGUUUAUGGUAAGCA
1	ACUGUGUGUACUCCAGGACGAAGAAGGAAGAUCAUGCUUGA
0	ACCCCCUCCUUCCAGACCAAAUCGCCCCAUCUGAGUGGCUU
1	GGUAGAAGACUCAAAACCAGAUACCACUGCUCCUCCUUCAU
0	GCAGGAUAAUUAAGCCAAAGAUGAUAACACUUAACUUAAUU
1	AACGGACAGAUACGGGGCAGACAGAUUUUAGAAUAGACUCG
1	GUCGUCAGGAGCUCCUGGAGAAGAUUACGGAGGGCCAGGCU
0	UUCAACCUAAUGGCAUAAUGAUGAUGGUUCUACUUAAGCAA
0	AAAGGCCAAUCUUAGGUUUUACAAUGAUGAUGUUAUCUGCA
0	GUCACAUCCCUGUCUCCUGCAGUUCAGUUGUUUAUCCUUAG
1	UCGUUCGAUAUCUACUUCGUAAUAUUACGUCCGCUAUCAUG
1	AUACCUGCAACAACGGCCGGACUCUUAACCCCGAUCCACGC
0	AUUAAAGGAAAAAAAUAUCCAAAGUAGGGUUAGUACAGGAA
1	CGUCUGACCCUCUGACUGUAAAGAUGGGGAAACCGAGGCAC
1	UGGUCAUCCGAGAGCUGAACAAGAAUUGGCAGAGCCACGCG
0	UGCAGUAACUGUGCUCAAUCAAAUAAUUUGGUUAUACAAAU
0	AGGAGGAAGAUCUGUAACCCAAGAGAAGUUGCUAUGUGGUG
0	AAAAAGAAGUUGGGAAAUUGAACCAUUCUCUUUCUUUUCUU
0	AAAAGCACAGACAUGAAAGGAUGCUGAAUGUUACAGUAUUU
1	UGACCCUGGGUGACCUGACCAAGAUUGGGAAGUCACAGAAG
0	AACCCCAUCUCUGGUAAACAAAAAUACAAAAUUAGCCGGGU
0	UAUUAAUAUAUAAUCUAUUAAUAUAUAUUAUUAUUAUAUAU
1	ACCUGAACACCUACACAGAGAAGAUGAGGGAAGCGCUGAGG
1	GAGUACUGCAUCUGCGUCUAAACGGCUCCAACGACUCCAAA
0	CAGGAAAUGAAAUCAAGGAUAUUGGUAAGAUAAAAAAAUCA
0	CCUCUCUCUGAGGCUGACCCACAUAUUGAGCGCAAACAAGC
1	UUGUGGAGAACUCUAAGGUUAAGAUCAGGAAAUAAAAGACU
1	GGUGGACAUACCUGCUGUGAAAGGUACUCUGUCGGUUAACU
0	UGUGUGUGGUGGUAUGGGGAAAGAGGGAGGGGAAAGGAGGG
0	UGUAGUCAUCACCAUAGUCUAAAUUUACCACAUUUUUGCCA
1	GUCGAAUCGGUCUUCGUCGAACGACUAGGGCUAUCAGAGCA
0	GCGAUGAGAGGAUAUCACUUAAUUGAGUAGGGAAUGCAGUG
1	AGCUCAGAGCUGGAGGAUGAAGGAUCGGGUAAGUGGAUUCU
0	GUCACCUCUUACACAGACUUAUUUUGUUUGUCUUUUUCCCC
1	CGCAUGACAGUAACGGCUAUAGACACGCUAGCUACGCCCGU
1	ACAGAAUCGGACACAGCUGUAAGAUUGAGGAAGAGUCACAC
1	CCAUCAACGGGCGCUUCCAGAAGAUCAAGAGCAUGGCGGCC
0	CCUAUGCUAGGACUCCCGGGACUCUCGUAAGAAAUUUUGUG
1	ACUUGGAGAAAGACCGCAUGAAGAUACUUGUAAGCACACAU
1	CUCGUUGAAUUCUGUAUUGGAUUAUGGAGGCGCGAACCUGC
1	UACAUCUUUUGAAACUCUACAAGAUCGGUAUUCCCCCUUCU
1	GCCUGGAGCCAGAACCUGUGAAGAGCGGAAGGGCCAAGGGA
0	UGUUUUUCUUGCUGAAGUUAAAAAGAAAAUAUCUCUGUGAA
0	GUUCAAGACCCAUUCAGGAGAUUCUGACAUUACAUUUAUGC
1	ACUGUCUGGAAGAAGAAAAAAAGACCGGAGGAACCCUCCCC
0	AGAGGCAAUAGCAAGUACAAAGGCCCUGAGUUGAGGACAAC
0	GGUUCUGGUCCCCGCCUCUGAGGAGCAAAUUGUGGAUUCUU
0	AAUUAGCAAUUUGCUUAAAUAUACCAUAAUUAUGAACAUUU
1	UGAUGGAUGUUGAUCAUCAGAUUGCCAAGCUGAUGGUGGAA
0	AAUCACCAAUGGGAGUAGCCAGAUCAGCCUUGGUGAGAAAU
0	AACUGCCCAUGGCUGAGCAAAGUUCCUGCAAUGACUCUAGG
0	GCAUUUAGACAAAUGUAUACAUCUGUGUAGCCACACCACAA
0	ACUUUGGGGAUUAUGAGGACAGCUAUGUGACAUAUUGCCAA
1	AAAGCAGUCCUGCAGAACCAAAGAGCGAAGACGCAGAUCGC
1	ACAAAGCGCCUUCCCCCGUAAAUGAUAUCAUCUCAACUUAG
1	AAAAUGACAUCAGUUUCUGGAAGAAGAAGAAGAGCAUGAUC
1	GAGCGAGCCUUGAAAGAGAUAAAAGCGGAAGUUUGCCACAC
1	UGAAGUGACUUUAUCAACAAAAGCUCAACGCGCCUCGUGAG
1	GUGACCCGGAAACCAGAGUCAAGAUCCAAGGUGACUUCCGC
0	AGUAAGUGCCAUUAAGAUUUAUAUUCUAUCUUGGAAUAUUU
1	GAGCAGCGUUUUGGUAGAAGAUUAAUGCAGUCUCUAGCAUA
1	CUGCUAUGCCUGUCGCAUCCACACGAGGUAAGAAGUCGUUA
1	CUUGAGUUUUUGCUGAAAGUAAGAUGGGAAGCCAUUGAGGG
1	ACGGGUAAACGGCGGGAGUAACUAUGACUCUCUUAAGGUAG
0	UGUUAUCCAUACAUAGGGGAAAGAAGCAAGCAAGCAUGCAU
0	AUGGUACUCUGUAAUCAGACACAUUCUUACUUCUGAAGCAA
0	AGAUUAUACCAAAUGAGAUGAUUACUACGGUGCUGUGUGUC
1	CUCUGAGGAUGAUGGAUGUCAAGAAGGGAAGGCAGAGAGAG
0	GCCUUCCUUGAGGUAGGCAGACAAUACGCUGCAUGUUUGGU
1	GGUCAACGAAUAGGAGGUCGAGUCCAUGUCGUGGUAGCCAA
0	UGCCCUGAAAACAGUCAUAAAAUACAUUUGAAAGUGACAAA
0	CGUAAGCCACCCACCCACCUACCAGGAUUUUCCCGGGCAGA
1	UGCAAGUACUUCUGAUGUUCAAGAUCGCCUGUCAGCUCUUG
1	GACUGGAAUAAAAUCAAAAGAAGCUCGGAAGUACAUUUUUA
1	AGCUGAAGAACCUAUGCAGCAAGACAAUCGGAGAGAAAAUG
0	AGAUCUUUAAAUCAUGUCUGAAGCAAAAAGGCUAUUCCAGG
1	GAUACUGCUGUCUCGAAUUGAAGAAAGGAAGGCAAUCAUUG
1	AAGGGCCCAGCACAAUUCAGAAGAUCAAAGAGGCCCUGGGC
0	ACACAAUACUAAAAACACGAAGCCUAAAAAUGACACAAUGU
0	AUGACCUAGUCGGGGAGUUAAAUGGCAGAUACCCUUAUUUU
0	GACAGGUAAAAAUUGUAUAUAUAUUUAAGGUGUACAAACUU
1	CUGACGAAGAGCCUUUUGUGAAGGUAUGUUGGAGUGCGUCC
0	GGUUUAUGAAUUGAAGAAAUAGGAUUAUAACAUCUUCUGGU
0	ACCUGCCCAGGUGUGUGAUGAAGUCAAAGCACACCUGCUGG
1	GGCAGAAGAACAAAUGCUAAAAGGUACACAGGUCAAACAGG
0	UGUAAACUAGUACAGCCACUAUGGAAAACAGUAUGGAGAAU
0	UUAAGUUGACUGAUAAUGGAAAUAAGGAGAUUAUCCUAGAU
0	CUUUGGUAGCAUACAAGGAAAGAUCAGUUUUCUCUAGGAGA
1	CGGACUACAGCAUGGAAGCCAAGAAGCGGAAGGCGGAGGAG
0	CUGGUCCUCUUCACCUUUUAAUCCUCAUUCUUCUCUUUGGA
0	AGAAAGGGCGCAGCUCCGGGAGGCCAGGAAGGAGGGAGGCG
1	AGACGUCAAACUGGACUGGGAAGAUGUGAAGACUGCACAGG
0	CUUUAGUAGACUUUGUCAUAAUUGUUUUCCCCCAAAGCAUU
1	CUACUUGGAUAACUGUGGUAAUUCUAGAGCUAAUACAUGCC
1	UAGUCGGCUGCGCACGGGUAAAGAUCGUAACCAGAAGAAAG
0	AAAAGAUAUUUUAGGAAGCAAAAAAGUAAUCACAGUGAUGA
1	ACCUUCGAUCUCAUGAUGCGAGAGUGAGGACCGCGAUUUAU
1	CAUCGGAGAAGGUGAAGAACAAGAUCUUGGAGCUCCUCUAC
1	UAGAAAACAGCUGGAAGAUGAAGAAGGAAGGUAAUCUAUGA
1	AUGGUUAACAAAUUUUAUGGAAGACCGGAGACAGCGUAGGC
0	UCUUGAUCUCUUGCUUUAAUAGGAAAGCAACGGCCCUCCUU
0	UUCUAAUCUGGAUGCCUCUUAUUUGUUUUUUAAUUUUUUCU
0	GUCUUCUCUCUACAGUAGGGAGUUACAAGCCUGAAAACUGC
0	AGAGGAAGCUGAGCAGGGACAGCACGGGGUGGAAGGUCUGC
1	UAUUUGGAAAAGAACUUCACAAGGUGGAAGGACACAUUCAA
1	UGGAGAAACUGAGAAGCCUGAAGUGAGGAAGAGCAUUGAUG
0	UAAUUUCUUGAGGUGUACAUAGAGCAAAUAGGGAUAUUCAA
1	AGAUCGUGCGGCUGAAGACCAAGGACAGGAAGAAGCAAGUG
0	CCUCAUUCCACAGAGUUUUGAUUUUUUUUUUUUUUUUAAUG
0	CAUCCUGGCCAACAUGGUGAAACCCUGUCUCCACUAAAAAU
1	CGCGCUGUACUCUUUCUUGGAGGUAGCCCUUGUGAUACAUC
1	CGCAGGCGCUGCAGAAAGUGAAGAUCGAGGUGAACGAGAGU
0	AAACAACUUCAUGUGAACUUAGGUGUACUCUCUAUGUUCCC
1	CUCAGGGUGCCGGCACCAUGAAGAUCUGGACUUCGGAGCAC
0	ACAGCACCCCUUGUCCUGGGAGGUGCCUGCUCCCCCACAGC
0	AUUAAGAAAACGGAAUUGAAAGUUGUUAAUAUUUGGUAGAA
1	AGAACUUCCAAAAGGUGGAAAAGAUCGGAGAGGGCACGUAC
1	UCGGAUGGUAGAAAUGCAGAAAGAUCCAAUGGAGCCUCCAA
1	GAUCCAGAACCGGCUGGAGGAAGAUCAGGAAGACAUGAACG
1	UGGACAAACUCAAGCUUGAUAAGGUAGGUUAGUAAUGGAUU
0	UGGUCUGGAGCAUUUUGGAUAAAGGAUAGUCAACCUGGCUG
1	ACACAGACAGGGAAACUGGCAAGCUGAAGGGAGAGGCAACG
0	AGAGAGAGAGAGAGAAAAAAAAAAUAACACUAGGUCUCUCA
1	UUACGAUCGAUACAGAAAUCAUGGGGCAAUUCUUCCGAUUU
1	CAGUGGGAUACGGAAUUAAGAAACUUCAAAUACAGUGUGUA
1	GAGACCGGCUGUUGCUAGACAAGAUUAAGAGCUAUUAUGAA
0	AAAUGAAAAAGAUUUUAUAAAUACAAAGCUUUUUAAUUUGA
1	GACCUGUGUGAACUAUUGAGAAGAUCGGAACAGCUCCUUAC
1	GCCCAGUGCUCUGAAUGUCAAAGUGAAGAAAUUCAAUGAAG
1	CUGAGCCAGAAUCUGAAACAAAGACUGAAGAGCUGAAACCA
1	UAUAAAAAUUUAAAUCACCUACUACAGGUAUGUCAGGCGGG
1	AGGUCUGUCUAGAAUCCUAAAGGCAAAUGACUCAAGGUGUA
0	UCAGGAUGAGCAGCUAUGUUAUGUUGCAGUAACAAAAGACC
1	AUCCGAAGACUCAGAAUAGAAGAAAAAAACAGGCAGAUUGU
0	UAGAGUGAGCAAAAGUAAUGACUAUAACAAUGUCUCCCCUG
0	CCAAAACAUAUCCCAAAUCCAUUGGCUUCACCUGCUCCUCC
0	CAUCCUCUCCUCCUAGGAGGAGAUGCCAUAGCAAAGGCAUA
1	UGCUGAAAGCCCGUGCCCUGAAGAUCCGGGAGGAGCGCAGC
0	CCCGCCACACGCCACCCGUCACCUGCCACCCGCCCCCCGCC
1	UGGACAGAAAGGCUCUGGAAAAGGUCCGGAAGCAAAUCGAG
0	AGUCCAUUUUCUGCUGCUACAACAGAAUACCAUAGACUGGG
1	ACUUGUAGGACUUUGACUGUAAGAUGUGAAACCACGUUUCU
1	UUGUAGGCCUGUUUUACAGAAAGAAUGGAAGGCACUUUUUC
0	AGAUUAGGGAACUCAGAAAUAAAGCCACCAUCUACAGCCAU
0	GAGAAUCCCUUGAACCUGGGAGGUGGAGGUUGCAGUGAGCU
1	CAGGCAUGGCUCAGAGCUUGAAGAUUAGGAGAAACACAUUC
0	GCCUAAGGUGCUAUUUGGGCAAGGUCCAGUGGAAAUCCUGA
0	CUACCAGUAAUAUAAUAUGUAAAUAAAUUUAAAAAUCAGAA
0	CUGAGAUCAAUUCAAAAUUAAGGGCAUUUAGGACAAAAUGG
0	UGACCUGGUUCAGGAAUCGGAAGGUCAGUGAGUUCAUCUGC
1	CUUGCUAGUGUCACGUUCUCAAAGGUCCAGGUACCUAAAAU
0	CGGGCAUAGUUAUUGGCAGCAUCUUCUUUGCCUGUGAUAAG
1	CCGUGUGCAAUCCCAAGAACACCAAGCUGAGAGCCUAAAUC
1	AAUGUGGAUCUGGAGGCCGCAACAAGGAAGGGCAUCUUGGU
0	AGGGCAGGGUUGCCCACGCUAAUGCUGCAUAUAAAACAGAC
0	GAGUGGGUGAUGAGGCUUCAAGGCAACAGGGGCGCCUAAAG
1	AGAACCUGAUGUCAGAAAUGAAGACCGGAGGGGCUUUUAGA
0	UGAACCGGAGCCAGAAGGACAUUGAUGGCAAGAAGGACAUU
1	ACGUAAACUGCCAGGAGCGAAAGAUCGAGAGCAUCGCUGAA
1	CAGGAGCCGAUGCAGUGCCUACAAGGCGAGAGAUUAUGACA
0	AAAGGAUUUGUAAGUUUUCCAAGAUCAUUAGAGCAUAUUCU
1	AAUUGUCAGUACAAAUAAACAUGGAUGAAAAGCAAGUGAAA
0	AUAUCCUCAGUGCCUAGAACAAUGUCUAGCACAUAUUAUAA
1	AGGACCGGCUGGUGAACGAGAAGUUCCGGGUGAGUGGAUCC
1	AGAAAAAGUAGACACAGAAGAAGACGGAAAGGCAGAGGUUG
1	UAUCAUGGACUACUGCAAAAAAGAAUGGAGAGGAAAUACAC
1	CUUCAUCCUGGACCACGGCAAAGAUGGGAAAAUCUUUGUCU
1	AGCAGAAGAUCCUGAAGAUUAAGACGGAAGAGAUCGCGGCA
1	ACGUGCUCGUAAACGGCGUGAAGAGGAAGAGCGAAGAAUGG
0	AAUGAAAUUAAUAGAGCCAGAAGGAGCAUUUGACAAAAUCU
1	GCCACCACAGUACUUCUGGGAAGAGGAGGAAGAGCUGAAUG
0	GGGGCGGUAUUCAACUCAUCACUGGUGAGCAGCAAUUCAUC
1	GAUCUGGACAGAAUCGCCGGACAGGUAAGGCCUGCGUUUGG
1	AGCGUGGAAACACAGAGAGCAAGACGGAUGGAGAUGACACC
0	GGCCUAGGAAUCUGCUUUCUACCAGCAUCCCAGAUAAUUCU
1	CUCUGAGCACCAAGUCCAAGAAGAACAAGAAGAGCGCGUGG
1	GCUGGUUGUGGAGCCUGGGAAAGGUGGAAGAGAGAGAGGUC
0	UGGAGUAGGGACAGGCAUUCAUCCUUCAUGAGGGCAUUGGG
1	GCGGCUACAUCUAGAACUAUAGCCCUGAUCCACGCGCAGCG
0	AAUAAUGGACGUUUUGAUUAACUUUUCUAUAAUUAUGAUAA
1	GUCCCUGUGGGAAUGGCGACAAUGCCAAUGGCUUAGCUGAU
0	GCCAGGGUGGUCUCGAUCUCAUGACCUUGCGAUCUGCCUGC
0	AAAAGACAGCUUCUUAUAUUAGUAAGGCAAAACUAUAGUAG
0	UAUAAUCCCAGCCCUUUGUGAGGCCUAGGUGGGUGGAUCAC
0	GUUCUGCUUAUACAAUUGCCAGGAUUUUGGGUUAGUUUGUG
0	CCUCAAACUCGGCUCCGCUCACUCGGCCACUGGUGGCGGCU
1	CAGAGACUGUAUGCUCCUUGAAGAUGGAAGCUGUGUUGUGU
0	UGAUCUGAGAAUACAACAAAACUAACUUCUCUACACGGUAU
0	CACAAAAGCACAGAGAGAUUAAGGAGCUUUCCUGAAGUCCU
1	GCUGAAGCGGAUCAAGACAGAAGACGGCGAGGGCAUCGUCA
1	AGUUGCUGUAGAAGAAGGAAAAGAGAGGAAGACAACACAAC
0	AGUUCAGAGAACUGGUUGACAGGAAGAAGGAUGCCCUCCUG
0	UACAAUGCAUUAGAAGUCUUAAAAUUUAGAUAUUUCAAAAA
1	GUUAAACUGUGGAAGGCUGGAAGAUGUGAGAGGACUUUUUC
1	CGAUCUUUUGGAUUACGAUGAAGAGGAAGAGCCCCAGGCUC
0	UUAGAGGGCAUAUAAAAGGGAGCACCUCACUUGAAUUUGGG
1	AAGAGAUUUGAAACCACAUGAAGAUCAACAAGAUAUAAAUA
0	AAAACCAAAAAAAAAAAAAAAAAAAAAACGGGCUGGGAGCU
0	CUAAAAUGCUCCAAAAAUCAAACUUUUUGAACACCAACACA
0	GUGCCCUCCAGUCUGCUGUUAACAAGGCUGUGCAAAAGGAA
1	GUCUGCAAAAGACUCUGGCAAAGAUCAGGAAGAGGAGGAGA
0	AGAGUCACUUGGUUAGAUUCAACACACACACAGAGGCAUGC
0	GGUAUGAGAAGAUUGACUCCAGUUUUGAAAGAACUUCUAAU
0	CUUCCCCUCCCGCCCCGGCCAGCGUUCCGCACCUUGACGAU
1	ACACGCGUAAUCUUCGGAGGAGAUGAAUCUUGCGCAAGGAC
0	AGUUGUCCCAGGGGACUGGAAAUCAAGGGUGCUGAGUAAAC
1	AUUUUUUGAAAUAAACGAAUAAGAAUAGGCAUUGUGCAGGA
0	GGUCCAAAGCUAGUGGCUGAACUUCAGUGUUCCAGGCACUG
0	AUCCUCUAUAAGCGGCUGAAAGUGCCUCCUGCGAUUAACCA
0	AAAUAAAUCUUCAUUUUCACAUUUUUUGUUGCAGUCCAAAG
0	AGGCCUUCACUCAUUCUUUCAUUCAUUCAACAAAUAUUCUU
1	GGUGCAGCUGGACUCUAUUGAAGAUUUGGAAGUGACUUGUA
0	UAGAGGAUGGGUAGAGUUUAAGUAAUUGAAAAAAUGUAUCU
1	CUGUAACAACACUGAGAACAAAGAACGGAAGUCCUUCCAGA
0	GAGGGCAUAAACCAGCAGAGAACUGACAGGUAGGGCCUGCA
0	CUCAAGGGCUGGUGUUGAGUACCUACAGCUUUUCCAGGCAU
1	GUCGUUAGAUGAACUCACUAAAAUUUGGAAGAUACAGGUAG
0	AUUGAGCAUAAGGGCCCUUGAGUAAGACUGUGUCUUAUGCU
1	UAUUGUGGCUGGAAUGGAAGAAGAUCACCUUGGUGUUCCUU
0	AAAUGGGAAGCUCCUACUCCAUGUAAGUAACCACUCAGUGU
1	GCACCUGCCAUCGUGACUGGAAGAUCCGGCAAGAGCACAAG
1	GUGGUAGGACUUGUGCUCCAAAGAUCGGGAAAUUUUCAUAG
0	CAUCUGUUAAAUUUCAUGCAAUGAAGUAUUUGCACAACUAU
1	UAAAGUGGGCUCUAAGAUCUAAGAUGGCCCGGCGCGGUGGC
0	UUAAAAACCCCAAAAGAAUGACUCAUUCCACUCUUUAUUAA
1	GACUCUGAUCAUGUAGACAUAAUAUCAGAUGGCACCAAGAA
1	UCAAGGGCAGUAACCUGUUCAAGUUGGAAGUGCGUCUUUUG
0	ACACAUCCCCCAUAUAGAAUAUAGAUCUUAAACAAGUUAGA
0	AGUUCUGUUUGUUACCUGGAAUUAGGCAAGCAUGUGUGUGU
1	GUGGGCCCGUUGCGGGUUGAAAGUUCUGACGCCCAUAGUGG
0	UGCUCCUGAGGGAAGUUAACAAAAGCCAGAUUAGAUACUGA
1	CUUUGUGAACUACACUUUCAAAGAUCGGUCACAUUCAGGCC
0	AUUCAGCAGCUGAAGAUGCCAGUGAUUCUCUUUUUACCUCC
1	CAUGUAAUAAAGGAUUCACCAUGAUUGGAGAGCACUCUAUU
1	AGAAAUGGACGCUGUUGGCAAAGAUGGAAGGGUAAGUGCUU
0	AUGGAUUUACCCCAAAGCUGAUAACGCUAACGCUUCUGCCA
1	GGAAAAAGGAUGAUCCUCUGAAGGUCGGAAGAUUUGGAAUU
1	UUUCCACUAGGACUUGGAAGAACAAAGUCGGUUGAUAGCUG
0	GGACAGGACCGGUGCCGGUGAACCGUUGGCAUCGCCCUCGC
1	GCUGUGCCGUGGCCCACCGCAAGAUCGGAGAGCGCCUGGCC
0	CUCUAGAUGGAUAUUUUUUGAGACAAGGUCUUGCUCUGUCG
0	CUUUUAUAGAAAUUACACUGAAACAGAUAGGCAAAUGUGGA
1	ACAUGGAUUACCUGAAAUCCAAGAUGGUGAAGGCUGGGUCG
1	AGGAUGAGAUUCAGAAUAUGAAGGAGGAAAUGGCUCGUCAC
1	GAGUAAGUGCUACGGGCAGGACGACAUGGUCGACAUGGAGC
1	GCCAGGACUGUGAGGACCUCAAGAUCGGCUUCAAGGUAUGC
1	GGCUGUGCUGCCGGCGGCGCAAGAGCGAGGAGCACCUGGAC
1	CCUGUCAGAUUUUGGAGCAAAAGAUAAAAGAGCUGGAUUCC
0	CCCAGUGCCUACGCGAAUUUAAUCCCAGAGCGAACAGACGC
1	GCUAGAGGCAUGGAAGAAUGAAGUGAAGGAGAAAGGCCACG
1	UCCGUGUGGUUGACAAGGUCAGUGGAAGCUUCAUGACGGGG
0	CCAGCUACUCAGGAGGUUGAAGAAAGAGGAUUGCCUGAGCU
0	CAUCUUUGUGAUGCACAAUGACCUCUUAGCUUCACUUGGCC
0	GCAAAAGCAGUGCUAAGAGGAAAGUUUAUAGCAAUAAAUGC
1	UUCUGCACUGACUCUGAAGCAAGAUGACGGAAGAUUCUACU
0	GCAGAGCUCUGAAGGGCGCGACAUUUUCCACGCUGUAUAAU
1	GCGGUUUUGGCUGUGUGAGGAAGACGGAAGAGACGGCGGCG
0	UAGUGAGAAUGUGACUCUAUAAAAAAAUUAAAAACCCUGGG
1	UGCAUGUUGGACUAAAGCUCAAGAUGGAAGCCACCCUUUGU
1	ACCUGCAGAAUGUGGACAUGAAGAUUGGGGUGUAACACCUA
0	AUUCCAGACCCCUGGCCGAAAGCGCGCUUCUCCCAAGCAUU
0	AGAAACGUUUAAUAGAAAUAAAAAGGUCUGCAUAGAGCCGA
0	UGCUAUCCUAAAUGACAGUUACCUAGUCAAUUGAAACUAGC
0	GUUCGCAGUUUCUGACAGUGAAGGCUCGGAGCAGCCCCUCC
1	CCCGAGGAUUGGGAUGAAAGACCAAAAAUCCCAGAUCCAGA
0	GCAGGUGCUGUGAGAUGUCGAUUGGUGUCUCUCCAGAGCAC
0	AACUUCAAUACAAGGUCAAAAUCAGCAACAAGUUCUACAAU
0	UGAAUGUAUAACCAACUGAAACAAACAGUCCCAAUACUAAA
0	AUCCUACCUAAACAGAUAGGAAUCCUCUCAUGUUACACACU
1	AUGCGAACCAUAAAGAUGGUAAGAAGGAAGACUGCGUGAAG
0	AAAAAUAAAAACUAAAAACCAACCAACUUUUUAAACAUUAU
0	AGAACUCCUGAGAUUCUAGGAUUCUACGUAAAUCGCUGGUC
1	UACCUGGUUAAACACUUUGGAAGAGCGGAUGAAGAGCACAG
0	GAGAUCUCAAAAUAAGAGACAGAGCCUGAAUUUAAACUUAG
0	AACUGAAUAAAAUGUUUGCAAGUGUUUUAAGGAAAAUGUAU
1	UAGAAGGCUAUGGCAGCAAGAAGAUCGAUGCUGAGCGGCAG
0	AGAGAAAUGAGGCACAGAGCAUGUCUUUUUAUGGGGACAUU
1	ACUGCGCACACAAACGGUCCAACUGGUAGCACAACAAUCGG
1	AUUAUCUGCACUCCGAACGCAAGAUCCACCGAGACAUCAAA
0	UGAGUGUGACAUUCUCUCUGACCUACAGCUGAAAGUGCCCA
0	GAGCCCUAGUUCUUUUUGUAAUGAGUUGUUUGGCAUGAGGC
1	GGAAGAACGUCAGAAGAAAGAAGAUGAGAGAGCACGCAGAG
0	CAGUGGAAUCCAUUUUGUUAACACCGACAAUUAGUUGUUUC
1	AAGACUGGGAUGAGCGGGCCAAGAUCGAUGAUCCCACAGAC
0	AGAGGGGCCAAAGCUGGGCCAGAGGACCCACAGGCAAGGAG
0	UAUGACUUGCAUUCAUCCCAAAAGUCCUAUAACUAAGGUCA
0	CUAGUGUUGACAAAGGUGACACUUUCUUGCCUCAUUUUUUC
1	UUGUAUUAACUAAGAGCGAAAGCAACUCAGUAUCGCCGGAU
1	CUUCUACACGGACAGGCUGGAAGACAGGAAGGAGCCAGGCC
0	AAAAUAAUUGUGAGUAUAUGAUGAAAUAGAAUGUAAAAUUU
1	AAGGCGACUCUUCUACAGUAAGGGUAUGUUCUUCGGUAAUA
1	GCUAGCGACACGGAUUCUACAAUCUCGGAGGACGGUAUCGG
0	CAGUUCCCGCACUAUGCUGUACCCUUUGUCACAUCCACCCC
0	GGAUUUGGCUCUGAUCACAGAGUCAAGUGACUGAGUAUAUG
1	GCUGAUUAAGCCUGGCGCCAACGCUUAAGCAACGCCUACCU
0	AGAGUUCUUAGAAUCCCCCAAAGCAGGGGCCAAGUAGGAAU
0	UGUGAAAGAUUUUAAGACUUAGGGAUAUUAUCUUUCCUUGU
0	GAGGUUACCAUCAAAUGAACAGCAACGGCAUCGCCUGUACU
1	GGCGUCUUGCGCCCACACUCACUUGGCAAGUUUCUGCAGCA
1	GAGCUAGAAGAAUGGUAUGCAAGACAGGACGAGCAGCUACA
0	AGGCAGGAAAGACAAAUUUUAUUCUUCAUAAAGUGAUGAGC
1	AAUUCGAAUGCCCACCAAAGAAGAUGAGGUGAUUCCCUGGG
1	CGGAAAUGGAGCUCAGAGCUAAGGUUAGUAAGGAUCCUAGG
0	ACACACACACACACACACACACCUCUCUUAUUCCUGGCCAA
1	CCUAAAAGUACAAGGGUAGGAGAUGGUGUCAAGAUGUACUA
0	AAAGAAUUUAUUAGUCUACGAGGUCAGGUAUUCAUUGAAUG
1	GUUGGCUAAAGGAGAUCCGAAAGCUUCAGAAGAGCACACAC
1	ACAAGCACAGCGACGAGUACAAGAUCCGGCGCGAGCGCAAC
1	ACUCUGUAGGCUGAUUAAUGAAGAUGUGAAUGAGCAGGUUA
0	GUCCAUUCAAAUGGUAAAGAAGGGAGGAGGGUGUUUUUUUU
1	GAACCUGGAGAACUUCAAACAAGGUACAUGAUAAAGAUCCA
0	GUCAGAAGCAAUUCUUUGGUAUUUGAUUCACAUAGAGACUU
0	GCACGCUGGAAAGAAAGGACAGAGUUACUGGGUGCUCCCAA
0	GUAUGUGGGAACAGCAAUUAAUUGUCAUGUAGCGAUAAGCU
0	CACAUGGACACAGGAAAGGGAACAUCACAUUCUGGGGACUG
0	CUGACAUCCAUCCACCAUUUAGCAGGCAAGCCCACACAAAC
1	ACUCUGUGUGGAAGAAGAUGAAGAUCAGAGGGAGAGGCACG
0	UGAGACUCCAUCUCACAUUAAAAAAAAAAAAAAAAGAAAAA
1	UCAUCUGGAACUCAGAGAAGAAGGAGUUUCUGGGCAGGACC
1	GUCUGAAGAAUCCGGCGAUGAAGAAGGGAAGAAACACAGCA
1	CCCCGGACGAGCUGACGGUCAAGACCAAGGAUGGCGUGGUG
1	AGGGGCGGCAUGAGAAAUUUAAGGUGGAGAGCGGUAAGUGA
0	CCGUCUCUAUUAAAAAUACAAAAUUAGCCCAGCGUGGUAGC
1	AGUUGAAGAACUGAAGAAGAAAGAUCAGGUGAAUAGAAGUU
0	CACAGAGAAUUUACUAUAAGAAAUUACACAACACAGGGAAG
1	CUGGACUCAGGGCGGUUUGAAAGAUCGGCGCGCACCGCAGG
1	GGGAGAGACACCGUCUGAACAAGAUCAGGGCAAGAGGAUCA
1	UGAAGAAGGACCCUGGGAAGAAGAUCAAGAGAAAGAAGAAA
1	AGUGUUACAUUUCGAAUCAUAAACGUGAAUAUCGAGCGGAG
1	UUCGAGUCCUGCCGCGGUCGAAGGGAGGUUAUGAUUAACUU
0	AGGAAGUAAGGGUGAUGAAAAGAGAAUCUUGGUGGUGUCCC
0	UCAUGUGGAUUCAGUGUAGUACUUAGUGCAUGGCAAAUUCA
0	UCAUCACCCAGAAUCCCUCCAUAUACAUAUCCAUCCCCAAA
1	GACUGGAAACUUUAGGAAGAAAGAUAAUUGAGGGGCGUGUC
0	UGGGGUAUGCCGGCUCCAGGAAUGUGAUGCUCAUCUGGUUG
0	AUCUGUAACUUCCUUGAAUCAAGAAGAAAACAAAGAGUUUU
0	GACCCUCUGGCCUUCAUGACAUAGUCUUUUAAUGUGUUAAA
1	GGAAUGAACAUAAACCAGUAAAGAUCGGACGUGAUGGACAG
0	AUACUGAACUAUACACUUAAAAAUGGUUAACAUGGGCCGGG
0	UUGGGCAGUUGGUGGAAUUAAUACACUGUCUUCAUUAAUUU
0	CUUUCACAAACCUACAUGGUAUAGCCUACGACACACCUAGG
1	CGAAGGCCAAGGAAUCACUGAAGAUCGGCGAGGGAGGACAG
1	UGUUCAGGAAAGAAAACAGAAGGAUCGAAAGGCACUCCAUG
1	ACCCACUAAUAGGGAACGUGAGCUGGGUUUAGACCGUCGUG
0	AUCUUCCUAGAUAACUCUCAACUUAGCUUUCUAGUUCCUAG
0	CGCCACCCACCCCUUCACUCACACACACACUCUGACGCGCA
0	UCUACUCCAGCCUGGGCAACACAGAAUACCUUGUUUUUAUU
0	GCCCGGGGCACGUGCUUGCCAGCGCCCGUCUCACUGAAGAA
1	UGGACUUGAUGAAGAAGAUGAAGAUGAGGAUGAGGAUGAAG
0	CAUAUUGCUAAGAAAUUUCAAUCAUUUCUCAUCUUUAACCC
1	UUACAGAUUGUAUAACACUCACAAGAACCGCACGUGGCUUC
0	CCUGUCUUUAUAUCUUCCUAAUCCUCAUCCUACCACGUUCC
0	AGCCUCUCGGCUCACCCCCAAGCAUUCCUGUGGGGCCUUCU
0	GAAAGAAUCCACACUCUUACAGAACAGCAAAUCAUAAAUGG
0	UGCUGGCCAGGCCCCCUUUCAAGGCCUCAGUUUACCUGUGA
1	GAUGGGAAUCUCUCUGAGAAAGAAAAUGGAGAUUAAUCUUA
1	UCGGAAUUGCUUUCAACGCCAAGAUCGGAGGUAUGGGAAAC
1	UGUACCUCAACACCCCCGACAAGAUGGUGCGUGCACACCCU
1	UACAGGAUGAAGAACGCCGAAAGAAGGAAGAACAAGUCAUA
1	GACUGGAGUUCCAUGCCAGCAAGGUACGAGUGCAGCAUGUG
0	CCAUAAAAAAUGAUGAGUUCAUGUCCUUUGUAGGGACAUGG
1	AAUCUGAAUGCAUGAAUGAGACAGAGUGGACAAUUUAUCAA
1	UGGCCCUGCCAGAAGAAGCAAAGAUCAAAGACGCCUACCAC
1	UCCCCUUUUGCAAGUAUCGAAGUUACGCUAAAAUUUUUUUU
1	GCAAUUUCGCUAGAAGAACUAGCUGUUGCUUACAGUUUUUU
1	AGCAACAACACCAGAGCUCUAAGAAAGGAAAGCUUUCAGAA
0	GUGCUGGGAUUACAGGCAUGAGCCAUCGCGCCCAGCUACCA
1	CGUGGUAGAGCUGCCUGGGAAAGGGUGGAAGACACACUAAG
1	CUGUGGGGCUGGCGUGCAGAAAGAGCAUGAAGAGUACAUGA
0	AGAAAAAACCUCAUGGUCUCAAUAUAUACCAAAAGAAAAAA
1	UGGACGAGUCGGUGGGGAGCAAGACGAGAAGGGCCUUCCUG
0	ACCCAUUUUUUAAUGUAAUAAAAGUAGCUCUUAAGCUUUUG
1	GGUUGGGAACCAGAACAUGAAAGAUCGUGAUGCCAUGCUGA
1	CGGACGGCAGGACCUUGGUUAAGAUGGGAAAACAGUAGGGU
1	ACCAGAACCUGGAGAAACUGAAGACGGAGUCAGAGCGUCUG
1	AGAGAGGACUGGAACCAGAAAAGAUCAUUGGGGCAACAGAU
1	GGGGCAAAUUACCAAGGGCAAGGAUGGGAAAAGCAAGUACU
0	ACAAUAAUAAUAAUAAAGUGAAUAUACCUGGAAAUAACUGU
1	CUACGCACGUAAUAAGCUGAAAAUCGAAGAUGAAUGUCUGU
1	GUGGAUGUGAACAUCUUUGAAAGGUUGAAAGGCGCCAUUAA
1	CUGUGUCGUGCUAGAAGGGGAAGAAGAAGAUGACCACACGG
0	GUUCCUCCAAGGGGGUGUACAAGGAACAAGUGUUGGUUGUU
0	CUUCCACGAGGAACACCGAAACCCUUCUUUUUCCCUAUCAC
0	ACAAAAUAAUAUGUGAACCUAGAGUAGUUGUAAUUUAUGUC
0	UGAGAAUCUGGAAAAUCAUGAUUUUCUCAUUAAUUCCAUAA
0	UUUUGUUGAUCUUUUCAAAAAACCAGCUCCUGGAUUCACUG
1	UAGAGACUGUGACAAGCUGGAAGAUGUAAGAGCAUCCGCCU
0	CAUCCAUCUUAAAGUUAUAAAUAGUGCCUUGAAAGGAACAA
1	GUCAUCACUCCUCACUGAUGAUGUGUUGUUGCCAUGGUGAU
1	UCCUGGAGCUGUUCAAGCGGAAGAUGGAGGAGGAGCAGCGG
1	GGAGAUCCGGUAGUAGGCGGAAAUCCACAAGCAAGUUAGAC
0	UUAUAUACCUACAUACAUAAAACAUUUAGUUUAAUUUACAU
0	UGUUUUCUUUCUUUGCUGCUAUAGGGAAAUGAGACUUUUAU
1	CCUGCCAUAUCUAGUGGACGAAAAGUUUAGCUAGGCUAGCG
1	AGACAAAGAAGAACUACUAUAAGAGGAUAGAGCCCGCAGAU
0	CUUGCAGGAAGAGAUGACCAAGGCUGGAAGCAGCCCAGACA
1	AUGUAGAUAUCUCUGCACCAAAGAUAGAGGGUGAAAUGCAG
1	AGUAACACGUUGAACAGCACAUGGAGAUCAGCAUCGAGCCG
1	AGAUGGAGUUCCUGAAGCAGAAGAUCGAGCAGGAGCUCCGU
1	UCAAAGGAACUUAGUCUACAAAAGAUACACGGACAAUGCAC
1	CCGUCUGUUUUGUUCUGGGUAAGGAAGGCAAGAGCUAUAGA
0	AGCUCAGUCAGGUACUGGCAAGACAGCCACAUUUGCUAUUU
0	AUCUCUUAGUUACUAGAAUUAGACUGUUGAAUGGCUAUAAU
1	UAGUGAAGAAAGUGGCUCAGAAGAAGAGGAAGAGGUAAGAG
1	CUUCGAAGAGCCUUGAACAUAAAACACAGACACCUCCUGUG
0	GAAAGCCAUGGUGCUAGCACAGGAGAUCCAGGGUUUCUUCA
1	ACAAGUUUGUGGAGGAUACAAAGAAGGGAGUGCACCAGAAG
1	GGAUCGCCCGGAGGCUGGACAAGAUGGUGACCAAGAAGAGC
0	UUGGUGUUCCUCCCAGUACCACUUGUCACUUUUCUCCUGAA
1	UGCUGCAUUAACUAAUUUGCAAGAUCGAGCACCUAGCAAGU
0	CAUUCUUAGCAUGUUUCUUCACCUAUCUCUAUAAACCCCUU
0	GGCCAGAAAAAUUGCAAGUAAAAUAGAUAUAUUUGGGCGUG
0	UUUUUUGCAACCACCCAUGAAAUCUGCUGAGUGUCUGGCUU
0	GAGAUGAAUGGGGAGCUGGAAAGGGGAUGGAGUGGUAAGAU
0	UUCUAGGUCUAGGGGCUUUAAGACUAUUACAAGGUGAUAGA
0	CAAAACAGCAACAAAAAAAUACUUUUCCUUAAAUGUUACUA
0	UUUCCCAUGUAGUCAAGUCUACCACAGUAAAAACUAUGUUG
0	UCAGCAAGGUUGCAGUACACAAAAUCAAUACAUAAAAAUCA
1	GACCAUGAACUGGACCCUCGAAGGUAUAGAAACUAGUGUCA
0	UCCGCCUCCUUCACCGUGAGAGGAAAGGAAGCGGGAUGACA
1	UGAAGGAAACUGAAUUCAAAAAGAUCAAAGUGCUGGGCUCC
1	AGCUGCAGCUGCAGAAGCAGAAGGUGGAAGAGGAGCUGAAU
0	CAUUCAGAAAACUUCAAGACAUCACCAUCAGCAGGCUCCAG
1	GGCUGUGGCACGAGGAAGCAAAGAUCACAACAUUCGUGCCC
0	UCACAAUUCAGACUAGCCACACGUCAAGUGCUGAGUAAUUA
0	GGUUGUUCAGGUUCUCCGUGACUGUCCUUCUGCCCUUCCAG
1	ACUGGACUUACAGUUUUCCGAAGAUGAGAAGAGGUUGUUGU
0	GUCAGAAAUGUGAUGCCAGAAUGCCCACGGAAUAAAAGUAC
0	CCUGGACACAGGUAAGGUAAAUCAGGACACUGUGACCUCUU
1	AAUGCGGAUAUGGGACUGAGACCAGCUCCUAGGAAAAUGUC
0	UCCUAUUUGUGGCUUCAGAGAUCUAAAGGGGGACAGAUGCU
1	AUGUAGCCAUGACUCAGAUCAAGAUACGGAAGAGCCCAGCA
1	UACUAAAAAUGAGACUGAUGAAGAUGGAUGGACCACAGUAC
1	CGCAGCGUGAGGCCAACAAAAAGAUCGAGAAGCAGCUGCAG
0	UUCCAGCACUGUGGGAGGCCAAGGGUGGGUAGGUCACUUGA
0	GGUUGUAAGCUGCUCUCUUCAAACCCAAUUUUCAGGCCCUA
1	UUGGUUAUUCUGCAGAAUACAAACGCGUUAGGGCCAGUAGG
0	CUAACUUUUAUUAUACACACAAUGUGACUGGCAUUAUUCUA
1	GAUGAAGAUAAGAACUCUAUAAGAUUGGAGGAAGAUUAAGA
1	GGCUGGGACGCCCGGUACGGAGGUCGCUCAAGGCGCUGCUG
0	CCUUUUUAGGAAAUAUUUUUAGCACAAGUAAGCUGUACUUU
0	UGGUCCCAACUCUGGAGUACACCAGUUAUCAAUUAACUGCC
1	AGCUGCAGGACUGGGUGAAAAAGAUCCGUGAAGUGGCCCAG
0	AUGUCUACAAGCUUUCAAAGAUCUGGAAAGGCAGUAGCCCA
1	ACUGCAGCCCUGGCAAGAUGAAGAUCAAGGACCAUAUCACC
1	AGCAUUAGCAGAAAGCAGCGAAGAACAGGAAGAUGCACUGA
0	GAAUAGAAAUCAGGAUGAUCAAGGUGAAGAACAACACAAUU
1	UGGCAACACUGAACCUGUGAAAGCCAAGGAAGAGCUCAUAU
1	AGCUCAGGGAAUACUUCAAGAAGUUCGGAGUGGUGAGUUUC
1	GUCGCCGAAGUGUGAGAGGCACGAUGGGCAACGGAUUAAUC
1	CCAGGGAAUUUAUCAGAGCAAAGUUCGGGAGCUGAUCAGUG
1	AGACGAAAACGGAAUCUGCCAAGACGGAAGGUCCUAGCCCA
1	AUGCAGAACAAAGCAACGGAAAGAUGAACGGUAGCACCUUA
1	CAGAAAGCUGGAGGGAAGACAAGAGCAGAAGAGACCAUUGU
0	AAAUGCACCUGCUAGCCUCCAGGCCUGGUCCCUUUGGCCAA
0	CACACAGCUAAGUCAAGGAAAGGAGGAAACCAUGCAAGUGU
0	UUUGUCAAAGACCUAAAAGUAGAGCUAUCAUUUGACCCAGC
0	GCCAUCCGGUCAGCACAAUGACCACAUCUCCCUUCUUGAAG
1	UACCUACUUACGCGCCGCCCAAUACGUCUCCUGGUCGCUAG
1	UGACCGUGAGGAUGAGGAGGAAGAUGAGGAAGAGGAGGAAC
1	AAGAGAUGCCAGAACACUAGAAGAUGAAGAAGAGAUGUGGU
1	ACGGCGGCGCACAGUAGAUGAAGAUCCAGAUGAGCGACGGC
1	AAAAGUUUCAGCCAAUGAACAAGAUCGAGAGGAGCAUACUG
0	GGAAAUACCAGUUAAAGAAGAGCACUUGAAUUGAUUUAGAG
0	UUUGUGAUGGGUAUUCCAUGAGAGUGAGAUGGAUCUCCCAC
0	AGAAACAUGGAGCUGUGUGUAGAGGAGACAGAAGGGGACAG
1	AGACAAGACUCUGCGGAAGAAAGGUAAGGCCUAACAGGCUG
0	GCAAAAGCCCUAACUACCUAAUGAGUGAAUGACAAAUCAUU
0	UGAUCCUACACAAUUCAUGUAAAUGAGAAAUGUUAUUUCAA
0	AAGUUAUAGCAAAUUUUACUAUUCCUUUUUUUUGAGAUGGA
1	GUCCAUGCACUAGUGGGCCAAUCCAUUGAGGGCUAGUUUGU
1	AACUGAAGACUGGCUGUAUGAAGAAGGAGAGGACCAAGCUA
0	ACAGGAUUCCUGCUGAAGAUAGGCCAGGGUGAUCAGUCAUU
0	UACCAACCAAUCUUAUAAACAUCAAUAAUGUAAGUUGCAUG
0	UGCUUCUUUAUUUUCUUAUGAAUUUUAGUAUCAACUUGUAA
1	GUUGUUACCGCCUCGUUUAGAUAUCCAAGUAAAUGGGCGAG
1	UUGUUUUAGUUACAGGUACAACGACUUGAUCGGUGCCGCGG
0	CCCUUCCUGUCCUCCCAUCCAACCUCUCGCAUCAUGUUGAG
0	GCUUCCGCACUCUGAAGCUGACCACACCAACCUACGGGGAU
0	GGGCCUCUGCCCAAACCACAAAGAGUAUCAACUGUCAGGAC
0	UUAAUAGCAACUGGUACCAUAAAAUUUCUCUACCUUUGGUU
0	ACAUGCAUCCUAAACUUGCUACCAUUACCAGCCCUAUGGUG
0	CCCCCCAGCUCGCCCGACCCAUCCUGUUCGUGAAUAGGUCU
1	CCCUUUUAACUGUCGGGGGAAGUAUAUGCGUGUCGCCGACU
1	AACUUUGAAGGCCGAAGUGGAGAAGGGUUCCAUGUGAACAG
1	GAUUGUCUCUGGAUCUCGAGAUAAAACCAUCAAGCUAUGGA
1	AGUAAUUGGCUGUGCUCUUGAAGAUCAGAAGAAAAUUAAGA
0	UGCUUUAAAUAUUUCACUUCACUCUCUCCUUGCUUGCAUUG
0	AAACAAAAUAUAGAAGGAAUAUAGCUCAAAAUAGUAAAGGC
0	AACAUAACUCUCUGGAGUAUAAAACGGAGGUGUUUUGUAAU
1	GGAGCGAGGAACAGAAGAAGAAGAACCGGAAGAAACUGUCC
1	GCUCCAAGGACUGCACUGUGAAGGUGAGGACGGCCAGGUGU
0	UUCUUUAUGACUUCCUUAUGACCAUUAUGGAUUUUCCUUUG
0	GUCAUUUUCUUUGAGUGUUGAAUUAUACCUCAGUGGGAUUU
1	ACGAUCGGAUUCGUGGGUCAAGUCGAAGGUGGCAAUCCGAG
1	UCGAGAUCAAACCGCUACGCAAGAUGGAGAAGAGCAAGUCC
1	UAGGACCUGAAAGGUGGUGAACUCUGCCUGGGCAGGGCAAA
0	CCAGGAGGAAAUGACCUCUGAGCUGAAACCCAAAGGAUGAG
1	AAGAAAGAGAACGUCUGCAAAAGGAGGAAGAGAAACGUAGG
0	AUUAUGGCUUUACAUUGAAGAAUCAAGGCCUAUAGUGAUUA
0	AGCCUAAAACUAUGAAGUACAAACCUGGCCGUCUAAUGCUG
0	UCGCCCCAACUCCCUUAGAGAUUUAGCCCCAGCUCCCCACG
0	UCAGGAGAGUAAGGAGAGUAACUUCGAGGUCUGGAGGAUCA
0	CCUGAAGUUUAGGGUUUGGAAACUUUGGCAUCAAGGUGAGU
0	CAUUUACAGAGCCCUCGUAGAUGCCAUCCCCGUCUCUCUGU
1	GCCUGAAACAGACCUGCAUGAAGUUCUACGCACGCGUCUGC
1	UACCGUGAAUUUACUGGGUGAAGAAAAGAAGAGCACCUAAA
0	GUCCCCACCUUCAAGUCACCAAUAAGUGAUUUGAAAACAAC
0	AUGCCCUGCUCUGAGCCCUCAUUCCUAGUGAAGGUGGAAAC
1	AUUUUGAGCAUCUAGGAGUAAGAAAGGAUUACAAUCGAGCG
0	UAUAGUUAAAAUGAUUGAACAUGGUGUCCAGGCUGGGUGGG
1	UCAACAGACUGUAGCUCACUAAGAUCGGAAAGUAUAUAUUU
0	UCUCCCACUCCUGGAGGACGAGCCUCUAAGACCCUACCCCU
0	UGAAGCCAUUUAAGCUAGUAAACUUACCAUAUAAUGGUUAA
0	UAGGAUGCAGGUGGGGUCAGAUAAGGGAAUAAAAGCAGGCU
1	CGGUACAUUGAACUACUUACAAGAUCUGGAGACUAUUACAG
0	GUCCCAGUAAUGUCCUUUUCAGCUACUUUCCCCCAUUGGUU
0	GAAUGAAUUGAAAUUGUGGAAAAUCAGACACAAGCUCUUAU
1	GAAAGAAACUGCAAAGGAUGAAGAGGAAGAGCCUCCCAGCA
0	UCUCAGAAAAAAGAAAAAAAAAGAAAUAGGUUGUUUAAAAC
0	CUGACUCCAAAAAAAGAAAAAAAAAAAAAAAAGCUGGGCAC
0	GGACAGUGCCUAGCACAAAAAUAAUAGAUAGUGGUGGUGGG
0	GAAAUAAUAAGCAUUUAAAAAUUUAUGUAAUGCUUUUUCAC
1	GGACUAUGGCUCCGGCGAGGAUGAUGGGAAGAGCGACAAGC
0	CAGGGAAUCCCACCCUCUCCAGCUCUACACCUGAGAGCAGC
0	UUAUGGUAACAAAAGCAAAUAUUACCCCCAAUCUGCUAAGG
1	UUGUGCGCCGUCGAGUUUCAACCGCCUUCCCUUACGAGCUC
1	AUUCUCUGAACAAGAAGAUUAGCAUGGCCCCUGCGCAAGGA
1	GUGAACAAUAUAUGAGAAAAAAAGCAAGGAUCGCAGUGAUU
1	UUGUAGAUUUCAUUCAAUCAAAGAUCAGCCAGCGUGAUGAA
0	ACAACUAUGGCUUUCUGGGAAUGUACCACUAAGAACAGCUU
0	UAGUUCCAAUAUAGCAAAGAAAGAAACUCUAGAGUUUAAGA
1	ACGAUCGAAGGCGCAGGGACAAGUUCAGAAGAGAGCGCAGC
0	CAGCAGUCUGGGAGACAAAGAAGGCAGGAGGCUUGCUCAAG
1	GAAAGGAUGGCUGGAUCAGGAAGACCAGGAAGCACCACUGC
0	AAAAUCAGUGAGGAACCCGCAGCCCGUUUAACACACUGGAU
0	UAUGUUUUUCAGAGCGACGAAGGUCCUGAACCAGAGGCUGA
0	GGGCGGGAGGAAAGAAGCAAAGGACUGCCAGGCUUGGUGGC
1	AGACCACGGGGAUCGUGGAGACACACUUCACCUUCAAGGAC
0	GUCAGAGCAGUUCUUCUCUUACCUGUUUUAUAAAUUAGGUA
0	UAAAAAUGUCCAGUGACUACACAUUAUGCUGAGGAUAAGAC
1	GAGAUUUCCUCUGAGAUAAAAAGAAAGAAGGGCAGACAACA
0	CUAAUUUUUUUGUAUUUUCAAUAGUGACAGAGUUUCACCAU
1	GAGCAUUAAACCUGAACCAGAAGAUCGAGAGCCUAACUUUG
