0.1	0.1.1
1	UCAAAGGAACUUAGUCUACAAAAGAUACACGGACAAUGCAC
0	GUCACCUCUUACACAGACUUAUUUUGUUUGUCUUUUUCCCC
1	CUGUAACAACACUGAGAACAAAGAACGGAAGUCCUUCCAGA
0	UUGAGGCUGCAGUGAGCUAUAAUCACACCAUUGCACUCCAA
1	AAGCGGACAAAAUGCAUCCCAAGAUCAAGGAAGGGACAGGC
1	AGUAAGCGAUGAUGAGGCUGAAGAAAAGGAAGACAAAGAAG
0	AGUAAACAUGUACAAGUUGUAAAAGAAGAAAUAGCUUUAAU
0	AUGCAUUUCCCUGCCCAAACAUUUGAGUAUAUCUUUGAUUC
1	UAUUCAUUGGAGGACACUGGAAGAUGGGAAGAAAGAAGCAG
0	UUCUAAUCUGGAUGCCUCUUAUUUGUUUUUUAAUUUUUUCU
0	GCCUGGAGAGAGAAAGACACACGUUCCAUAAUAUUUAGAGU
1	AGUGUUACAUUUCGAAUCAUAAACGUGAAUAUCGAGCGGAG
0	CUGAGCUUUCAAGGUAAAACAUGUUCAAACUGCUGCCCACU
1	ACGUCAGAAUCCUACUGACCAAUAUCCGAACCAAGAGCACC
1	AUGCAGAACAAAGCAACGGAAAGAUGAACGGUAGCACCUUA
1	UUUGAGGAUAUUGUGUCUUGAGAACUGAGUGCGACAGUUGU
0	GGGAGGAUUGAAGGCAUGGGACGGACCCUGGAGAGGGUCCC
0	GAAUUGCACGCUCACUUGAAACUAUCUUGAGGGACUAAGGU
1	GUAGCCCUGAGCUGUUCAAGAAGAUCAAGGAGCUGUACGAG
1	UUGACAAAAGGACCAUUGAGAAGUUCGAGAAGGAGGCGGCU
1	CUUCAUCCUGGACCACGGCAAAGAUGGGAAAAUCUUUGUCU
1	ACGAUCGAAGGCGCAGGGACAAGUUCAGAAGAGAGCGCAGC
1	UUUGAAAGGAGACCUGAAUGAAAAUGGGAAGAGCCAUGCAA
1	UGCUCCCUCCCCCCAGAACGAGCGGGAGAAUACUAGCUAUG
0	UGGAAUUACAGGCACACACCACCGAGCCCAGCUAAUUUCUA
1	GAAGUAGCAAGACAGUUGGAAAGAUCAGCAUUGGAAGAUAA
1	GGAAACUGAGGCUCAGGAACAGGAUCGGAAGCCGGUUUGAC
1	UAGGACCUGAAAGGUGGUGAACUCUGCCUGGGCAGGGCAAA
0	GUAACUUUGUUCAGUAUUACAUGUUUCUUCAAAUGUGGCUG
1	AGGCUGUGGCUUCUGCAACCAGGACCGGAGGACACUCCCGG
1	UGCUGGCCGAGUACCUGAGGAGGAUCUGAAGAGGACAAUGA
1	GACGGUGAUAUCGAUUCGAUACUAGCGUGUAGGCGGAUAUC
1	GGGAGCUGUACCUCGCCAAUAAGGACGUGGAAGGUGAGAGG
1	GUUGAGCUUUGAAACAACUGAUGAGAGCCUGAGGAGCCAUU
0	UCCCUGGACAUUUCUCUCAGAAGAAUUAUUUUUUUAAACCC
1	GGAAGAAGAACCGAAAUGUCAAGAUUGGGAAGAUCACAGUG
0	GUCACAUCCCUGUCUCCUGCAGUUCAGUUGUUUAUCCUUAG
0	GUGCAGUCCCAGGUCUUGAAAUAGUGAAGUUCAGUUUCUAA
1	CUGUGUCGUGCUAGAAGGGGAAGAAGAAGAUGACCACACGG
0	GCCCACUUUCUUUUGAGCAAAUCAUUCCCAUCUAUUGAGCC
0	UGAGAGAAGUGGGCCUAGAUAGGCCAGGUGCCCCUCCUAGG
0	AUAUAAUAACUGUCUUUGUAAGGAAUUCAAGAUACUGGCCU
1	GGAAAAAGGAUGAUCCUCUGAAGGUCGGAAGAUUUGGAAUU
0	UGCUCUUCUCCCAACAACACAGUCACCUAAGGACAUGCUGA
0	UACAAUGCAUUAGAAGUCUUAAAAUUUAGAUAUUUCAAAAA
0	AGCGGGAGGGCGGAGGAAGGAGAGAGAAGGAGGGCCCACAG
0	AGAGGGGCCAAAGCUGGGCCAGAGGACCCACAGGCAAGGAG
0	AUAAAUACAAAUGAAAAACAAUACAGUAUAAUAAUUAUUUA
0	AGGAGGCCUAUCAAACACGAACAGAGAAAUCUCGUGAAGUA
0	GAGUGGGUGAUGAGGCUUCAAGGCAACAGGGGCGCCUAAAG
1	CCAAAAGGGCUAGAAUUAGAAAGAUCAGAGCUUUUUAAAAA
1	UCUGUUUGAACUCUCCGGUAAGGACUGCAUCUGGUAAUCUG
0	GGUUCUGGUCCCCGCCUCUGAGGAGCAAAUUGUGGAUUCUU
0	UAUCUGCUGACCUUCCCUCCACUAGUGUCCUAUGACCCUGC
0	GAUGGGGACAGAAAGGUAAAAGACCAAAAAAGGAUAAGGGG
0	AAAAUAUUAACAUUUUCUUAAAAAGAAAAAAAAAUUAAAUA
1	GAACAUUCAGAAAGGACAUGAAGACGCAGGAAGAGAAGCAG
0	UCUGGGGUCUCCAAUACUCCAGAAAGGCUUUCCUGACCCUA
0	AAUUCCUCCAGAGUACUGUUAAAAAAGUUUCUACUCUAAGU
1	GGAUCCCAUUGAGAAUGAAGAAGACCGGAAGAAGGUGAGGC
0	AGGCAGGAAAGACAAAUUUUAUUCUUCAUAAAGUGAUGAGC
1	UUUCCACUAGGACUUGGAAGAACAAAGUCGGUUGAUAGCUG
1	AGAAUACUCUGAAAGCAAGCAAGAAGAAGAAGAGGGCAUCC
1	CAUGGAAUCAUCAGGAAGGUAAGGAAAUAGUAAAAUACUGA
1	UUAAUGAUUUGGACAAUCAGAUUAAGAAGAUGUAGCUUUCU
0	UCAAAAUAAAUGAAGAGCUCAAGAUGACAUCAGUCCCAUUU
0	UUUGUUUUUAAAGCAUAUAUACUUGUAUACUGUCUAGCUAA
1	GGACACACGGGAAAGCCAGGAAGAAGAGGAAGAGCACCCCC
1	CUCGAGUGCAUAGUACGCGGACGAUCGGUGGCGUGAUAAAU
0	UGCAAACAAGGCGGAGGUGAAUUACCGCCCCUCGUGGCCGC
1	ACAAGUAGAAUUGACUGCACAAGAUGUGAAAGAUGCCCACU
1	AAAGUGGACUGGAAGUGGCAAAGAUGGAAAGACAGACCAAU
0	UCUGGACACUGACUGGCUAUACUUAGGUCGUUUGAACAUUC
1	UAAGGACUAUUAAACUGAGUAAGAUGGGAAGCCAUUAGCAU
1	UGACCGUGAGGAUGAGGAGGAAGAUGAGGAAGAGGAGGAAC
1	UUCUAAGGCGCGUCGGGGCUACAUUGUGGUAAAAAUUGGUG
0	UGCCCAGCCUGAAAUUAAUAAUAUCAAGCAAUGUGGUGUUU
0	CAUCAAGGUGAAGGACCAGGAGAAGAGGAGGCGUGUGGAGG
1	UUCCAAUGGCUGUGUGUUUAAAGAUUGUGGGAGCUUCGCUG
0	GGACAGGACCGGUGCCGGUGAACCGUUGGCAUCGCCCUCGC
1	UAUUUGAAUUCAGAACUUAGAAAAUUGGAAGGGACCUUAAA
0	UGGAUGCCACAGAUAUGUGCAGGACACAGUUCCUUCUUAGG
0	CGGGCAUAGUUAUUGGCAGCAUCUUCUUUGCCUGUGAUAAG
0	GAAAGAAUCCACACUCUUACAGAACAGCAAAUCAUAAAUGG
0	AUGGACAAUGUCCUGUUACCAUUUUUUAUUUUGUACAAAGU
1	AACCUAUGAAAUCUGUACAAAAGAUUGGGGUGAGUGAAAGA
0	ACAUGGAUGUUUGUACUGUUAUUAAAUUCUGUGUAAUCAAA
1	AGCUCUUAACGCUGUGACCAAAGAUGGAAGUUCUCUAUAGG
1	UGACAUGUAGUAAAAGUCUGAAGACAGAGAAGAGUGCAUGU
1	ACGUAAACUGCCAGGAGCGAAAGAUCGAGAGCAUCGCUGAA
1	AAGCGCCGGCCGUGUAAAUGAAGAUCGGGUGAGGAGCAGGA
0	AACUGCCCAUGGCUGAGCAAAGUUCCUGCAAUGACUCUAGG
0	UGCUUUAUCCUUCGUCUUCAACUUUAGGCAGACCAUCUCAA
0	CAGGGCCCUGAGGGCUGCAGAGGCCGGAGGCUGUGGGUGCA
1	AUCAGGUCUCGUUCCCGCUCAAGAUCAAGACACAGGCAUAG
1	ACCCUGUUACACAAGAAUUUAAGGUGAAUACUGUUUAAUUC
1	UAUAGGACACCACCAGUCUGAAGAUCGAGAGACAUCUGAUC
1	CAUCGGAGAAGGUGAAGAACAAGAUCUUGGAGCUCCUCUAC
0	CAAGUACUUCAUUCGAGAUGAGUUUCUGGUGAGUCGAGCCU
0	CUCUCUUGGGCCUACAUUUGAGCACCUCCCUACACUGCCCC
1	UGGUCAUGGAGGAGCUGCUGAAGGUCGUCAAGAGCCUGGUG
0	CGCCAUUCCCAGAGCUUUUUAACAAUGGUCUUGAAAGCCAC
1	ACUGCAAGCUCCAUUGGCAGAAGAACGGAGACUACUUGUGU
1	GCACAGCUGAUGAAACAAGCAAGAGGUGCCUGAGGCAGGAG
1	GAGAUUUCCUCUGAGAUAAAAAGAAAGAAGGGCAGACAACA
1	CGUGGACGACAUAGAUAAGUAUAAAUGAAGGGAGUAAGUUA
1	GACUCAAGAUCAAGGACCAAAAGAAAGUGGAGAGACAGUUC
1	GAAAGGAUGGCUGGAUCAGGAAGACCAGGAAGCACCACUGC
0	AACAUAACUCUCUGGAGUAUAAAACGGAGGUGUUUUGUAAU
1	ACGUGAAAUUGAGGACCCAGAAGACCGGAAGCCCGAGGAUU
1	GGGCAAUGUGACUGCUGACAAAGAUGGUGUGGCCGAUGUGU
0	GUAUUUGCUUGUUAAAGGAGACUCUGAAAAACUCUAUCAAA
1	AGGUCUGUCUAGAAUCCUAAAGGCAAAUGACUCAAGGUGUA
1	UACUGGGAGCUCUGGGUGCCAAGAUUGUGAACAGCCGAGAU
0	CCCUUCCUGUCCUCCCAUCCAACCUCUCGCAUCAUGUUGAG
0	GACAGGUAAAAAUUGUAUAUAUAUUUAAGGUGUACAAACUU
0	UGAGCAACUAGAAAAAUGUUAACAUUAAGUGAAAACACAGA
1	GGGCCGAGUCACUGUCAGGGAAGGUCGGGAGCUGCACACGC
0	UACUCACACAUUCAAGGAAUAGAUAGUAAGCGCCUGUUUUA
0	GUCAGAAGCAAUUCUUUGGUAUUUGAUUCACAUAGAGACUU
1	GAGACCGGCUGUUGCUAGACAAGAUUAAGAGCUAUUAUGAA
1	GAAAGCAGUAGACAAGUUGAAAGAGAAGAAGGAGCGCUUGA
0	CACACAGCUAAGUCAAGGAAAGGAGGAAACCAUGCAAGUGU
1	CGGGCCUGCUGUGUGUGGACAAGAUCGAGAAGAGUCAGGAG
0	AAGCAGUUGGUUACUCUGGAAUGCCUGGCCCUGGAACUGGA
0	AAAAAUAAAAACUAAAAACCAACCAACUUUUUAAACAUUAU
1	CAUCUGGGGAUGAGCUAGACAAGAUGGAGAGCUCACUGGUA
1	CGGGUUAGCCUUAAUGGGCAAGACAAGAAGUGUAAAGCGAU
0	AAAAGACAGCUUCUUAUAUUAGUAAGGCAAAACUAUAGUAG
0	ACUUAUGUCUACUCUUUACCAAUGAUCUUUCUCAAAAUCAU
0	CUCACCUGCCCAACUUCCAAAUGUGCCCUGUCCAGGUCCAC
0	GAAGGUCAUCCUCAUACCUUAACUGUCAGAGUCUGAGAAUU
1	CGACUGGAUGAUAUGAACCAAAGAUGGAAUGACUUAAAAGC
0	CUGGGAUUACAGGCUAUUACACGUCCUUUUAUACUGACUGG
0	AGAUUAGGGAACUCAGAAAUAAAGCCACCAUCUACAGCCAU
1	AGCUCCAGCAGAAGCUUUGAAAGAUGGAGAAGAGCGGCAAA
1	CUAGACACUAUAUGAAGAAAAAGAUCAGGAAAGCUCUCCUC
1	ACUGGCAACAGCUCAUGCUCAAGAUGGAAGAUCGCCUCAAG
1	ACGCUCUGCUACUUGCAAGUAAGAUGGACAGCCGGACACAC
0	UAGAAUACUACUCAGCCAAAAAGAUGAAAUACUGAUACAUG
1	GGAGAAAACAUUUAAGAAUAAGGUCAGAGCACACAUUCAGA
0	GAAUUUGUAAUGAGAAGCUAAAAACUUUAAGGAAUUUUAAG
0	AGGACUGCUCACCACUGCCAAUUUUUCUCCUACGCUGGGGA
0	GUAUCAGUCAGUCCAGGAAUAUCCUUCUCUCCUUAGAAGAA
1	GGAUCAGAUGGAUCCUGAGCAGGAUCGGGAGAUCUCAGACC
0	GGUUUGAGACCAACCUGGACAACAUAGUUAGAACCCAUCUC
1	GCUGAUUAAGCCUGGCGCCAACGCUUAAGCAACGCCUACCU
0	AUGCUUAGUAUACUACUAUUACUGUAUAAUAGAAAUAAUCA
1	CUACUCUCUUGGAGGGCUGGAAGGUCGGAAGGCAUCUGGCU
1	AAGCGUUAAAAAAGAAGAAAAAGAUCAGAGGCCCAGAGAAG
1	AGGACUGUUUUUGGACGUGGAAGAUAGAGCAACAUAGCAAG
1	ACUGCGCACACAAACGGUCCAACUGGUAGCACAACAAUCGG
1	UUCUGCACUGACUCUGAAGCAAGAUGACGGAAGAUUCUACU
0	ACCCUAGGUGAAGUCUCCCCAGGAAGCUCUGGACCCCUUAC
0	CAGCUAGGUGGCUUAUUAACAAUAGAAAUGUACUUCUCACA
1	AAUGUCCGGACGCGGCAAGCAAGGCGGAAAGGCCCGAGCUA
1	UUUUUCUUUGCAUUCCCAGAAAAUAUUUACAGAUUUGCAGU
1	AAAUGGGAUCCAUGAAGAACAAGACCAAGAGCCACAGGAUC
1	GGUCUUAAUAUAGAAUCUCUAAGAUGGAGAGCACCCUUUCA
1	UGGACAAACUCAAGCUUGAUAAGGUAGGUUAGUAAUGGAUU
0	CUUUUUCUCUAUUGAUUUGCAUAUUCUGAAUAUUUUAAACA
0	CUGUCUCAAAAAAAAAAAAAAAAGAAAAAAGUCCGGGUGUG
1	CGAGGAUCAGGCACCGCGGCACCAAGUAGCUUCUCCAAGCC
0	CAGGAGUGCUGUGAGGUUUUAAUUGGGUAAUGGCUGUGGAG
0	GGGUGACAUUUUCGCUCGCCAGUUCCUGGCAUCAGUGAGUG
1	ACAUGUCAAGAGCCUCUGAAAAGAUGAAGGGCACUGUCUAU
0	CUCCACAGCAACUCCAUGAGAAGGGUGCUAAUAUUACCACU
0	CAAGGCAGGAUGGGGACUCCAAAAGAGAUGAGAAUUAGUUU
0	AUGGAUCACCUGACGUCAGGAAUUCGAGACCAGCCUGGCCA
0	GUACCUGCAAGAUCAUUUGAAUUUAAUAUCAAAGGGCACCA
0	UGAAUGUAUAACCAACUGAAACAAACAGUCCCAAUACUAAA
0	UUCUGGAGUGGCACUGACUAAUCAAUGCUUCUUCUUUUGUG
0	UAAUACCUCUAACUUUAUAAAGUGGCAUUCGGAAGCAACUU
1	UCCUAAGGAGUCUGAAACAGAAGAUCAAGCACUUGUCUCAA
0	UGCUAUCCUAAAUGACAGUUACCUAGUCAAUUGAAACUAGC
1	GUAGCCCGCGUGGCCACUGGAAGUUUGAACGGUCGUGUGCC
0	UAAUUUCUUGAGGUGUACAUAGAGCAAAUAGGGAUAUUCAA
1	CUUCUCUGAAAGAUUAUAUUAAGGCAGAAGAGGACAAGUUA
1	GUGUGAACUGGCCUUUGGGAAAGAUCAGAGAGGGCAGAGGU
0	GGGAGGUCUAGGGCCAAGGCACUCUGAAGACCUUUAUGGUA
1	GAUGGGAAUCUCUCUGAGAAAGAAAAUGGAGAUUAAUCUUA
0	GGCUGAUGGAUGCCAUCUCUACAGAGGUCUGGGCCUUGUGU
1	CUUCAGCUGACAAAUACGUGAAGAUCUGGGACAUCUUAGGA
1	GUGGAUGUGAACAUCUUUGAAAGGUUGAAAGGCGCCAUUAA
1	UAGAAGUCGGAAUCCGGAAGAAGAUCGAACAUGACGUGGUG
1	AGAUCGUGCGGCUGAAGACCAAGGACAGGAAGAAGCAAGUG
0	UCUCACCUCCAGAAGGCUACAGCAGAAAAGAAAGCAGAGUC
0	GCAGGAUAAUUAAGCCAAAGAUGAUAACACUUAACUUAAUU
1	GAGAACGGGUUACUGUUGAAAAAUUAUGUACCUCAUUACUG
1	GAACAAAAGGACGCACUCCAAAGGUAACAUCCAAGUUUGAA
0	GUCCCUACAAAAAUUGCAAAAAUUAGCCAAGGCAGGGUGGU
0	CCACAGCUGCCCCUUUCCCCAGGUGCUCUGUCCCAGGGAGA
0	CCAAAAAAUAAAUAUAGUGGAAUGCAAGUUUGAGGGAUGGA
0	GAGAAAGAAAUGCAGUCAAGAGAACAAGAGAUAGAGAGAAA
1	CCCCGGACGAGCUGACGGUCAAGACCAAGGAUGGCGUGGUG
1	CUGAGAAGGAUGCUGAACAGAAGAUUGAAGAACAGAAGACU
1	UUGGAAUGAGUCCACUUUAAAUCCUUUAACGAAGAUCCAUU
0	AAAGCCCUAGAAGAUAACCUAGGCAAUACCAUUCAGGACAU
1	ACUUGGAGAAAGACCGCAUGAAGAUACUUGUAAGCACACAU
0	UUUGUCAAAGACCUAAAAGUAGAGCUAUCAUUUGACCCAGC
0	CCUCUCUCUGAGGCUGACCCACAUAUUGAGCGCAAACAAGC
0	UCCCCCUUUGGUGUGGAUGCAUCGCUGCACUCACCCUCCGU
1	UUACGGAUCUGGCUUCUGAGAUGGACCGUUAUAAGGACAAU
1	GCAGAGAACUUAGAAGGCAAAAGAGGGAGGAGAUGCGACUC
1	UGGUGCUUCAGGUAGAGGUUAACAUGAACCACGAGCUGCUC
0	GAAAGGGCCAGGCUGCUACCAGCUGAGAGUAAAAAGGCUGC
1	UGAUGUACUCUGGGGAGCUUAAGUUUGAGAAGAGAACGUCC
1	UUUCCUCCACCAUCGUAGGAAACGUGCUCGUGGCUCCUCUC
1	CCCGAGGAUUGGGAUGAAAGACCAAAAAUCCCAGAUCCAGA
0	ACUUGUCCUAUUUGUGUCAAAAUGCCCUGAAGAACUGGCAU
1	CUGCCAAUGCGGAGGACAUCAAGGUGCGGCUGGGGGAGUGG
0	UUCAAUUUUUUUUAAAUUUUACUUUUAUUUUUUAUUUCACC
1	GGCUGUGAGCUGUGGAGCCCAGGGCCGGAGGAGCAGUAAGG
1	AUCUAUGACAUCUGUCGUAGAAACCUCGAUAUCGAGCGCCC
1	AACUGGCAGAGAACAAGAAGAAGAUCGAUGCUCUCCUGGAU
0	CCCCAUUAAUGACCCCAGUCACCCCGCCCCCUCCUUACACU
1	AUAAACCCAUCACCUCUGAGAAAAUCAAAGAGGUGAGUGUG
0	UCAGGAAACACGCCUUUUCAAUCAUGAGUGCACCAGUGCUU
1	AACUGAAGGAACAGCUGGCUAAGAAAGAAAAGGAGCACGCA
0	AAAAAAAAAAAAAACACCUUAAAAGCCUAAAAAGAUGGCUA
1	GGAGGGAACGAUAGGCCAAAAGCCUACAGCACCCGGUAUUC
1	AUCUAGACUGCAGAGCUUCUAAGUUUGGAGAGGCUGGGAAG
1	AGGAUGAGAUUCAGAAUAUGAAGGAGGAAAUGGCUCGUCAC
1	ACAUCGCCAACUGGCAGAAGAAGAUCGGGGACAUCCUUAGG
0	AUUGCUAGAUUUGUUUAGAGAAACUUUAAGUGAUGAUAAAU
1	AUCAUUGUGGAACUGAGGGUAAGAUUGAGAGAGCAAGCCAC
1	UACAGGAUGAAGAACGCCGAAAGAAGGAAGAACAAGUCAUA
1	GUCUCAACAUUAACGUCUGCAACUUGCGUGGGCAAGGUGUC
0	AAACCUCAUUUUUACCUUAUAAAGUGUUAAGUUUCACGUGC
1	GAAUAACUAUUAAAAAAAAAAAAAAAAAAAUCCGCAGGGCC
0	CACACCCUAACCCUAUAAAGAACUUUAAAAGAGAAAAUUUC
1	CUACGUUUCUUGGACGCAGAAGCACCAGGAGGCGCCACUGC
1	AUGUAUUAAACUCUGUGAAGAAGAUGGAAGAGAGCCUGAAA
1	CUGAGAUCUCUGUUGUUAGGAAGAUCGAUGGAAGAGCAGCU
1	GUUGGCUAAAGGAGAUCCGAAAGCUUCAGAAGAGCACACAC
0	CAAAAAAAAUAAAAAAGUACAAAAAGUACUUGCUUUUAUAU
1	UGUAUCGAAAUCGGAGAACAAUCCCAGAGUUCGCAUCCCCG
0	AAAGAGGAUUGCCUGAGCUCAGGAGUUCAAGGUUUCAGUAA
0	AGCUAUAAAUGAUUAUACUUAGUGAAGAAGGCAUGUUGAAA
1	GGAAUGAACAUAAACCAGUAAAGAUCGGACGUGAUGGACAG
0	AAAACGUUAAAUGAAACCGGAUGUCUAAUCAAGGACUUGUU
0	UUUUGCUUGCUUAUAGUAAUAUGGCUCCCUUGAAAAAGUGU
0	UUAGACUCCCACACAAUGAUAGUGGGAGACUUUAACGCUUC
0	UGCUCCUGAGGGAAGUUAACAAAAGCCAGAUUAGAUACUGA
1	AUCUGGAAACUGAGUUGGAAAAGAUGGAAGCAAGGCUAAAU
0	CCCUACAUCUCAGUUAUUGGAAGAAAAUAAUUAUUGAGAAC
0	CAACAGCUGGUCUCUGAGACAAACAACCAGACAGGCUUUAU
1	CUGGACUCAGGGCGGUUUGAAAGAUCGGCGCGCACCGCAGG
1	CAAAGAACCGAGAUCACAGGAAGAUCGGGAAGGUAUGCCCC
1	GGCCUGUAGCUCUUGGCACAAAGUAAGGAAGUGCACCAGAG
0	UGGCAUCACAGGCAUGAGCCACCAUGCCCAGCUCAGUUUUU
0	CGUGGUGGCUCACACCUGUAAUCCCAGCACUUUGGGAGGCC
0	GUCCCAGUAAUGUCCUUUUCAGCUACUUUCCCCCAUUGGUU
0	GCAGGGAAGCCUGGUUGGCGACUUUGACAGCCAAAUGCAAG
1	AGGAAACAGCCAUUGGUAAGAAGAUCGGUGAGGAGGAGAUC
0	UCACAAUUCAGACUAGCCACACGUCAAGUGCUGAGUAAUUA
1	UUCAGUCGGAGCUAAACAAUAAGAUCAGGGAAGGUAAAAAU
0	CCAAAGAAUUAAAAGCAGGGACUUAAAUAUUUGGACACCCA
1	UGCAUGUUGGACUAAAGCUCAAGAUGGAAGCCACCCUUUGU
0	CAAGAAUACAGGAUAGUCAAAAGCAAUAGGUAAAUCCUAAA
0	AUGUAUGUGUACAUACAUUUAGAUAUAUAAAUUCCAAAGUA
0	UCCACAGGACAAGACAUAAAAUACCACGACUCUGAUUCUCA
1	UUAAUGUGAGAACAUUUCUGAAGAUGGGAAAGACAAAUUAU
0	GAUUAAAGACUUAAAUAUAAAACCCAAAACUGUAAAAAUCC
1	CAUGAUGAGAUGGUCCGAUAAUGUGUUGUUGCCAUGGUAAU
0	GCCUUGAAGCCACCAACUCAAAAGGUAAAUAUCAAGGAAGA
0	CCAGGAGGAAAUGACCUCUGAGCUGAAACCCAAAGGAUGAG
1	UUCAGUCAAAUUUGAGGGCGAGGGAUAUACGUAGCGCGCUU
0	CCCACCCCACUCCACGGCACAGACCUUUGUUCCAGCCAAAC
1	GGGAUAAGAACCGUGAUGGGAAGAUGGACAAGGAAGAGACC
1	GUAAUGAUACUGAAGAAGAAAAGAUCCAUUGGAGCUUCACC
1	AGGCAAUCCCCAGGGCAAAGAAGAUCAGGAAGGAAGCGGAG
0	UAGUUAGCCAGUUUCAUUCAAAACCAUCUAUAGCUAUAUUG
1	CAGGAAAUUGGCUGACAGCAAAGAGCGGAAGGAAGAAGAGG
1	UAGUCGGCUGCGCACGGGUAAAGAUCGUAACCAGAAGAAAG
1	UUAGUGACUUUAAGUCAAGCAAGUACACUAAGGCGACAAGC
0	UUGGUGUUCCUCCCAGUACCACUUGUCACUUUUCUCCUGAA
1	CUUGCUAGUGUCACGUUCUCAAAGGUCCAGGUACCUAAAAU
0	GUUCCUCCAAGGGGGUGUACAAGGAACAAGUGUUGGUUGUU
1	UCGUUCGAUAUCUACUUCGUAAUAUUACGUCCGCUAUCAUG
1	ACACAGCUAUCGCGAAUAACAAGAAUGGAGUGCACCUUAUU
1	CGUGGUAGAGCUGCCUGGGAAAGGGUGGAAGACACACUAAG
0	ACACAUUAGAGGCAAAAAGUAUUUCCUAGGCAUAUAACUUU
1	GAUAGUCUCUGAUGUGCUACAAGAUCGAAGAAGGAGUUAAG
0	CACCUAAUCACAAGCCCCUGAGGCUCCUCUGUGUCCACAGA
0	GUCUCGAUCUUCUGGUCUUGAUCUCCUGACCUCAUGAUCUG
0	AGCAAAGCCUAUGUUAGAGCAGAAGCCUUCAGCAAUGCCUG
1	GAGGAAUGAGUUCAGAUUAAAAGAGACGAAGGGACACGCUC
1	CUCGUGUUGGCGCAAUCGUUACUAUAUGAGUAAGUAUAAUA
1	GGAAGAGUGUAGAAACUCUCAAGAAAGGAAGGGUCCGUUUU
1	GGUGGACAUACCUGCUGUGAAAGGUACUCUGUCGGUUAACU
0	AAUAAUAAGCAAACAAACAAAUGAUAAACAUCACAGACUUU
1	UUGUAGAUUUCAUUCAAUCAAAGAUCAGCCAGCGUGAUGAA
0	AAUUCAUUAGCUGGGGCGUAAUCAAAUUGAAUUUUAUUCUC
1	CACUCAGGGGGUCUGGAAAGAAGGUCAUAAGGGAGCAUGAU
0	UGCCUGGGUCUGUGGAUUAGAGGGAUCAUGGUUUUUGCCUC
0	UCUUCCUGAUCUCACUGAGGACCAACCUUUCGACAUUCUUC
1	GGUGGGCAAGGUGAUCCAGCAAGGUCGGCAGAGCAAGGGGC
0	CCUUACUUUGAGCACGUUUCAAACACUCUUUUGGAAGAAUC
0	CUUACAGAUCAUUGUUGUGCAUGUCAGUAAUGACACCAUUA
0	CCCAUAAUCCCAGCAUGAUGAUUGGAAAGAAAGAUUUUGGC
0	UCCAGAAAGUAACUUGAGGCACCAACAAGUUAAAGCACCAA
0	AGGCUGGUAGGCAGGGCAAGAAGCCAAGGGCCCAACUUAUA
1	GUAUCGAAGAUUGCUAGUCGAUUACAACCGGGAAGAGUCUG
1	ACACAGACAGGGAAACUGGCAAGCUGAAGGGAGAGGCAACG
1	AAAUCCGUGGACUGUGGGUCAAGUUCGGAGAGCGUGCUGUC
1	AUUUUUUGAAAUAAACGAAUAAGAAUAGGCAUUGUGCAGGA
1	AAGGCUGUCAGAGAAGAAGAAGGAUCGGAUUGAUGCCUUCC
1	AGAGUUUGAAUGUGGAGUGUAAGAGAAGGAAGAGUUAAUGA
1	AGGCGUACGCUCGUCGUUGUAGGGGGUGCCCUAAAGCGAGA
0	UUGAAACCAGCUGGACCAACACAAGACCUCAUCUCUAAAAA
0	UUAUAUACCUACAUACAUAAAACAUUUAGUUUAAUUUACAU
0	AUUGUAAAAAAAUUAAAAAUAAAAUUGGAUAUAGUUAUGAA
0	AUAUAUACAAGUCACUAAACAAACCACUACAACCCACAGCA
1	GAGCAGCGUUUUGGUAGAAGAUUAAUGCAGUCUCUAGCAUA
1	CCUAGGGUUCAUGUAGAGUUAAGACCUGGAAGAGACUUUGG
0	AAACUUGAAAUAAAGGGAAUAUAAUUUAUGAAAUCAUAAGC
0	GCUCGAAGAUGUCGUUGACGAAGGAGUUCAUGAUGCCCAUG
1	CACUCGCCAUUACUGAGGGAAUCCUGGUUAGUUUCUUUUCC
0	CCAAAACAUAUCCCAAAUCCAUUGGCUUCACCUGCUCCUCC
0	CCAGUACAACUAAAUGUGAUAUAUCUUUCCUCCAAAUUACA
1	AACAGACUGGGGCAGUGGAAAAGGUGGAAGAGCAGUGCCAU
1	GGUAGAAGACUCAAAACCAGAUACCACUGCUCCUCCUUCAU
1	AGUAACACGUUGAACAGCACAUGGAGAUCAGCAUCGAGCCG
1	GUGACCCGGAAACCAGAGUCAAGAUCCAAGGUGACUUCCGC
1	AAACUUCAUGACUGUUGAUCAAGAUGGAAGUGGCACAGUAG
0	GUUAUCUUUUCUCUAUCUUAAUACUGCCUAAAUUUUCAACU
0	ACCUGAGGUCAAGAGUUUAUAAGACCUGCCUGGCCAACAUG
0	UUUCAUUAUAUCCAACAUAUAUUGCUUUAAAUAAUAUAUGU
1	CUGACGAAGAGCCUUUUGUGAAGGUAUGUUGGAGUGCGUCC
1	AUUUUGCCCAGCCCGUCAUGAAGGUGCGCCCGGGGUGUGGG
1	UCACUGACCAGGGACUUCUGAAGACAGGAGGAGCAUCGAAU
0	UGCAUUCCAGCCUGGGCAACAGAGUGAGACCCCAUUGCCAA
1	AGAACUCUUUAGCCGAAUCCAGGAUCGAGGAGACCAGGCAU
1	UGUGCAACCUGAAACCCCAGAAGAUGAGAGGAGUCGAGUCC
1	GUAUUCGCUAUUGUCGUUGUAGGUGGUGCUGUGCUUGGCGC
1	CGUUUUGCCUUCUGAAAUCUAAAUGUUCACGUUUCUUUUUC
1	UUGAAGAACUGUCAGGAGCAAAGAUCUCAGAUCUCCACAGA
0	UUUGAGAAACAUAGUGUAUGAAAUAUGAAAAAAAAUAUGUA
0	UUUUUACAUUGCUGAUAUCGAUUUUGGUUGAAGUGGCAAUG
0	CAAGGGGAAAAACAGUAGGAAAAGAACAGUAAAAGGAAAAA
1	UGGAAAGAAUGUCUAUGCCAAAGAUUGGAUGGUGAUGAAUA
1	ACCUGGACUGUGUUAAAUGGAAGAAAUAAGAGCACACAUCU
0	ACAGCACCCCUUGUCCUGGGAGGUGCCUGCUCCCCCACAGC
1	AGAACUUCCAAAAGGUGGAAAAGAUCGGAGAGGGCACGUAC
0	UGACAAUAGUAAAUUUGGGCAAAGCCAAUGCAAGCUUAAUC
0	AGUUGACCCUUGAACAAUGCAGGGUUUAGGGAUGCUGGCUC
0	UUGAUUCCUUUAUAGUACUUAUUACAACUUAUAAUUAUUUA
0	CCUGAGACCACCAGGCUUAUAGUGUGUGGCAAAGCUGAGAA
0	CCUAUGCUAGGACUCCCGGGACUCUCGUAAGAAAUUUUGUG
0	AGGACCAGGGGCAUCUCUAGAGGGGCUGGAAGGACAAAUAG
1	ACAGGGUCCUCUGCAGCUUCAAGAUCAAUGACUCGGUCACA
1	CUGGACUCUGAGAACUGGGAAAGAUCAGAGCAAGCCUUGCC
0	UCAAGUGAUCCUCCUAUGUCAGUCUCCCAAGUUGCUAGGAC
0	GCAACUUGAGUUUAAGUUGCACUGCUCCAUACCUCUAAUAA
0	GACUGUUGAGAAAUCCAAACAAAACUUCCCCUAGAAGCAAU
1	GAGUACUGCAUCUGCGUCUAAACGGCUCCAACGACUCCAAA
1	AGAUCGAUCAUUAGUUAGUAACAUUAUCGGCUUUAAUUUGG
0	CCUUUGGCAGAAUCAAUCUGAGAAACAAUGAUGAAGUAGAG
1	ACUGUCUGGAAGAAGAAAAAAAGACCGGAGGAACCCUCCCC
1	AGCAACAACACCAGAGCUCUAAGAAAGGAAAGCUUUCAGAA
1	UGAUAAGCUACAUGAUGGCUAUAGUAAAAUCGAAUGAGAGA
1	GCCUGGAGCCAGAACCUGUGAAGAGCGGAAGGGCCAAGGGA
0	AGAAAAUGAGGGCUCAGAGAAGUUCAGAAACUGCCCAAGGU
1	AAAAGACUGAGAGCCACCACAAGGCGAAGGGCAAGUAACUA
1	AUUUUGAGCAUCUAGGAGUAAGAAAGGAUUACAAUCGAGCG
1	AGGCUGAGCACUGGAAACAUAAGAAGGAAGAAUCUGGCCGG
1	GUUCAGCUGUUGAUGCUGAGAUCCAUAUUUAGUUUUAUAAG
1	UGAGGACGAUGAGGAUGACGAAGAUGAUGAGGAUGACGAUG
0	CUCAGCCUUGGCCAUGUGAGAUGGUCAGGGCUCUGAGCUGU
0	ACAACUAUGGCUUUCUGGGAAUGUACCACUAAGAACAGCUU
1	CUCUGAGGAUGAUGGAUGUCAAGAAGGGAAGGCAGAGAGAG
0	CCGAAUAUAACUUCAUUUCAACUUCAUAUCCCAAACUUAUG
1	UCGGAAUUGCUUUCAACGCCAAGAUCGGAGGUAUGGGAAAC
0	CUAAAAUGCUCCAAAAAUCAAACUUUUUGAACACCAACACA
1	UAGGACGUAGCGAAAAUGACACGGGGACGGUAACAUGCUUG
1	AGCUGAAGAACCUAUGCAGCAAGACAAUCGGAGAGAAAAUG
1	CAGGUAGGACCCCUGCAACUACCUCUGGCAUCAGUUCUAUU
1	CAUCACUCGAGACGUAAAUUAUGGCUGAAUCAUCCGCUACC
0	GCACGCUGGAAAGAAAGGACAGAGUUACUGGGUGCUCCCAA
1	CGGUUGUGAUCAAUCAGGUGAGGGUGGUGGCCUACCGGCAA
0	CGUCCAAAAGCUUCCGGAAGAGCGGGCAGGGUCCUGCACAG
0	CAGCUUUGCUGCUGUAGCAGAAAAACGGCCAUAGACAAUAA
1	UGCUUUACAAUCCAAAUUUUAUGCUUUAAUCUGAAGGCGCC
1	GCCCAGUGAACUGCAAUGAAAAGAUCGUGGUCCUUCUGCAG
0	UGGGAGGCCGAGGGGGGUGGAUCACCUGAGGUCGGGAGUUG
1	GGUGGCUCAGCAGCAUGAUGAAGAUGGAAUUGAAGAGGAAG
1	GCGAGAAUCUGUUAGUAAAGAAGAUCUGGCAAGAGCUACUU
0	UGAUGCCCACUGCAGAGGGCAGAGCCACACACCCCUCCAGG
0	AGAUUUUAAAAGAUAUACAAAGUAUGUUCUUAUUGCAACCA
1	AAACUCUGGACCUGGAAUUCAAGGUGGAGGAGCCAUUGUCC
0	CAUUCCCGGGCCCAGUGGCCAGAUCGUCCACACUUGAAGCA
1	GGUGGACGUCUAAGUUCCUGAAGACGAGAAGUGCAACUGCU
1	GAUUGAUAACUACCUCGUCGAUAUGAGCAGCGAGCUAGCGG
0	UCAUGAUACGCUUGCGUCAGAUGUUAUCCUCUGAGGAAGCC
1	GACCUGUGUGAACUAUUGAGAAGAUCGGAACAGCUCCUUAC
0	AAAGACUUGACACCAGCCCAAGAUUGAGGUAUGAACUAUGG
0	AGCUCAAUCCUCACUGUCUCACGUCUGUUAACCCAAAACUC
1	CAACUAGGAUGAGGUUUCAAAAGACGGAAGACGACUAAAUC
1	UCACAAAGAGGCUAAAAUAGAAGAACAAGAAGAGCAAAGGA
0	GGGUGAGCUUUGGGCAAGAUAGAUGGGUUUGGGUCUUGGGG
1	AUGGGUUCUUGAACUCUUGGAAGCCUGGAUGAGCCACCUAA
1	GAACACGCUGUGUGGCUGAAAAGUGAAGGCAAGAGCUGAUU
1	CUGAGCCAGAAUCUGAAACAAAGACUGAAGAGCUGAAACCA
1	CGGACUGUUCUAUGACUGCAAAGAUGGAAACGACCUUCUAU
0	UUUUUCUCUUCUUCAACCCCAAGCACGAACCUACCCUUAUU
1	AUUACUGGGAGAUGUACUCAAAGAUCGGCCCCAGGAAGCAG
1	UACGCGUGCUUCUGGUGUAGAGUUGCUUGCAGUCGGUAGUC
1	AGACGUCAAACUGGACUGGGAAGAUGUGAAGACUGCACAGG
0	GGUCCAAAGCUAGUGGCUGAACUUCAGUGUUCCAGGCACUG
0	GGAAGGUUUAUAAUAUCUGUAUUCAUACUUGCCCAAACUGA
0	UUUUGGUUAAUCUUCCCUGUAUCAUUCCAAUUUUAGUGCAC
1	AGGGGACUUUCUAGAUAUGUAGGAUCGGGAGGCAUUGAAGA
0	CCUCCCAUUCUAGCUAUUAUAAUGAAGGGAUAAGUUGUUCA
1	AGGACGAGUGUGAGGACGCCAAGACGGAGGCGCAGGGCGAG
0	UGAGGGUCAAAAUUUAUUUUAUUUUAUUUUAUUUUAUUUUA
1	UGGUCGCAAUGUCCUUGUGAAAGAUCUGAAGACUCACCCUG
0	AGAACUACUCAAUUUAGAAGAAUCUGGAAUACUAAGUAUCU
1	GACAAGAUGAAUGAAAGUACAAGAUCGGUAUUGCAUGAAGU
0	AGCCUGAGAUCUCCUUGGUGACCCACUGUGUUCAGUUCAUU
1	AAGGUAAGAACAAAGAUCAAAGGAAAGAAAGAGACACUUUU
0	GUGCUGGGAUUACAGGCAUGAGCCAUCGCGCCCAGCUACCA
0	GCUUGCCAGGAACCAUAUCAACAAUGGCAGCAUCACCAGAC
0	CAUUUACAGAGCCCUCGUAGAUGCCAUCCCCGUCUCUCUGU
0	AGGGUGGCCACCAUCUCUGCAGAUUGGUCGACUCAGCUGUU
0	ACCCAUUUUUUAAUGUAAUAAAAGUAGCUCUUAAGCUUUUG
1	GACGCUUCCGCAGAACCCUAAGAUUAUAAACAUUGCUAUCG
0	GGUGUUCUCACCACAAAAAAAUAGAUGAUAACUAUGUGAGG
0	AUGGAUUUACCCCAAAGCUGAUAACGCUAACGCUUCUGCCA
0	UAGAGGCUGGUCAUCUGACUACGGCCUAAUAUGCCCAUAAA
0	GUUGCCCUAGAGCUUGCAAUAUAUAUUUACAAGUCCAUUUU
1	GGAGGGCAGAUUAGAACAUGAUGAUUGGAGAUGCAUGAAAC
1	GACUGUGUAAACAACUAGAGAAGAUUGGACAGCAGGUCGAC
1	GGGGCCUCCAAGAAACGGGUAACUUUCCCCCUUCCUUCCCU
0	GCAGAUGUCCAUCAGGGGGAAAAAUAACAGAACAGAAGGAA
0	GGAAAAGAAGUCAUUAUUCGAAAAAGAUACUUGCACAUGCA
1	GAAGUCCCCCUUCAUCAUCUAACUGGUCCAUGGGCUCCAUA
0	AACUGAAUAAAAUGUUUGCAAGUGUUUUAAGGAAAAUGUAU
1	GUCUGCAAAAGACUCUGGCAAAGAUCAGGAAGAGGAGGAGA
0	GCAGUCCAAGAUCAAACUGCAAGGCAGCAGCCUGGCUGGGG
1	UGGUGAAACUGAAUUAUUUGAAGUAGGAAGACCCGAAGUUC
1	CUCGUUGAAUUCUGUAUUGGAUUAUGGAGGCGCGAACCUGC
0	GCCAGGCAGAAACACUCCUCACUUCCCAGACGGGGUGGCAG
1	CAUGUCAGCUGUGACAACUCAAGUAAAGGAAGCACGAAGAA
1	GGCUCAGAACCUGACGGGGCAAGACGGAAGAGGUUAACAGU
1	AAGGCGACUCUUCUACAGUAAGGGUAUGUUCUUCGGUAAUA
1	GGGUCUCUGCUCUCCUGUCCAUUUUUCAGAGCUCUUCCCUG
1	AUGUAGAUAUCUCUGCACCAAAGAUAGAGGGUGAAAUGCAG
0	UCCUAUCUGGCCCUUUACAAAAAACAUUUGCCAAUCCCUGG
0	CAUUCUUAGCAUGUUUCUUCACCUAUCUCUAUAAACCCCUU
1	AGUUGCUGUAGAAGAAGGAAAAGAGAGGAAGACAACACAAC
1	ACUCCUGCAGAGCUCAUUGAAAGAUUGGAGCAGGUAAGCAU
0	GGGGCCAGCCUAUCCCUUGAAUCCUUGGAGGAGAUAAAAAU
1	CAAAAGUGCCCUCCCAAUAUAGUUCAACAAAGAGCCCAAAA
0	ACAUGCAUCCUAAACUUGCUACCAUUACCAGCCCUAUGGUG
0	CAACCCACACGCACAGACCGACCCGGGGAACCGCGGGAGCC
1	AAAAGGGCUGAGAAACACUCAAGGAGGAAGAGCUGAAAGCG
1	UCAGAACUGCCACUGAGCUAAAGAUGGUGGGGCCACAUGCU
0	UCCUAUUUGUGGCUUCAGAGAUCUAAAGGGGGACAGAUGCU
0	AGAAAGGGCGCAGCUCCGGGAGGCCAGGAAGGAGGGAGGCG
1	UUGACUUUCAUUAAAAUCUAAUUUGGUAGUUCAGCGAUGAG
0	UCUACUCCAGCCUGGGCAACACAGAAUACCUUGUUUUUAUU
0	AGUAGAGUUCGUUUGAAAAUACACACACGCACCACACGCAC
0	UGGCGGUGACACGGGUGGGCAGGUACAGGCCGUGCUUGGCC
0	UGUGAAAGAUUUUAAGACUUAGGGAUAUUAUCUUUCCUUGU
1	GCGCAAGCGGAACGACUCCGAAGAGGAAGAGCGGGAACGCG
0	GACCCUCUGGCCUUCAUGACAUAGUCUUUUAAUGUGUUAAA
0	AACUUAGCUAUCCUGAUUUGACCCAGUAUUUUAGAAAUCGU
0	AAACAGAAUUCUGUCAACUGAGAAGAAGAAAAAUUUGUCUC
0	AAAGAAUUUAUUAGUCUACGAGGUCAGGUAUUCAUUGAAUG
0	CCCCUGAAAGAACAAGAGUUAGGAAAAUUAUCUAAGACAGG
0	UUUUUUGCAACCACCCAUGAAAUCUGCUGAGUGUCUGGCUU
0	UCCGCCUCCUUCACCGUGAGAGGAAAGGAAGCGGGAUGACA
0	UCGCCCCAACUCCCUUAGAGAUUUAGCCCCAGCUCCCCACG
0	GAGUUGUGUGAAUUUGUCACAUCUGCCCAGGUCCAAUGUCA
1	CGUUGAGGCUUCCAGUCAGAAAGGUCGAAGAGGCUUGGGUC
0	GCAUCUGUGAGGGCCAUAGGAGAGAAGCAGAGCUGGGCACC
0	UCUGCCUUCUGCUUAGAAGGAUGUGUUACCUGAAAGACAAU
0	GUUUUACAGUUGUUAAGUCCAGAGUGCUAACCUGCAAGCAU
0	GGCACCUCUGGCCUCCCGUGACCCCCAGGCCGAGGGUCCCC
0	CUUCUCAAUUUCUGCUCCACACUGAGGUGACUUUAGAUGUU
1	UUCACUUGAAUAUAUUGCAAAAGAGUGUGAUCCGUCUGCUU
1	UACCGUGAAUUUACUGGGUGAAGAAAAGAAGAGCACCUAAA
0	AUUAAGAAAACGGAAUUGAAAGUUGUUAAUAUUUGGUAGAA
0	AGUGGGAGUUGGUCCCCCGCACCUCCACAGCUUGUGUGGCU
1	GAGGUAAAUGUCUAUACGAGAAGUAGCGACCAUCAAGCAGC
0	GUCAAUAAAAACUCAGAAUGAAAAGUGGCACUAUAAAUCAA
0	AAACCAGCUGAAUCUUGAUAAGAGAACUUUCUGGUGUUGUA
0	AAAAUUCAGUUGUUUGGCUUAGAGAUAAAAAGGAGAUGAUU
1	GUACGCGCCUCAUUAAACCAAAGGUCAUGGAGGGCACAGUG
0	UUUCAUUCUUUUCAUCGACAAAUAAUAUUCCAUUGAAUGAA
0	AAGAUAAAGAGGCAAAUGGAAAGUCUGAAAUCCCUAGGGUC
0	CUUUGUAACAAUUUGAAUUGAGCAAGAAGCCUCCUGGCCAG
0	GGAAGUUUUACCAGGGCCACAUCUUAAGGUUUUACACAGUA
0	GGUUGGGGCGACCCCACGUCACCGCCGAACUGACCAAUCCC
0	AUAUUAUAUGUCUUUGAAUAACUUGCAUAUGUAAGGGCCUA
1	UGAGCCACAGGAAGCUGAGAAAGAUGCGGAAGAUUCGCUCC
1	GGCUGGCUUCCUCUGUUCCCAAGAUGGAAGAACCUGGGCCC
1	GCUGUGGUCCAUGACCUCUGACAUUUUUUUUGACAACUUUA
1	AGCACUACUACCAGGAGCUCAAGAUCGUGCCCGAGGGCGAG
0	UGGGGCAGGCAAUGUCCCAAAAGGCACUCGUGUUCCGGUGA
1	AGAACUGAAGAAGCUAUCAGAAGGUCUGGAAGGCACCAAGU
1	GACUGGAGUUCCAUGCCAGCAAGGUACGAGUGCAGCAUGUG
1	ACAUCAGUAGCCCUGAAUUCAAGAUCAAGAUUCCAAGACAU
0	AUCUUAAAAACAACUACUCAAUAUGACAGUGAGGAAACAAU
0	CUUACAAGAAGAAAUACAAGAGGCCAGGUGUGGUGGCUCAU
1	UGAGAUCUACGAUGAACUUUAAGAUUGGAGGUGUGACAGAA
1	UACGUUUGAUUUCCGUAAGUAGCUUCAGAUGGCAGUUGUUA
0	GGGCCUCUGCCCAAACCACAAAGAGUAUCAACUGUCAGGAC
0	CGGUUGGGAGGGUGUAAUUUAAAGAGUGUGAGAAACUAAAC
1	ACUGCAGCCCUGGCAAGAUGAAGAUCAAGGACCAUAUCACC
0	UGGUGCUGUGAGGGAGACGAAGAUGAGUCAUGCCUGUACUG
1	AGAAAAAGUAGACACAGAAGAAGACGGAAAGGCAGAGGUUG
0	CAUUUAUAAGUUGUGAGGAUAUUGAUGUAGGGAAAUCCCAA
1	AAAACACAGUCCGGAGUGUAAAGAUUGGAAAGCCCCAUGGC
0	UUAUGGUCUUUCUUUAUUCUACUUAUUGUGAAUAUUCAUAC
1	UGGCAACACUGAACCUGUGAAAGCCAAGGAAGAGCUCAUAU
0	AUACAGACACAUACCACUGCACCUGGCUAGUGUAUAACAUU
0	ACUAAUUAGGAGGAGUCUUAAAAAUGUGGAAUAGGCCGGGU
0	CAUAUUGCUAAGAAAUUUCAAUCAUUUCUCAUCUUUAACCC
1	GACGCUUGAACAAAUGAAGAAUAUGGUAAGAUAGUGCGAGG
1	ACAACUGAAUUGGAACAAAGAUGAUCGGGAAGGCAGAUUUG
0	CAACCUGAAGAUUCUUAACAAAAAGCUGUUCGCUUUUAUUA
0	UCAUGUGCCCAGCAUUUAUUAAGCACCUGCUGUAUGCAAGG
0	CUUUCCUGGAUCCUCUAAUCAAACCUUAAUUCAGGUGGCUC
1	AGCGAUUUAUAGAUUUCUUCAAGAGGAACGAGCAUACGUAU
0	UAUUGCAAUCUCUAACUAAAAUUACUACUUCCUUUUUAAGU
0	UGCAGUAACUGUGCUCAAUCAAAUAAUUUGGUUAUACAAAU
1	UGUUGGAUCAGGACAUCCCAAUGGUGCAGCCGCUAUUAAAG
1	AGUUGAAAAGAACUUUGAAGAGAGAGUUCAAGAGGGCGUGA
1	AGAAAUGGACGCUGUUGGCAAAGAUGGAAGGGUAAGUGCUU
0	UCUAAUUCCACCUGCCAAUUACCUGAGCUUUCAAGGUAAAA
0	UAAUUUAAGUAGUUAUUUUUAAUAAUUAAAUUAGCACUCUU
1	CGAUCUUUUGGAUUACGAUGAAGAGGAAGAGCCCCAGGCUC
0	GUUGGCGUGACAGAGGGCUCACCUCUUGCCUUCUAGGUCAC
0	CACCAGGGAUGUGGGUGCACAGCUGCUUGGGUGUGGGUGAU
0	UUAUGCUGAUAUAUAACACAAAUGCAAACAACAAUGAAAAU
0	AAGACUCCAUCUCAAAAAAUAAUAAUAAUAAAAAAUAAAGA
1	GCAACAGCAACUCAGACAACAAGAGGAGGAGCACACUGCAA
1	UUCGGGCCGAGAUCGAGCACAAGAAGGAGGAGCUGCGGCAG
0	UGCUCCACAUCCUCACCAACACUUGGUAUGUCAGUCUUUUU
0	UUAAGUUGACUGAUAAUGGAAAUAAGGAGAUUAUCCUAGAU
1	AUGGUUAACAAAUUUUAUGGAAGACCGGAGACAGCGUAGGC
0	AAAUUUUUCUAUUCGACAAAAUACCUCUAUCCGAGGUAAAA
0	GAGCACCGACAUGAGCCCACACUGGCGCUGUCACCGCGGAU
1	CAGGACAGGAAGACAAGAAGAAGAUUAAGACAGAGAGCGGC
0	GGGAUGCGGGAAUACAGGUGACCGUGGCCAGCCAGCACCUG
0	UGAUAUCUUCUCCCUUUCUGACCCCCUGUCUGUCACAGUGU
0	AUAUCCUCAGUGCCUAGAACAAUGUCUAGCACAUAUUAUAA
1	AAAUGUGGAUUGAAACGAAAAAGUGAGGAAGUUGACAGCAA
0	CUGACUCCAAAAAAAGAAAAAAAAAAAAAAAAGCUGGGCAC
1	CAAAUUUGAACAGAUGAAACAAGAUAGGAUCACCAGAUACC
0	GUCAUUUUCUUUGAGUGUUGAAUUAUACCUCAGUGGGAUUU
1	AGGGAGCACGGACUUCCUAGAAGAUGAUAUAGAAAAAAUUG
0	UAGAGUAUUGUAUUUUAAAUACAAAAUUGUAUUUUACAAUU
1	AGUUGAAGAACUGAAGAAGAAAGAUCAGGUGAAUAGAAGUU
1	CUGAGCGUGGCUGUGUGACUAAGAUAUAUGGAAGAGCUUUC
1	AGCACAACCCGAAAAGGAGAAAGAUCACCUCGAACUGCACC
1	GUCGUCAGGAGCUCCUGGAGAAGAUUACGGAGGGCCAGGCU
0	ACGUUGCUACCAGCGACUUCAUGAGACUCUGAUCUGGAGCC
1	AGCAGAAGAUCCUGAAGAUUAAGACGGAAGAGAUCGCGGCA
1	GCCAAUGUUGGUGCUGGCAAAAAGGUAUAGUUCAUUAAGGA
1	AGAUCGGACAGAAGAUCCGCAAGAUCACGGACUGGUGAGUC
1	CCUGUAACUUCUGAGGUGAAAAGAUCAAAAAUGGCUACUUC
1	UAUUCAAGAAUGAAUAGGAUACUGUCCAAAUCGAGCAAGCG
1	CCGUUAUUGGUAGGCGGGUAAAGCAAACAUUCAUCCUGAUU
0	AUUAAAGGAAAAAAAUAUCCAAAGUAGGGUUAGUACAGGAA
1	UCGCCUGCUGGGCCAUACCCAUAUUUGCAGCAGGUCUCCAA
1	AGCUGGCAGUGGACACAGGGAAGGCCGAGGAGCCCGUCAAG
1	GCUAGCGACACGGAUUCUACAAUCUCGGAGGACGGUAUCGG
0	UUGACAUUCUCAAUGGUGUCACUCGGCUCCACUUCGAGAGU
1	UGCAAAGGAACUGACAGAAGAAAAAGAAAGUGCUUUUGAAU
0	UCGGCUCCUGAGGCUUCUGCAUUCUUCACGUAGUUCUCGAG
0	UACAAUGAUGAGUUUUGAAAAUACAUUUAGUGUUUCUGUAU
1	GAAGAAAGAUGGAAAUUCUGAAAACUGAAUGUCAAGAAAAG
1	GAAGGAGAAGACCAAACACAAAGAUGGAAGCUCAGAAAAGC
0	GAAUACUCUCAAACCGUCAGAUCUUAUAACAACCCUUUUUU
0	CUAGUGUUGACAAAGGUGACACUUUCUUGCCUCAUUUUUUC
0	CUGGGUAAAGGGUACAUGGAAUCUCUGUAUUUUUUCUCAAA
0	CUUCCCAUGCACACUACCUGAGGGAGUGAGAGUGACCUCAA
0	GGGGCGGUAUUCAACUCAUCACUGGUGAGCAGCAAUUCAUC
1	UCGUUGGAGUUCCUGGCUGCAAGGCGGGAGAGCAGACAUCU
0	AUUCUCAAUCAUCUCAUAAAAUGAAGGUACUGUUGGCUAUU
0	CCAUCUGCUCUACCUCCUCCAAGUCCCCCACCUGGCUGCAC
0	UCACAGAAAUUGGACCACCAAGGCCAUCUAAUUCAACCUGA
1	ACAGAUAGCUGGCGUGGAUAAAGAUGGAAGGGUGAGUGGCA
0	AAAUCCAAAGGGCAAGGGUAAAGAGCCUGGGAAAAAGGAAA
0	UGGGGAAUGGUGAAUGUCAGAAGCUUGAGUAGCAAGUGCAC
1	CGCCGCGUACUCCUUGUUUGAGUUGAGGUUGUAGAUGUUUA
1	UGGCAUGGACAAGAUCUAUGAAGGCCAAGUGGAGGUGACUG
0	GGGGGAGGCGAAGAGGAGUAAAAGGAGAUAAAGAGACAAUG
1	ACGUGCUCGUAAACGGCGUGAAGAGGAAGAGCGAAGAAUGG
1	UGGACAGAAAGGCUCUGGAAAAGGUCCGGAAGCAAAUCGAG
0	GUUGCUUAGCUAAGCAGAAGAAUUUGUCAUUUUUUUAAUUU
0	GAACCGUACUUAGUGAAGAUACGAACAUUUUAAACCAUGCC
0	AUUGAGCAUAAGGGCCCUUGAGUAAGACUGUGUCUUAUGCU
1	AACGGAAAGAAUAUUUGAAAAAGAAACGGGAGGAGCUGAAA
1	ACAGUCUGGACUUCAACAAGAAGAUCCUGCACACAGCCUGG
1	CAGCCUAGAGACGCUGACAAAGGAGCGGAGGAGCAGUCGCA
0	AUCCUCUAUAAGCGGCUGAAAGUGCCUCCUGCGAUUAACCA
1	UGUGGAAAUUCUUUUUGAACAAGAUAAUGAAGAGCAAUCAG
0	CAUGAAGAGGAGACAGCUGGAGAAGGGGACCCUUUAAUUCU
1	CUCAGGAUUUAAAAACUGGAAUGGUGAAGGCGAGAGCAGUU
1	GAGCCGGCUGCAAGACCUGAAAGAUCGCCUGGAGCAGUCCG
1	ACUUAAGGAACAUGGUUAUGAAGCUGGAAGAGCAGAUCAGG
0	AAAUGCACCUGCUAGCCUCCAGGCCUGGUCCCUUUGGCCAA
1	CAGUGGUGGAACAUCCGAAGAAGAAGAGAGAGCAUGGCACA
0	GCGGAGCCUGGAUGGAGCUCAUCGGGCAGAGCCGAGCGGAG
0	GUGGAGGUGCAGAGAGGCUCAGCCGUUUGCAGGACAGUCUG
0	ACACAAUACUAAAAACACGAAGCCUAAAAAUGACACAAUGU
1	UUGAUGCGAUCAUGAAUUUCAAGAAAGAGGAGACAGCAAAA
0	AAAAGAUAUUUUAGGAAGCAAAAAAGUAAUCACAGUGAUGA
0	AUUAAGGAGAUGGUUAAUGAAAGUUCAGUCACUCAGUGGAA
0	UAAAGAAAAUAGAUAGCUAAAUAUUGCAGUGUGAAGAAAAA
1	AUGACAAUGGUGUGAACUACAAGAUUGGAGAGAAGUGGGAC
1	AGAACCUGAUGUCAGAAAUGAAGACCGGAGGGGCUUUUAGA
1	AAGCCCUCAAGCUGGAUGGAAAGAACGUGAAGGCAUUCUAC
0	GCAUUUAGACAAAUGUAUACAUCUGUGUAGCCACACCACAA
0	GAAAUCCCCAACAUGGUUUUAUGCUUUCUGGAAUACAUGUG
0	UUUGAGGUAAGGUUUAUUUUACAUUAUAGAAGAGUAGAUAC
1	GAACGGGAAACUACUCCUUUAAGAUUUGGAAAGCCAGGAUC
0	AGAGGAAGCUGAGCAGGGACAGCACGGGGUGGAAGGUCUGC
0	CUCUUGUCUCUUCUCCCUCCAGGACCUAUUCCGCAGGGUGC
1	AAUUGAACAGCACUAUUUUGAAGAUCGUGGUAAAGGCAGGC
1	GUCGUUAGAUGAACUCACUAAAAUUUGGAAGAUACAGGUAG
0	CUUGUCUUACUUUCAUAACCAGGAGGGGAAAAAAAUCAUUC
1	ACAGAUUGAACGAACACCUAAGGCGGAUGAUGGCCUAGAGG
0	GUUCAGCUGGCACUUCUUCCAUGCCAGGGGCUGUGCAAAUG
0	UUCCUCCAGGUUUAAAAGAGACCCUGUAGGGCACCUGGUCC
1	AUUAUCUGCACUCCGAACGCAAGAUCCACCGAGACAUCAAA
0	UGAAGGAAAAAAUCCAGCUGAGUGAUAAAGGCUGAGUGUUG
0	ACCUGCCCAGGUGUGUGAUGAAGUCAAAGCACACCUGCUGG
1	CUUGAGUUUUUGCUGAAAGUAAGAUGGGAAGCCAUUGAGGG
0	GUUUAAUUUAUAAAUGAGGCACAGUAAGAGAUUAACACCAA
1	ACCCACUAAUAGGGAACGUGAGCUGGGUUUAGACCGUCGUG
1	AGGGGCGGCAUGAGAAAUUUAAGGUGGAGAGCGGUAAGUGA
0	CAAAACAGCAACAAAAAAAUACUUUUCCUUAAAUGUUACUA
1	UGGAAAAGGAGAACCCUGAAAAGAGGAAGAACAGCACUCAG
0	AGAGGAUGUGGAGAAAUACAAAUGCUUUUACACUGUUGGUG
0	ACACUUGCACGCCACUGUGGAUCCAUGAUGAGAGGCCAGGA
1	UUACAGAUUGUAUAACACUCACAAGAACCGCACGUGGCUUC
1	CCAUCAACGGGCGCUUCCAGAAGAUCAAGAGCAUGGCGGCC
1	GAUUGGUCAUGGAGAAUUGAAAGGUAAAAUUGUGCUUUUAU
0	GGAAAUACCAGUUAAAGAAGAGCACUUGAAUUGAUUUAGAG
0	AGCGCCCGUCUCACUGAAGAAGGUGUUGAAGGAGUCAUCUC
0	CCUCAUUCCACAGAGUUUUGAUUUUUUUUUUUUUUUUAAUG
1	AUAGACCCGGCUAGAAUCUGAAGUGCGGGAGAGUGCUGGAC
1	GUGUCACUAUUAGAGGAAACAAGCGGAAAACUAGAUGGAUU
1	AGGAUUUAUCAAUUAUGCAAAAGUUCGGAAGAUGCCAGAAA
1	CAGAUCAGUUGGCAGGCAGGAAGAUAGGAGGACACAGAGCA
0	AUGACCUAGUCGGGGAGUUAAAUGGCAGAUACCCUUAUUUU
1	AGCCUAGAGAUGGGUAUUAAACCCAGGAGUAGCGUUGGCAC
1	UCCGUGUGGUUGACAAGGUCAGUGGAAGCUUCAUGACGGGG
0	ACCUCCGCCUCCCAGGUUCAAGCGAUUCUCCUGCCUCAGCC
0	CAUUCAGAAAACUUCAAGACAUCACCAUCAGCAGGCUCCAG
0	AUCACACCUCACUCAGCCUUAGGCCUGUGGCAGCUGCCUGG
0	UAUCCCACAGCCAGUGCUGAAGAAUGAGUGGACUGGGAAGU
0	ACCUGUACAUAAUAGGUGCUAUGUAUAUGUUAGCUAAGAAU
0	AGUCUAGGGACCUUGCUGGGAGUUGAGGGGAAAUUAAUGAG
1	UCGUUUGGAGCAGAUUCGCAAAGAACAAGAAGAGGAACGUG
1	AUUCAUUAUGAAUGAAUAUAAGGAUCGUAAGAUCACACGGA
1	CUGUCCUGGAACUCCGGAAAAAGAACGGGCCCUUGGAAGUA
0	UGUUACCCAGACACCCCCAAAUUCUUCUAACAAGUCUUCAG
0	UAAAUAACAAUAUGAAUAAAAAAAUACAAAUUUUAAGAUAC
1	ACGUAGCGGAUCUGUGUAUAAAAAAUUAAUUCACUGUGCUA
0	CAGCCACUUCAGGGGAGGGGAGCUGGAACUGGUUUGUCACA
1	GUUGAACUCAACAAACAGGGAAGAUGAAGACACCCCACCCA
1	UGGAGGUGAAGAAGUUUGUGAAGAUCGGCCGCCCGGGCUAC
0	CCCAGACUGCCAAAAGAACUACUCAAUUUAGAAGAAUCUGG
0	UCACCUAGUUUGAUGUGUUGAUCUUGAGUCUUACUUAUUUU
0	AAUCACCAAUGGGAGUAGCCAGAUCAGCCUUGGUGAGAAAU
0	UAGAGGAUGGGUAGAGUUUAAGUAAUUGAAAAAAUGUAUCU
0	UUCUAGGUCUAGGGGCUUUAAGACUAUUACAAGGUGAUAGA
0	AAAUGGGAAGCUCCUACUCCAUGUAAGUAACCACUCAGUGU
0	AAUAUGAAUGUAUACUUGUUAAUGUUCCUAUUGCAAAGGCU
1	GCACCUGCCAUCGUGACUGGAAGAUCCGGCAAGAGCACAAG
1	AAACGGAAGCAGGAUGAAUAAAGAAAGGGAGAGCACAUGAA
0	UCUGAAGAAGGUCAUCUCACACCAUAAAAGAGCAGUAUUCU
1	CAUGUGUUGCUACCAUGGUAAUCCUGCUCAGUACGAGAGGA
0	AGAGGAUGAAAAUAAGUUUCAGGAAAGUGAAACAAAUCAGC
1	CGGGACUGGAAUGUAAAGUGAAGUUCGGAGCUCUGAGCACG
0	GGUCAGCCCUCUCAAGGUGAAUGCUGCUGUGACAUAUGGGA
0	AAUUAGCAAUUUGCUUAAAUAUACCAUAAUUAUGAACAUUU
1	GCACCAGGAACUGAAUUGCAAAGUUCGUUAGAGCACAGACU
0	AGUAAGUGCCAUUAAGAUUUAUAUUCUAUCUUGGAAUAUUU
0	AGAUAUUAAAAAAAGACGGAACCAAAGGGAGAAACAACAGG
0	AGCUGGCUGGAAAGUGUGUAAGUGUGUGUGUAUGUGUGUGU
1	GAGAAGACGGAGAUAAGGUAAGGCAAAUCCAGAGUGACCCA
0	AGGAGUUCAAGACCAGCGGGACCAACAUGGAGAAACCCCAU
0	CCUUUUUAGGAAAUAUUUUUAGCACAAGUAAGCUGUACUUU
0	AAUUUUCCCUAAAGGAACACAAUAAACUGCACAGUAGUUGC
1	UGACAAUGUGAAUGCCCUGAAAGAUCGAGCAGAGGCCUAUU
1	UAGAAAACAGCUGGAAGAUGAAGAAGGAAGGUAAUCUAUGA
1	AACAAGUAGCACUCUCUCAGAAGAUCAGAUGAGCCGUCUUG
1	CUUUAGAAUGGAUGAACAAGAGUUAACCGGUAUGGAAUCCU
0	GAAACACCAUGUAUUUCACAAUGAAAUGAGCCUUAUAAGUA
0	UCACUGAGCUGUUCUGACAGAGGCGCUGGCACCUAUUGUGA
1	CCCAUGUGUAGGUAUUGAAAAAGUUUGGAAGCACUGAUCAC
1	UAGGCACCAAAAGAUGAUAAACUAUGCCUGGGCAGGGCGAA
0	CAUUAUUUAAGUAAUUACUAAAAUUAUUAAGUGAUUUGGGA
0	AGCUAUAUAUUCCAGGUGUCAGCUGGGGCUGUGGUGUGUCU
1	AGUGUUACCGCGAGUAUCAGAGACGGCAAGCAUAAGGAGGG
0	UUGCCUGUGAUAAGUUGCUCAGGGUGGAAGAGCUGGCGGUA
0	CUAUAUUUGAUGAAACACAAAAAUCAUUGGCUUUAGCCAUA
1	CGGAGAAGAUCCAGGAGAAGAAGAUCAAGAAAGGUGGGAGG
1	AAGAGGCGAGCCCUGCUGCAAAGACCAAAGAGACACGUUCU
1	CGCAUGACAGUAACGGCUAUAGACACGCUAGCUACGCCCGU
0	CGGGGUCCCCCAGCUUCCGGACUGGCCGCACCCCGGAGGAG
0	UAUGCCUCUCUGAAAAACUAAUAAAAGCAUAAAUGGAAAAU
0	UUGCUGGAGGUCCACUCCAGACCCUGUUUCCCGAGGUAUGA
1	AAGGAAGGCAGCAGGCGCGCAAAUUACCCACUCCCGACCCG
0	CUUGCUAUGGGGCUCUUAACACCCCACCCACCCUUGGUUUA
1	CGGUACAUUGAACUACUUACAAGAUCUGGAGACUAUUACAG
1	GGAAGAUGAGCUCGGGGACGAAGAGGAAGGCGCGGGCGACG
0	AGUUCUGUUUGUUACCUGGAAUUAGGCAAGCAUGUGUGUGU
0	AGAUGGAGUUGAAAGGAUGCACAUACAUCCCAGGCAAAUGC
0	UGGAGUAGGGACAGGCAUUCAUCCUUCAUGAGGGCAUUGGG
0	AUGAAUGUAUAUCUGUAUAUAUGAUGAGGAAUGAGAUAUUU
0	GUUGGGAAAGAUUAUUUUAAAACUUUUUUAUAGAGACAGGG
1	ACUGUGUGUACUCCAGGACGAAGAAGGAAGAUCAUGCUUGA
0	CAGUUUUUCUCUAGAAUAGGAUAUACACAUAGAAAGUACUA
1	CCUUCGGGAGAGACUCAAAAAAGCAGAGAGGAGCACAAAGU
1	AGCGAAACUGCGGAAGCUGAAAGAAAAAGAAGAGUUAGAAA
1	GUUAGUGACUGCAAUGGACCAGGAUGAGGAAGAGCAGACGG
0	GGGCCCUUUGAACCAUGGCUAGAGCUGGAGCAGCCGGGAUG
0	CCUCUAGCCACAAAUUAUUUACACUUCUUCUAUGUGCAAAA
0	AGGAAGUAAGGGUGAUGAAAAGAGAAUCUUGGUGGUGUCCC
0	AGAGGCAAUAGCAAGUACAAAGGCCCUGAGUUGAGGACAAC
1	CUUGGACCUGGAGCCUGGUGAGGCACCCUCAGGGUUGUUUU
1	GCUGAAGCGGAUCAAGACAGAAGACGGCGAGGGCAUCGUCA
1	CAGACUUGUAGAUAACCCCAAAGAUGUGAAGAUCGCUUGUG
1	CAGUGGGAUACGGAAUUAAGAAACUUCAAAUACAGUGUGUA
1	AGCGGCUCCCUAUUAGAUCUACUCUGCAUCAAGUCCUACGU
0	GAAAUAAUAAGCAUUUAAAAAUUUAUGUAAUGCUUUUUCAC
0	GGGUGAUGUUUGGUGGUAAAAAACCUACAGGCGUUUGGGGU
0	UACCAACCAAUCUUAUAAACAUCAAUAAUGUAAGUUGCAUG
1	CGGACGGCAGGACCUUGGUUAAGAUGGGAAAACAGUAGGGU
0	UUAGAGGGCAUAUAAAAGGGAGCACCUCACUUGAAUUUGGG
0	GGUCUCACUUGUGAAAGGAGAGGAGCUAGGAAAGAGAUUGA
1	GAAGGCUGUAGGAAAGGACAACUUCACCCUGAUUCCGGAGG
1	GACCCCGAAAAGAACCACGCAAGAUCAUUGCCACAGUGUUA
0	GUGAAACCCCGUCUCUACUAAAAAAAAAUACAAAAAAUUAG
1	CUUCUACACGGACAGGCUGGAAGACAGGAAGGAGCCAGGCC
1	AUGCGAACCAUAAAGAUGGUAAGAAGGAAGACUGCGUGAAG
0	GAAGUUUGUCUUCAUUUUCCAUUCUGUGGAACAAUUUAUGU
1	CCAGUGCGGUAACGCGACCGAUCCCGGAGAAGCCGGCGGGA
0	UUAUUUUGAUUAUAUGUUGAAGUGAAAAUAUUUUGGACAUA
0	UCAGGUGGCGCAUGAUUUUUAUUUAUUUUAUAUCUGAUGCU
0	CAUCCUCUCCUCCUAGGAGGAGAUGCCAUAGCAAAGGCAUA
1	UGAUGACAUUUUAAACCACCAAGAUCGCUGAUGCACCAACA
1	CUGUUGACGCUGUAGCGACAAUAUUACUGACUAUUAGGAAU
1	AGGUGGCAUUGAAGAGCACUAAGAUCGGAAGAUGAGUGAGC
1	CGGCUGCUGGAACUGGAGACAAGAUUGCGGGAGGUGAGAGC
0	AAAAUCAGUGAGGAACCCGCAGCCCGUUUAACACACUGGAU
0	AGUUUUUUUUUUAUUUUUAAAAACAAUUAUGAAAUAAUUUU
1	UAACGCGAAUUCGAGGAGGUACUAUUUACUGUGAUAAUUUU
1	AUAAGAUAGAAGAACUUAAAAAGAACAGAGAAGAGCAAGUC
1	GGCAGAAGAACAAAUGCUAAAAGGUACACAGGUCAAACAGG
0	AGUCAAACAUUUCAGUCAUAAAGCUAUGUGGAUCUAAGGCU
1	CCAAACCGGAUGAGAAUUCUAACACGGGCCUGACAUCAAAU
0	GCCUAAGGUGCUAUUUGGGCAAGGUCCAGUGGAAAUCCUGA
0	GUAUGUGGGAACAGCAAUUAAUUGUCAUGUAGCGAUAAGCU
1	UCUCAUAGAAAAAACAAACGAAGAGCGCAAGACACUGCUCA
0	CAUUAGUCAUAAUAACCAAAAAGUGGAAACAACACAAAUGU
1	GGAUGAGCUCAAACAAAAGGAAGACCGAGAAAAGGAGCAAC
0	AGCCUAAAACUAUGAAGUACAAACCUGGCCGUCUAAUGCUG
0	CAAGAUGACACUUUACCUACAGCAAAUUUUUUCAUUAAUAC
0	ACAAAAUAAUAUGUGAACCUAGAGUAGUUGUAAUUUAUGUC
1	CGUCGAAAAUUGAGAGGUCGAAGGCCGCAAGUCGACGAGCC
1	GCCUGGAAUCCAUAUAUAUAAAGUGAAGGAGGGCAGACCAC
1	GGAGAGGAGGAUAGCAGCAGAAGAGAAGAAGAAGCAGGAUG
1	GACUGGAAACUUUAGGAAGAAAGAUAAUUGAGGGGCGUGUC
1	UUUGCUGUGGACAUGACCAUAAAAAAAUUUCCCAGUAGGUU
1	UGAACUCGUCGACUUCUCAGAAGAUCAGGAUAACCAGGUAA
0	CUUUUAUAGAAAUUACACUGAAACAGAUAGGCAAAUGUGGA
0	UUCAACCUAAUGGCAUAAUGAUGAUGGUUCUACUUAAGCAA
0	GGGGGAUCUGUGAAGGUUUCACUUGAAGCAACAUCCUAUGA
0	GUGUUUUCUGGGGAUGAUGGAAAUAUUCCAUUCUGAAAAGA
0	UUCUAAGCAUUUUUUGACCAAAUUCUUCCUGAUAACUUUCA
1	GCCCAGUGCUCUGAAUGUCAAAGUGAAGAAAUUCAAUGAAG
1	AAAGACCUUAGAGUCGGCUUAUCUAAGCCACAGCCUAGAGG
1	GUGAACCUCUGAACAAAGAUAAGAUAGAAGAACUUAAAAAG
0	GAGAUGCUACAGAACAUGCCACGCUUGAUACACUUCGCAUC
0	GAUGUCCCUUUUCUUUCUGCACAAUUAUCCUUUUUCCCAUU
0	AAUACAAUUUUAAAGAAAGGAAGGAUAAGACUUCAUUAAAA
0	CCCAGUGCCUACGCGAAUUUAAUCCCAGAGCGAACAGACGC
0	AAAUGUCCUAGAGACGCAGAACCAAAGCUGGAGCUGGGCUG
1	ACAGAAUCGGACACAGCUGUAAGAUUGAGGAAGAGUCACAC
0	UGCACCCAGCACCAUACCUAAAGAGAUCAGGUACAGAUUUU
1	GGUGGGGCUGUAAGACCAGAAAGACAGGUUGAGCACUGCUG
1	AGAUGCAUCAGGGGGCGAUCAAGAUCAGGAAGAAAGAAGAU
0	AACGAAUGGACGAUGUCAUCAAAGGUGCUCUCGUCUGUGCU
0	ACUGCCCAGUUGCCCUCCAAAAAGGUCAUGCAGUGUACACU
1	CCAGCCAUUCUCCAAGUGACAAGGUAGGAAGAGCAGAUGCA
1	CAUAGGACAGUAUGCACCUUAAGAUCCUGAAGAAACGGCAC
1	CAUUCCAGAGAAAGAGGUAGAAGGUCAAGGAGCACAUCAAA
1	CUUCGGACUGCACGGUCAUGAACAUCGCAGAGCACUACAUG
0	AGCAACAGAGGCGGAGCUAAAGGUCACGAUGGAACAUCAAA
0	UAAUAAAAGCCUGGCCCUGUACUACUCAAUUUAAAAGCAGA
1	UGUACCAUAGCUUCCAGUGUAAUAAGUAGUCAACGUUCGAG
1	UCCUGGAGCUGUUCAAGCGGAAGAUGGAGGAGGAGCAGCGG
0	CUGGGAGGAGAAUGGAGUUCACCUUCUUCAAGGAAGACAGA
0	AUGGUGCCUGGGAAGAAAGAAAAAGCAGGUGAGGAUAGUGC
1	AGCAUUAGCAGAAAGCAGCGAAGAACAGGAAGAUGCACUGA
1	UUAAGGAUUAGUUCAGGUCAAACUGGGACACAGUCAAAAUU
0	CUUGCAGGAAGAGAUGACCAAGGCUGGAAGCAGCCCAGACA
0	AUGAUUCCUAUUUUGUGCAUAAUAACAUUGAGGCUCAGAAG
0	GUGCCUGCUGUGAGAGGAACAUCAUCCCGACUGAGGGGAGG
0	AGGAGGAAGAUCUGUAACCCAAGAGAAGUUGCUAUGUGGUG
0	AUGUCUACAAGCUUUCAAAGAUCUGGAAAGGCAGUAGCCCA
0	UUCUUGUGAUUGGUCAAGCAAGGCCCUCUUGUUUGUAUUUG
0	CCGGGACUCAAAUGUUAGGAAGUUGGGCACAAUCCCAGAGC
0	UGAUCCUACACAAUUCAUGUAAAUGAGAAAUGUUAUUUCAA
1	UCCCAAAGGAUAUGCGAAGAAAGAUCAUGACAGGCAGUUUU
0	UCUCAUUAUCUGAUAAAUGUACACUUAGGUCUCACAGCCCC
1	CCGAGCCACAUCGCUCAGACACCAUGGGGAAGGUGAAGGUC
0	GAGGGAGAAAAUUAACUGGAAGCAGAAUCACCUGAGAGGAC
1	UCCACGGAAAUCUUUAGUAAAAGGCGAAAGAUUUAUUCGUU
1	AGGCUGUGGCUCGCAUCAAGAAGAUUUAUGAGGAGAAGGUA
1	CUUUGUGAACUACACUUUCAAAGAUCGGUCACAUUCAGGCC
1	GGAAUUGAAAUAACGUUGGUAAGGAAUACAUCGCGUCGAUA
1	GGAUCGCCCGGAGGCUGGACAAGAUGGUGACCAAGAAGAGC
1	UACGAUUACGUGCUAUAGAUAAAUGACAAAGAUGGCUGUGC
0	UUUUAUUUAGAAGCGGCAUAAUGUUUUUGUGACCAGAACUA
0	CCAGGAUGUCAUAAAAAAAGACCUUUAAGAUACUUUCUUAG
0	UGGGGGCUGGUGGCUACAACAGCCACACCCAGGUGCCGCCA
0	UGUAUUUCCUCUAAAGGUUUAGUGUAAUACUGCUUGUUUGU
0	UGUCCUUAGCCCACUUUGUGAUGGUAUUUUUUGUUUCUUUC
1	UCAACAGACUGUAGCUCACUAAGAUCGGAAAGUAUAUAUUU
0	GCCAGGGUGGUCUCGAUCUCAUGACCUUGCGAUCUGCCUGC
0	CGAAGAAAUAAGUUUUUUAAAAGGCCAAAACACAACAUUCU
0	CCAUAAAAAAUGAUGAGUUCAUGUCCUUUGUAGGGACAUGG
1	UAAACUUGAAGACAAGACUGAAGAUGGAGAGGCACUAGAUU
0	AGAGGCUACAUCUCAAAAAAAAAAAAAAAAAAAAAAGAAGG
1	GAGGACUUGGCAUAAAAUGAAAGAUUGGCAAAGGCCCUUGA
0	GUUUGGAGCAGUCAGUGUUCAAUGCUACAGAGCCCCCUUGC
1	CGGUGACUAAGGCUCAGAAGAAGGACGGGAAGAAGCGCAAG
1	GAGCGAGCCUUGAAAGAGAUAAAAGCGGAAGUUUGCCACAC
0	CAUGCCUGCCUGCUCAGGAAAUGCCUCUGCAUCCUGCAACU
1	GAUUUAAUUUCGGCGAUUUGACUCUUAUAAGACCGCGUUAC
0	UGACCUGGUUCAGGAAUCGGAAGGUCAGUGAGUUCAUCUGC
0	UAAUUCGCCGCCGCCAAGACACGUGAGCCCUACCACCUGCA
0	GUGAGGGUCCCCCGGGCAGCAGACGGGAACACCCUUGGGAG
1	AGGACACCUACCAGAUCAUGAAGGUGGAGGGUGAGUCAGGA
1	ACGGGUAAACGGCGGGAGUAACUAUGACUCUCUUAAGGUAG
0	GUGACAAUUGUGUUGACUCUACAAAUUGAUGGUAAAACGUG
1	GGUAGGGGACUGUGGCAUUUAAGAAUGUAGAGAGCGCAUCC
0	UGUAAACUAGUACAGCCACUAUGGAAAACAGUAUGGAGAAU
1	AAGAGAUUUGAAACCACAUGAAGAUCAACAAGAUAUAAAUA
0	CAAAACAAAAUAGUAGUGAUAAGGCCGGGCACGGUGACUCA
0	CUGAGAUGUGUUCAAGUUAAACCUUAAAAAUGUGUCGUUUU
0	GAAAAUGUCAUACCUGAUGGAACCAAUCUGUGAGCCUGAUG
0	UGACCCUAUGAAAUCACAUGAGGGUAGAAGAGCCCCUAGUG
0	CUGACAUCCAUCCACCAUUUAGCAGGCAAGCCCACACAAAC
0	GGAGCUCGUUGUUGAGGAUGAUGCCUGUCCGUGGUGAAUAC
1	UCAGGAAGAAGAAAGACCUGAAGAUCAGGAAGAAGUAAAGC
0	AGUAAAAGGAAAUCAUUUAAACGCUGGUGCUUCCCCACAAU
0	GGACCGUCCCCCGACCGGCGACCGGCCGCCGCCGGGCGCAU
0	GUAGUGCCCGCCUGCCUGAGAGGCUGUGAGCGCUCCUAAGA
0	CUUGAAGUAAAAAACAAUAAAAAGAGACAAGAUAUAUUAGU
0	GGAUUCCCUUCCUUUUUAAGAUUGCACAAUAGUCCAUUGUA
0	CCUAAAAAAACAACCAUUGAAAACAUCCAGCUGCCUCAUAC
0	AGCAAAUGGACAGGAAAGCCAACUGUCUUUUGUCAUACUUG
1	AGAUGGAGUUCCUGAAGCAGAAGAUCGAGCAGGAGCUCCGU
1	AACUGUGGAUCAGGAACCCAAGGAUCAGAAGAGGAAAUCCU
1	GUUCUGGCAGUCGUAACAAUAGAAAGCGGUGUCAGUCGUGA
1	AAGAUGGACUGCGGAUGAGGAAGACAGUGCAGAGCAACAGC
1	CCUGUCAGAUUUUGGAGCAAAAGAUAAAAGAGCUGGAUUCC
1	UGCUUUUUUGACCUCAGGCGAUGGUCGAGGUGAUGCCUGCA
0	UUGCCUUUCUCUUCUCUACCACCGUUUCCAGUCUAACCUCU
1	CACGCGUUAUUGUUUGUUUCACGUCCGGGUUCCGUCUGUGA
1	CAAUGAGCUCUUGGACUAUGAAGAUGAUGAGGUGGAGACAG
1	CGGACUACAGCAUGGAAGCCAAGAAGCGGAAGGCGGAGGAG
1	AUUCUCUGAACAAGAAGAUUAGCAUGGCCCCUGCGCAAGGA
1	CUCUCCGGAUGGGAGAUCUAAUUGUUGAAAAGCCAUUGGUU
1	CCCGACUAGGGGCAGGAAACAAGAUCGGAGGCCGUAGUUUA
0	UUAUUGUAGCACCAUUUACAAUAGCCAAGAUAUAGAAUCAA
1	CUCCGUGCAAUACGAAUAGGACAGGUGCAGACGACGGACAC
0	UAGAAAACACUGGAUUCUAUAUUUAAAAUUUCAUUCAGUUC
0	AAAUAAAUCUUCAUUUUCACAUUUUUUGUUGCAGUCCAAAG
0	AAACUAAUUUACACUCCCACAAAUAGUGUAAAAGCAUUCCU
0	GUCAGAAAUGUGAUGCCAGAAUGCCCACGGAAUAAAAGUAC
1	UCAGAACUCAGAAAUUGUAAAAGAUGAUGAAGGCAAAGAAG
1	GAACUCGUGGGGCACUGGCGAAGAUGUGAAGGUUAUAUUGA
1	UCAAGGGCAGUAACCUGUUCAAGUUGGAAGUGCGUCUUUUG
1	AGACCACGGGGAUCGUGGAGACACACUUCACCUUCAAGGAC
1	ACACGCGUAAUCUUCGGAGGAGAUGAAUCUUGCGCAAGGAC
1	CUGGGCACCGGCGGACAGUCAAGGUAGGCAGCGUGCAGCCU
1	CUCCAUGAGCUUGGCAAAGAAAGAUGAGAAGACAGACACCC
0	CCACCAGCCUCCAUAUACACAGCCCCAUUGUUCUCCUAGAC
1	ACUCAUUACAACAAACAGGGAAGUAAAGGAAGAGACACAUC
1	CCGGCGCAUUGAUAAGGACCAGGAUGGGAAGAUAACACGUC
1	GACCCGUGGCUAGUGCAGGCACGAUAAAGUCUCUUAUUAGG
0	UUUUGGGUCUUGGGAGGAUAAGUUCUUGCUUGAGUAGAGAA
1	CUCUAAGGUGAUAGCUCUGAAAGGUAAACCCGAUGGGAUUG
0	CGGAAAUAGUAAAAUAGUUCAACAUGUGCUGUUCAACUGAU
1	GAACCUGAGCUUGGUUUAGAACGUCAUGAGACAGGUUAGUU
0	AAAGGAGGAAAAAGUAAAGAAUAAGCCAGGGGAAAUCAGAC
0	UGUGUUGUCUCAGCUGGAAGAAUUAGCACCAGUUUAAGUUA
1	UGGGAUUGGGAUUGAGGAGGAAGAUCGGAAGCAUACCUGGA
1	AGGUAGCAAUGUGGGCAUGGAAGAUGGGGAGCGACCCCGAA
1	CAAGCUGUAAAUACUCUACUAAGUUUGGAAGAAUCUUCUGA
0	GGGCUUGGUGGUGCAUGCCUAUAAUCCCAGCUACUCAGGAG
1	AAUCAUUGAACGUCAGUGGGAAAGGAGAGCAAGAGCGAGCG
0	GAAGUCAGCUCUGCUUCUUGACUUGACUAUACACUUGUCAG
0	UAAGCACAAGGAAUUGGCAAAACAGACAUAUCCACAAACUG
0	CCCAGUGCUCAUCUGAUUGCACCUGGAUGAGAGACUCAAAG
0	UGGCAUGGAGCCCAGCCUGCAGGAGGUGCUCCUCUGGGCCG
1	GGGGCUACAGCUCUGAGAUGAAGACGGAGGACGAGCUGCGG
1	GUGCGUGCAUGAACGAGACCAGGAUCGAGGAGCUCAGGGCC
0	UUCCACCUGAGAAGGGCUUCAGAGCCCACCAGGCAAGGAAG
1	UCCGCACGAAUUUUGUUGGUAAAACCAGCCGUGCGCAAUUC
1	UGUGGAACAUCCUGAGGAACAACAUCGGGAAGGACCUGUCC
0	AGAUUACAAGACUGCUUUCAAAUAACAGUAUCAAAUAUAAA
0	UUUAAACACCAUGACAAACUAAAAGAAUACAGGAGAAAAGA
1	AGAGCAACCAGUAGAACAGAAAGGUCUGGAAGCAGCAUUCU
0	AGGACCCCCAGGCCUUGCCCAGCUGGGGUCCCCGGCGCUGG
1	AUAUCGCGCUUCGGAUGAACAGCUAGAAAAAUGAUCGAGGC
0	GAGAUGAGGCUGGUGUGUAUAAGAGAAUGCAUUCAGCUCAA
0	AUAAUAAACACCUUCUAAAAAAAGGAACCUUGUGAAGGUCA
1	UCAUUGAGCUGAGGAAGAAGAAGAUUGAGGAGGCGAUGGAC
0	AGCCAUGAUCACGCCAUUGCACUCCAGCCUGGGUGACAGGG
0	CACUUGAGUCCAGGAGUUCAAGACCAGCCUGAGCAAUGUAG
1	UGAUGUGUGGAUCCUGAGGAAAGACUUGGAAGAGACCAGCA
0	GUCCAUUCAAAUGGUAAAGAAGGGAGGAGGGUGUUUUUUUU
1	UGAAUAAUAGAACUCAGGCCAAGGUAGCGGAGGAGCUGGGC
1	CGGAGGAGAUCUCUGAAGUGAAGAUGGAUGCAGAAUUCCGA
1	GCAUUAAAUACCGUCAUAAGACAGGGCGCACUGCUCGGCGC
0	AGCCAAGUUUGUUGAAUGAAACCAUUCAUUCAAAGUACUGU
0	UUAACAAUAUUGGACUUUCCAGUUCAUUAACAUGAUACAUC
0	CACAAAAGCACAGAGAGAUUAAGGAGCUUUCCUGAAGUCCU
0	ACACACACACCCCUCAUUCUAAAAUACUUAGAAAUCAGAAU
0	AUGCCAGUUAAUUUUUAAAUAAUUUUUAGUAGAGAAGAGGU
1	GGCUGUGCUGCCGGCGGCGCAAGAGCGAGGAGCACCUGGAC
1	AAUUGUCAGUACAAAUAAACAUGGAUGAAAAGCAAGUGAAA
0	UGUACCCUUAAGUUAAAAUGAGAAAUUGUGUCUGUUAAGCU
0	AAGUGGGGGCCAGACAGAUAAUAUAUCAACAGGUGAAUAAA
0	GGGCGGGAGGAAAGAAGCAAAGGACUGCCAGGCUUGGUGGC
0	AGCUCACCUGCAAAGCUGGUACUAACCGGCACAUGCUGUCC
0	UGGGAUUAUUUCUAGAAUGUAGUAAUCUAGAUUCUAGAUUA
0	AGAAACAUGGAGCUGUGUGUAGAGGAGACAGAAGGGGACAG
1	GACCCUUCCCCUGAGCUACCAAGAUCGGAGUGCCCAGUCAG
0	GAGGCCGAGGCAGGUGCAUCACCUGAGGUCAGUAGUUCAAG
1	CAAGAGACUUGCACACUGUGAAGAGCUGAGAGCACAGGUGA
1	UGGUAGAACAGAACAAGCAAAAGAUUAAGAGUUCAAAAGUA
1	GUUUCGAAGCUUGAUAAACUACAAUGGGAGUUAGAAUUCGC
0	AGAACUUAAAUUAAAAAAAAAAAAGAAAAUCAGUAUAUAGA
1	CGGCUGUGGACUCCAAACAGAAGAUCAUUGAUGCCCAGGUG
0	AAUUCAAGUGAUGUCAGAGGAUGCUCCUGCUUCUCAGACUG
0	CGGAGUCAGGGAGGGAAGGCAACAGAGUGGGUGCUACCUGA
0	GGUUGUUCAGGUUCUCCGUGACUGUCCUUCUGCCCUUCCAG
1	UCAGGCCUGGAAUGCUGACGAAGAUCUUGAGCCACCCUACC
0	CGGGUUCCUUCAAACUCAACAAGAAGGCGGCCUCUGGGGAA
0	CCAUCUGGUUGGCUGGCUCAAAGCAAGCAUUGGUGAUCUCU
0	UGAGUGUGACAUUCUCUCUGACCUACAGCUGAAAGUGCCCA
1	CCUGUCGGUCUGAUAUCCGGAGAAUUAAAUAGCAUUGCUGC
1	AAGGCAUGGUGGAACUGGUGAAGAUUGGGAAGGAAAAGCUU
0	CUCUACCACUGUACAGGUGUAAAAUUUAUGUAUUUAUUUAU
0	GGUGGGGAAGGAACACAGGAAAUGAGAGGCCAAAGGGCCCC
1	AUGAGGAGAGGGCUGAACUCAAGAUUGGAAGCAACUGCAGC
0	UUAUAGUGCUCACCUCGGUUACACUGUUCAUUCACAUGUAU
0	CUCACACACUGAUGAUGGGGAGAGGAAGUGGUGCACUCUUU
1	GUCCCUGUGGGAAUGGCGACAAUGCCAAUGGCUUAGCUGAU
1	GGCUGAGCACACAUGAUCCCAAUAUCACAUGGAGCACUCGA
1	UUGCUGCCGGAAGAUCUUGCAAGAUGGAGGGCUGCAGGUGG
0	CAAGACUCUGUCUCCAAAAAAAAAAAAUAUAUAUAUAUGUA
1	UGGAGUUUGUGAACAAGAUGAAGAAGGAAGGGAAGCUGAUC
0	GCCCUUUCCCAUCUGUAAGGAUUAAGAGUCGUUACUUGGUU
1	UUGGUUAUUCUGCAGAAUACAAACGCGUUAGGGCCAGUAGG
0	UAGUGAGAAUGUGACUCUAUAAAAAAAUUAAAAACCCUGGG
1	UGGUCAUCCGAGAGCUGAACAAGAAUUGGCAGAGCCACGCG
0	CAUCCUCAUGGUGCUUCAUGAGGUCAAUGGUGUAGAUCCAG
1	GUUGAUCGCUUACGUAUGAUAUCAACAAUAUGCGUGACAGC
0	CUGAAAAGGAGUCGGCACUGAGGUCACAGAGUGAGUGCUGC
1	AUUCGGACGCUAUUCCGCGAAGGAAUCGAGAUAAAGAUCUU
1	GGAGGGCACUCUUAGAACAAAAGGUAUAAGUAAUAGAAGGA
0	AUAAAUUAAAGGUUCUGUGAAUUUUACUAAAUGCUUUUAUU
1	AGCAUGAACUUGCAGGAAAGAAGAAUCCGGGAGCAGCACGG
1	AACCCACGCCUCCAUUGGAGACCAGAAUCCCCACCGCGGAG
0	GGAUCGGGGCAGGACUUAGCAGUACACACUACAGGAGAUGA
1	CUUGUUUCCGCCUGGUUUUGAUCCAGGGACCUUUCGCGUGU
1	GAUUGUAGGGUGGACUCGAUAACCUGGUCAUUAUUUUUUUG
1	GGAUUAGAGUAAUGACACUAAAGAUGGAGAGAAAUAGUAAG
0	AUGGUACUCUGUAAUCAGACACAUUCUUACUUCUGAAGCAA
1	AGGAUAGUACUGUCUCUUACAUCCCUCAUACUCGCAGCGUC
1	AUGAUGGCCAAAGUAUUAGAAAGAAACGAAGAGCCACUGGA
0	UAAGUGAAAAAUAAAAGUUAACUUUUUUUUUUCCCUGAGAC
1	CCCACGUCUGCAAUGACCUUAAGAUCGGCUACGAGUGCCUG
0	GCUUGUAAACCCCAUGGCUCACAGCGGGUGUUUGGUAAGAA
0	UGCAGGGAAAAAGUAAGCAGAAGAUCCCUCACCAGCACUCC
1	ACGGAUUCACUACCCCACUAAGGCCAACUUUGCCGACAGAU
1	CUCUGAGCACCAAGUCCAAGAAGAACAAGAAGAGCGCGUGG
0	AGAGAAAUGAGGCACAGAGCAUGUCUUUUUAUGGGGACAUU
1	UAGUGAAGAAAGUGGCUCAGAAGAAGAGGAAGAGGUAAGAG
1	AAAGCUUGACGGCUUGGACGAAGAUGGGGAGAAGGAAGCGA
0	CCUCUUGGAUCUCCUUCUGAACCCAGGUCUCCAACUGAUGG
1	UCGGAAGGACCGCUGCGAACAAGAUCAAGGAACAGUGAGUG
1	ACAAAGCGCCUUCCCCCGUAAAUGAUAUCAUCUCAACUUAG
1	CCCCCUAUUCUCUUCCUCCUAGGUCAGUUCUUCCACUGCAC
0	AACAUCCCCCACCAUAAAAAAAAAAUUGUUACAAAUGAUGA
1	UGGCCCUGCCAGAAGAAGCAAAGAUCAAAGACGCCUACCAC
0	ACUCUGGGUGUUGUCUCUGUAGCCGCCAUUUUUUCUUCUCU
0	UUGGGAGGCUGAGACAGGAGAAUCGCUUGAAAUGGGGAGGA
1	UGGUAAAGGAAUAUACUGGGAAGAUUGGAAGGCACAGACUG
0	UUUCCCAUGUAGUCAAGUCUACCACAGUAAAAACUAUGUUG
1	UGUAGUUCCCGUUUAUACUGAAGGUGAUGGGGGACGCACAU
0	UUGAGACUUAUUUUUGGUCCACCUAAGUUAUACCAUUUACC
0	UAUUAAUAUAUAAUCUAUUAAUAUAUAUUAUUAUUAUAUAU
1	GACUGCAGAAGAGCAACCCGAGAAAAAGAACAGAUCAGAUU
0	UCCCUAUUCAAGACAAAAGCAGCUCUCAGGAGUACCUUAAA
0	GGGUGAUUGCCUAAAGUUACAUGGCUAGUCGGAGCAGUCAG
0	UCAUGUUCUCCUAAGAUGGAAGAGACUUAUUUCCCAAUGCU
0	UAUAGUUAAAAUGAUUGAACAUGGUGUCCAGGCUGGGUGGG
1	CGUAGCGGCGCCAGAUUAGGAGAUGUUUGCAAUAAGUCCGA
0	CUACCAGCCUAGAGAAUGAUAAAGAGAGCUUAUAAGCUGUG
0	GGAAGGAACACAGUGGCCUCAACUCAUUCCAGGGAGAAGAC
1	GGAGAUCCGGUAGUAGGCGGAAAUCCACAAGCAAGUUAGAC
0	AUUUAAUAAUAUUUGACUCCAGUUGUAGCUAUGUGACUGUA
0	GGCAGACUGCCAAGUCCUGGAGAAAUAGUAGAUGGCAAGUU
0	UUGUCUAUGUCAUAGAUUCCAAAGCGUAGCUUCUGGACUGU
0	GUUCGCAGUUUCUGACAGUGAAGGCUCGGAGCAGCCCCUCC
1	GACAGAUGACAACCUGACAAAAAAUAGAAAGAGCACAUAAG
0	UUGAACAUCUGGUGCAAAAGAUGAAAACAACUGUGAAAAGG
0	UGAAGCCAUUUAAGCUAGUAAACUUACCAUAUAAUGGUUAA
0	UCAGGAUGAGCAGCUAUGUUAUGUUGCAGUAACAAAAGACC
0	UAAGCGAUAUUUGCAAUUGUAAAAUUCCAUGCUUAGAGAGG
0	UCUCCCACUCCUGGAGGACGAGCCUCUAAGACCCUACCCCU
1	UGGCAAAGACCUGGACUUUGAAAAAGCCAAGGUAGAGGUCC
1	GAGUUGAAGAGGCAGAGAAAAAGAUGGAAGAAGAAGGUGUG
0	CUACCUUUCACCUGCUCUUGAAUUGCAUAGGGAAGCAGUCA
1	AGCUGUCGGUGCCCAAAUUCAAGGUAGGACCCCUCCCCACU
0	UCUACUUUUGCAGAAAUUCCAUAAUAAAAAGUUGUAAAGAA
1	UUUGAUAGUAGAAGAAGGAGAAGAUUGGAAACAUGUUGAAA
0	GCGAAACCCCAUCUAUACAAAACAUACAAAAAUUAACCAGG
1	GGCUGGCUCAGAGCGCUGCAAAGAUCAGAAGAGUGGUGAAC
1	ACUCUGUAGGCUGAUUAAUGAAGAUGUGAAUGAGCAGGUUA
1	CAGGAGCCGAUGCAGUGCCUACAAGGCGAGAGAUUAUGACA
0	CUACCAGUAAUAUAAUAUGUAAAUAAAUUUAAAAAUCAGAA
0	GAGCCCUAGUUCUUUUUGUAAUGAGUUGUUUGGCAUGAGGC
1	GGGAGAGACACCGUCUGAACAAGAUCAGGGCAAGAGGAUCA
0	UAACAGUAUGACUGAAAACAAAUUAUUUAGCCAUCUUAAAA
0	AUAAGGCUAUAUAGCAUAAAAUGAUGAUGCAUUUUCUCCUG
0	GGGGCUUUUGCUUCUGGACAAGGCUAAGAUUUACUUGGAUA
0	AUUCCCCCCACCCCACGCAAACCAUCUGGGGAGGACGCUGG
1	AAUCUGAAUGCAUGAAUGAGACAGAGUGGACAAUUUAUCAA
1	AAUGCUGUAGAACCCUAAAUAAGUGGUAGAAGAGUGUCACU
0	ACUAAAGGAGGAACAGGUGUAGAGAAAUGGAAAGAAUCAAA
1	AGAUCCAGGCUGCUCUGAGCAAGAUGCAGGAUGACAAUCAG
0	AGCACUAAGUCUAACAAACAAGGAUACAAUGAAUGUCAAAU
0	UAGAAGGAUCAAAUUCAGAUACAGAGAUGCUGGCACUUACC
0	CCAGGCCCCCUCCCCCCAUGACACUGACGCCCAUUCCCCAA
1	AAGCAUCUGGACGAUGAGGAAAGAAGGAAGCGAAAGGUAAA
0	UUCUUUAUGACUUCCUUAUGACCAUUAUGGAUUUUCCUUUG
0	GAAGCUACAUUAGGAAUAUAAUGCGGUGAUAACAACAAGCU
1	CUGUGUGAAAGCUCUUAGCAAAAAUCGAGAAGGAGGCUCAG
0	CCACACACCUGGCACCAAGUAGGGACCCAUGGGAGAGGAGU
0	UAUAAUCCCAGCCCUUUGUGAGGCCUAGGUGGGUGGAUCAC
0	UCCCCUUCAUGAAGAAACCAACCACACAGCUGGUGAUUCAG
0	CUUGAGCCCAGGAGUUUGAGACCAGCCCGGGGAAUGUCACG
0	UGGGUGCUGGGCACUAGCUGAAGCUAGACAAGAAGGCUAGA
1	CUGCGCUGUGGACACUGAGAACAUCCGCCGUGUGUUCAACG
0	AAAACCAAAAAAAAAAAAAAAAAAAAAACGGGCUGGGAGCU
0	CCCUCGUCCUGAGCCUGACCAAGAACCAGCUCCAUGAAAGU
1	CCCUGCCCAGUGGAGGCGGAAAGAUCGGCAGAAGCAGCACA
1	ACCUGAACACCUACACAGAGAAGAUGAGGGAAGCGCUGAGG
0	AAAGAAGUAUUAGUUCAGCCAUACUCUGUACUGCCUUGACA
1	GAACCUGGAGAACUUCAAACAAGGUACAUGAUAAAGAUCCA
1	GCAGGACUUGUAAAGCAAAUAAGAUUGGGAGGCCAAGGUGG
0	GACCACAGGUGUGCACAACCACAUCCAGCUAAUUUUUAAAA
1	CCCGGACAGACCUGAAGAAGAAUCGGGACUACCCACUAGCC
1	UAAUGACCUAUUGAGCCGUCAAGAAAGGGGAGAGUGAAAAC
1	AGGACCGGCUGGUGAACGAGAAGUUCCGGGUGAGUGGAUCC
0	GGUGGUCCGCCUCUCGUUGAAGUCUUCUUUCCUCUAUUUCU
0	AAGUGCAAAGAACACGGCUAAGUGUGCUGGGGUCUUGGGAU
1	AACAGAGGAGUGGGGGACUGAAGAUUGGAAUGAAGAUGUAG
0	CAGCUGUGGUGGGAAGAGUUAGGGCCAGUGUCUUGAAAAUC
1	GGCUUGAUUAGAUCUGGUGGAAUGGUGGGCGCGCCGGUCGA
1	UAGGUCAGAUGGGACAGAACAAGAUCAAUGCCACACGUGCU
0	UGAGACUCCAUCUCACAUUAAAAAAAAAAAAAAAAGAAAAA
1	GCGAGCUGGCUGGAUCGCCGAGCGCGAGUGAGGGAGCCGAG
1	UGACCCUGGGUGACCUGACCAAGAUUGGGAAGUCACAGAAG
1	AGCUGCAGCUGCAGAAGCAGAAGGUGGAAGAGGAGCUGAAU
1	UUGAACUGCCAUGUCCUCUGAAGAAGGAAAGCUCUUCGUGG
1	GAAACAACACCGGGCUCUGGAAGAAACGGAGGAGGACAACG
1	CCUCAAGUGAAUGCAGUGCUAGAAGCGGAGAGUCUAGGAUA
0	CUGAAAAAGCAGGAAAAGAAAACCCUGGCAUGUUAGUGAAA
0	UAGAGUGAGCAAAAGUAAUGACUAUAACAAUGUCUCCCCUG
1	GAGGAGAAAAAGACAGAACAAAGAUGGAAGUGGCCUGGGCC
0	UAAAGCAUGACUUCUGGCAUAAAACACAUGCUUAAGUAGAA
0	GAGGGCAUAAACCAGCAGAGAACUGACAGGUAGGGCCUGCA
1	GGCUGCAGGACUAUGAGGAGAAGACAAAGAAGGCAGAGAGA
1	UUCUGGGCAUGUAAGAAGAAAAGGAGGAAGAGUGCACAUUC
1	AUGACCUACGGACGCGCAUCAAGAGCGGGGAGACGGUCAUC
1	CCGUGUGCAAUCCCAAGAACACCAAGCUGAGAGCCUAAAUC
0	GCCUGAGGUCAGGAGUUCGAAACCAGAUCUCUACUAAAAAU
0	AUUGAAAUAUAAUUGUAUAUAUGUAGUACAUAGUGGUGUUU
1	CCGACUGUGGGCUGAACCUGAAGAUGCGCGGGCACUUCUGG
0	UGGUGCACUACCCUCCAAGAACCUCUCUGUGUUCGGCUCUC
1	GGCAGUGGAACUCCUUAGGAAAUGUCUGGAGGAGGUGAGUA
0	UAUAACAUAUAAGGUGAGUGAUGACUGGGGCAAAGGCCAGA
1	UAGGCCUGUAGCUGGGAAGGAAGAGACGAAGACACAGGGAG
1	UAUAAAAAUUUAAAUCACCUACUACAGGUAUGUCAGGCGGG
0	CCUUAUGUCUGUGGAAUGUAACAGGACAUGUAUCAGGUAAA
1	UGGGCUUCGACUACCAGGGCAAGACGGAGAAGCACGAGUCA
0	GUUUUAAAAUAAAAUAACAUAAUGUCUUAACAGUAGAUUUU
0	ACAAAAGCCAAAAUUGACAAAUAGGAUCUAAUUAAACUAAA
1	UGGACGAGUCGGUGGGGAGCAAGACGAGAAGGGCCUUCCUG
0	UUGUUUGCAGGCUAAUCUAAACGAAUCAAAAUCUAGGUGGC
0	UCUUCAGAAAAUAAGGAGUGAAAUAGGUCAUUUUAUGUCCA
0	UUCACGAUUAUCUGGUUCACAGUCUCCAGGGCACCUGAAUA
1	UCUCCGUAGAGACUGUCAAAAAUUGCCAGUGCCGACUAUAU
1	CAGGACUUUAGGGGUCAGUAAAGACCGAGGAGCCUUUAUUG
1	GUGGAGGAGGCAAGAAGCCAAAGAUGGAGGAGCUGGGCCUG
1	GUUCAGCUAGUUCACACCACAAGGAAGGGAGACACAAGACG
1	AGCGUGGAAACACAGAGAGCAAGACGGAUGGAGAUGACACC
1	CAGCAGCGCCACUCUUGCCCAUGAUCGAGGAGCUCAAACCC
1	GUGUGAACCUGGACAUGGGCAAGAUCGUGUACAGCUGGGUG
1	CAAUGCUGAGAUUGAUCUGGAAGAUUUAAAGUAAGAGGCGG
0	CCGGGCUCCGCCUCGGUGGCAGAGCUCCUGAGGCCUUCACA
0	GCUAGUAGCGGAGAGAGUAUAUUUCUUCUUAUGUUACAGUG
1	UACACCGAUAUCAUUGGGCGAGCACACGCCAUGGCGGAGAG
0	CAUCUGUUAAAUUUCAUGCAAUGAAGUAUUUGCACAACUAU
1	UACGGGCAAAGAAACCUAUAAAGUACCUGGAAGAGUCAGAU
1	UGAAGCCCCGGCAGCGGGGAAAGAAGGAGAGCAAGGAGGAG
0	GAAAUCCUGUCUCCACUAAAAACACAAAAAUUAGUCAGGCG
1	CAUGACCUCUGUGCUGAAGCAGGAUCGGGAGCGGCUCCGAG
1	GGCGUCUUGCGCCCACACUCACUUGGCAAGUUUCUGCAGCA
1	AACUUUGAAGGCCGAAGUGGAGAAGGGUUCCAUGUGAACAG
1	UGAAAAGGGGUCUCUGGACCAAGACCGAAGGCUGUUUGUGU
1	ACUCUGUGUGGAAGAAGAUGAAGAUCAGAGGGAGAGGCACG
0	CAGUGGGCUUAAAAAUAUUCAGUAAACCAAGCUGUAAACAA
1	AUCUGAAGAGCAAGAUAGAGAAGAUGGGAAAUGUCAUAAAA
1	GCUCCAAGGACUGCACUGUGAAGGUGAGGACGGCCAGGUGU
1	UGUGUAGAGAUGGUCUGGGAAAGAUGGGAGUAAUUUGGUUA
0	AUCAACCUCUGCUGGUCAGGAGGGAUGCCUUCCUUGUCUUG
0	AUUCUGUAUCCAGCAAAACUAAGCUUCAUAAAUGAAGGAAA
0	AUUUUAUCGGUUUUUAAAAUAUUUUCCAGUCUCAGGGCAAG
0	GAGACACUGAGUGGGGUGAGAGUUAUGAGGAGACACUGAAU
1	GCUGUGCGGGCUGUAACCGCAAGAUCAAGGACCGCUAUCUG
1	UCGGAUGGUAGAAAUGCAGAAAGAUCCAAUGGAGCCUCCAA
1	UGCCAAGAAAUUUUCGCAUUAGUCGGACCUGCAGAAGCUAG
0	AAUAAUGGACGUUUUGAUUAACUUUUCUAUAAUUAUGAUAA
1	ACGGGAAGUUUGUCAAUGACAAGAGCAGGAAGAGCGAGAAG
0	CAUAGUCUGUGCCACGUAGCACAUUCUCAUUUAACUUCCCA
1	AGCAAUGUGUGCACAGAACAAAGACCAGGAGAGGACACAGU
0	UCCCGGUGCUCCCAGCCCCCAUAAUGCUGGGCAUCCUUGAG
0	CAAUGAAGUGGAAUUUCAUCACUACUGUAAAGCAGUCCCUA
1	GCCAGGACUGUGAGGACCUCAAGAUCGGCUUCAAGGUAUGC
1	GCCACCACAGUACUUCUGGGAAGAGGAGGAAGAGCUGAAUG
1	GGAGAUCAUUGUAGACCAUCAAGAAGAGGAAGAUAUGAGAA
0	ACAUACAAAUGUCAGAAAUGAAACACACACAUAGGAAAAAU
1	GUCAGAAGUUCCUAAACCAGAAGAUGGAGAGCCGCCAAGAA
0	AGUUGUCCCAGGGGACUGGAAAUCAAGGGUGCUGAGUAAAC
1	CUGGCUGCCAGGGACACUGGAAGAUCGGGGACACAGCCAUG
1	ACGGCUCCGUGGUGCAGUUCAAGAUCAAGAGGCACACGCCG
0	CAGUUCCCGCACUAUGCUGUACCCUUUGUCACAUCCACCCC
1	GGCUGAAGAGGACGAUGAAGAAGAAGAAGAAGAGAUGAUGG
1	CGCAUGAAUGGAUGAACGAGAUUCCCACUGUCCCUACCUAC
0	AUUCUGUAAUAUUUUACUUAAUACUAUGGAAUCAAGGAAAU
1	CUGAGGACCUGGUGCUGCGCAAGAACGAGAAGAGCGUGGUG
0	CUGUGUGUCACUUCUCCAAAAAAGCCCCCACAGCUCCCUCC
1	ACUGUGGCCUUUGUUCUAGUAAGAUGGGAGCCACUGUUGUG
0	GCGUGAGCCACUGCACCCAGACCCAAAUCCUUGACUUUAGA
1	GUCGCCGAAGUGUGAGAGGCACGAUGGGCAACGGAUUAAUC
0	AACAGCCCCACUCACUCCUAAUCAGUGAGCCAAAAUCAAGA
1	UUGCAGUGAAUUGUGAGCAAAAGAUCUUGAAAGCAAAAAGC
0	AGUGGGUUAAAUUGUGUUACAGGAGACAUAGAGUAAAAACC
0	GCUUCCGCACUCUGAAGCUGACCACACCAACCUACGGGGAU
1	ACGCGGUUAUUGACGACGUGAGCUUAAUACUCCGCCUAUAU
1	CAGCACGGUUUUUCCGCAUGAAGAGAUUGUGGCACUCUGGC
1	AUCCGAAGACUCAGAAUAGAAGAAAAAAACAGGCAGAUUGU
1	UGGCCAUGAAGGACCGCAUGAAGAUCCGAGAGCGAAAUAAG
1	UACUGACCAGCAAAAUGGAGAAGAUCAGAGAAUGCAGCAGC
1	GCUGGUUGUGGAGCCUGGGAAAGGUGGAAGAGAGAGAGGUC
1	UGACCUCAAGAGAGCUCAGAAAGGUGAGCUGGGGGAGUGAC
1	GCGGAGACGGGGUGAGCGAGAAGAAAGGGAAGAGCCAAAGG
1	UUAUGGACUAGAACUUAAUAAAGAUGAAAGAGUUUCUGCGC
0	UGUCCCUCUUCCGUGUCAUCACAGCCUGCAAUUGUGUGUUU
1	GCGCGUCAAGAAGAUCUUGGAGCUGCUGGAGAAGCAGGCCU
1	UACUGCGGAUUGAACCUGAGAAGACGCGGAGCACGGCUGAG
1	UGCAAGUACUUCUGAUGUUCAAGAUCGCCUGUCAGCUCUUG
1	GUGGAUCAGGACACCUGAAGAAGAGAAGCUUCCGGCAACCC
0	GGACAGUGCCUAGCACAAAAAUAAUAGAUAGUGGUGGUGGG
0	AAAUAAAAAGAAUGAAUUCCAUGUAGAAUCAAAAUAUAGUA
1	AAAACCUUUUUCCAAGGACAAAUCAGAGAAAAAGUCUUUAA
1	CCGUCGGUGUUGGGGAUGAGAAGAUCGAAGACGUCAUGGCC
0	GGCUGGGAGCAGUGGCUCACACCUGUAAUCCCAGCACUUUG
1	CUAGAUUUUCUAACUUGUGCACACGUCCAGAGCAUGUUCAU
1	AGAGAGGACUGGAACCAGAAAAGAUCAUUGGGGCAACAGAU
0	AGAAAAAACCUCAUGGUCUCAAUAUAUACCAAAAGAAAAAA
0	GUAGAUCACUAUAUAACCAAAAUACUUUUAGAAAAGUGAAU
0	UGGAGAUAUACAAACAGUAGAGGAAAUAAAGUAUGUGUGUA
0	AGGCCUUCACUCAUUCUUUCAUUCAUUCAACAAAUAUUCUU
0	AAUUCUGCAAGUUACCUUCCACUUUCUGUUUCUUGGCUUCA
0	CAAAUGGUAUUUCUAGUUCUAGAUCCUUGAGGAAUCGCCAC
1	GAUUGUCUCUGGAUCUCGAGAUAAAACCAUCAAGCUAUGGA
1	CAUGCGAAACCUGACUGAGGAAGAGAGGAGAGCUGAACUUC
1	AUCCGCUGGAAAUCAGGAAGACCUCUCCGGGGCGCCAGCCG
1	CUGCCGAGAAGACUCCCGUGAAGAAGAAGGCCCGCAAGUCU
0	UAGCAGCCUCAAAUGGACUAAGACAUCUCAUCAGAAGAGGA
1	GCAGAACAUGAACCACACAAAAGAUCCACCCUGAAAACCAG
1	AUGCGGAUGCCAUCGUGGAGAAGAUCGUGCAGAGCCAGGAU
1	AGACAAAGAAGAACUACUAUAAGAGGAUAGAGCCCGCAGAU
0	ACCUGCAUAGGGCACUUACCACGAAUGGAACUUACAAGACU
0	UGGAGUAUUGGACACAUACCAACAGUGGGCACAAGAUGAGU
1	CUGCAGGCUAAGAAAUGAAAAAGUGAGUUGAUAGUAGGAUG
0	UCAUGUGGAUUCAGUGUAGUACUUAGUGCAUGGCAAAUUCA
0	UGAACCGGAGCCAGAAGGACAUUGAUGGCAAGAAGGACAUU
1	CAAGAAGCAAAUCACCUGCAAGGAUCGGAUGGGCAGCAGUC
1	UGGAAAGCCAGUAGGACACGAAGGUGGUAAGUGCGCACGUG
0	UUAUGUUGAAUAGGCAGGACAAAGGAAAAUAUUCUUCAAAA
1	ACUUUCUGAACUCCCUGGAGAAGAUGGAGGACGGCAAGUUG
0	ACAUUAAAUUAUACACUUCAACCACAGGAAUUUUGUGUUAU
0	UGGCCUGUAGGUAAUAUUACAGGCUCUGCUGGGGUCAUCCC
0	GGUCAUAGAAGCAGCUGAAAAUGUUAUCUAAGACUACCUCU
1	CGACGUGUAUCGCUGCCGUCAAGAUGGAGGGGCCUUUGUCC
1	AUGCUCGAAGUAAAAAGAGAAAAGGUGAAUGGACAUUAUUC
0	AAAAAAAAAAGUGUGUGUUGACUGCUCCGCCAACCGGCCUU
0	ACUGUCAAUGAUGAUAAAUUAUUUGGCUCUAUAAAUCUCUU
1	CGUAAACGAGCUAGUGGUUCACCGCAGGAGCACGUGCAGCU
0	GUGUGUGUGUGCACGUAUGCAUAUGCCUCGGCCACAGCCCU
1	AGGAUGAGGAAGGGCGGCAGAAGAUCCGGGAAGAGAAGGAU
0	UAAGUCAAAAAGCAUUUUUCAUGUGUAAUCACACAGCUAGG
0	CAGGUGACAUUCAUCUAUCUAGUCCUACACGCCAUUUUGGC
0	ACCUUUACUCCUGCCCUUUGAGUUUGAUGAUGCUGAGUGUA
1	GAUUUGUAAGAGCUGGAAAGAAGACUCGGAAUGGCAGGCAU
0	GCCCCGGGAAUCUGCUGGGAAGAUGGCAAAGGAGCAGCUUU
0	ACUGUCAUUUGCUGAAAGUAAUCUUUGGAAACAUAUUCUCA
1	GGUGCAGCUGGACUCUAUUGAAGAUUUGGAAGUGACUUGUA
0	ACAAUUUAAAUCUACUAAAAAAUAUUUCAAAAAGUUGCUCA
0	GAACUUCGGAGCCUCGUGCUAGAUUGGGUCCACGGCCGCAU
1	GGAAGAACGUCAGAAGAAAGAAGAUGAGAGAGCACGCAGAG
0	UGUGGUGAACAGCUCACAGAAGGAUUACUUUGAGAAGAUAG
0	AAAAUAAUUGUGAGUAUAUGAUGAAAUAGAAUGUAAAAUUU
1	GGUACACGAGCACAAAUUUCAAUGGAAGGCUACAUCACAGA
0	GCCAUCCGGUCAGCACAAUGACCACAUCUCCCUUCUUGAAG
0	AUGCCCUGCUCUGAGCCCUCAUUCCUAGUGAAGGUGGAAAC
1	GAAGGCUCUACGCCUCGUGUAGUGCAUAGCCAGCCCGUUGC
1	ACAGGAACGUGGAGAUCUGGAAGAUCAAGAAGCUCAUUAAG
1	AGUGAAACUGCGAAUGGCUCAUUAAAUCAGUUAUGGUUCCU
0	CUGGGUUGGAAGUCAGAGUAAUAGUUAAUAGUCAGGAACCA
1	CAAAGUGGAGCCUGAGAAGAAAGAUCCUGAGAAGGAACCUC
0	GUUCUGACAGAGGCGCUGGCACCUAUUGUGACACAAGGUCC
0	GUUCUGCUUAUACAAUUGCCAGGAUUUUGGGUUAGUUUGUG
0	CUGAGCAGCUGGCAUCAUAGACACCUACCACCAUGACCAGU
1	UUGCUAUUGAACACCUGGACAAGAUCAGCGAUAGCGUCCUU
1	CUGGACAUAUUCAGCAUCAGAAACCCCGGACGCGCCUCAUC
1	UUGUAGGACAUAAUAAUAACAAUUGAAUGUCUGCACAGCCA
1	GAUACUGCUGUCUCGAAUUGAAGAAAGGAAGGCAAUCAUUG
0	GAGAUCUCAAAAUAAGAGACAGAGCCUGAAUUUAAACUUAG
0	AAAUAUCAAAAGAAUCAACUAAAAGAGCUAAAAGUGGUUUC
0	CCACAGGCGAGCCUCCUGCAAGCAUCCUCUCCUGCCUGGGG
1	AAACACUGAACUGACAAUUAACAGCCCAAUAUCUACAAUCA
1	GAAACAGUAUUAGGAACUGAAAGAUCGGUUAAAAAUACCCA
1	CGCAGGCGCUGCAGAAAGUGAAGAUCGAGGUGAACGAGAGU
1	GGUACUCGCCAUGAAACUCAAAGAUCGAGAGGUAGGAAGUU
0	CAGUAAAAAUUUUAACUUAUAAUAAAGCCAAUUAUAAUGUA
1	AGACCGACUUCGACAAGAAUAAGAUCUGGUAUGAGCACCGG
0	AGAGCCUAGGAGUGCCAUCAAAGUCGAAACCCACGAUGAGG
0	ACUAUAUAUAAAUCUGAAACAACCUAUUUAGUUUGAAUAUA
1	UUCCAAGGACAAAUCAGAGAAAAAGUCUUUAACUCCACCAU
0	CCAGCUACUCAGGAGGUUGAAGAAAGAGGAUUGCCUGAGCU
0	GGUGUGUGCCACCAUGCACAACAAUUUUUUUUUUUUUUUUG
1	UCCCUGUAAAAAAUCAAAGCAAAUAAUAUAAAAGGGAUUAU
0	CCUUCCUCUCUCUCCACUGGAGGAUGAAGCUGAGAGUUGGC
0	GUAAGAGCAGUAAUGAGUCCAGGAAGUGUUGUUACCAUCUA
1	CUUCUCCCUGGAAAGCAAUAAAGAUGAGAAGACACCACCCU
1	UAUUGUGGCUGGAAUGGAAGAAGAUCACCUUGGUGUUCCUU
0	CAUCCUGGCCAACAUGGUGAAACCCUGUCUCCACUAAAAAU
1	AACUGGACAUCAAACUGGACAGCGAGGACAAGGACAAAGAA
1	GUGUGGACUGGGCUCAGAGAAAGGUCGGGAGGCUGCCACAA
0	AUACUCCUAGAUAUUGUGAGAUAAACCAAAAAGCGGGAGAG
0	CAUAAAUGGGCUGGACAAGGACUCCUAUAAACAUGGAUGGA
1	GGCCACUGGAGCUGAGGACAAAGAUAAGAAGAAGAAAGAAA
0	AAAAGUAGAAUAGAGGUUGAAAGUGGGGAGAGGCCCAGAGA
1	UCGGUAACCGCACCCUUCUUAUUCAUCUCGGAGCUACUGCC
1	UGGACUGGGGUCUCUUCGAUAAGAAUGCUGGAGAGAACACU
0	GGCUAAUUUUUUGUAUUUUUAGUAGACAGGUGGCCUCACCG
1	GGCUGGGACGCCCGGUACGGAGGUCGCUCAAGGCGCUGCUG
0	UAACUGCGAAGGAAGAAACUAGUUAGGGAUGACAAGAACCC
1	GUCUGAAGAAUCCGGCGAUGAAGAAGGGAAGAAACACAGCA
0	CCUGCUGAGAGAGAAAGAAAACAGUGGGAAUAGUGCCUACA
0	CUUUAGUAGACUUUGUCAUAAUUGUUUUCCCCCAAAGCAUU
1	UUAUAAAUAAUUUAUAUCUGAAGACGGAGAGCCUGUAAUAU
1	GAAUACGCGAAACUCUAAUAAAGCCACCUCAGAACAAGCAG
1	GUGGCAGCCUGGACCCAAGUAAGAAGGAAGAGAUUUCAUAG
1	UCCCCUUUUGCAAGUAUCGAAGUUACGCUAAAAUUUUUUUU
0	CGCCACCCACCCCUUCACUCACACACACACUCUGACGCGCA
0	UUGGGCAGUUGGUGGAAUUAAUACACUGUCUUCAUUAAUUU
1	AAGUUCUGUAGCCUCAGUGUAUGAUGGGAAGCUGCUCAUAG
1	UUGUUGCAUUGCUAGCUGAGAAGAGAACGAGAACAUUUGGA
1	AUCCAGGAGAGUAAAGACUCAAGAUCGAAAGAAGAACAUCA
1	UCAUUCACGACACAGAAACCAAGAUGGAAGAAUUCAAGGAC
1	CUGAGAUUUGUGAUAAUGCAAAGAAAGGAAGAGAAUAUGCC
0	CAUAACUCAUGUCGUAUGUCAGAAUCUAAUUUAAGUACCUU
1	UAGAGACUGUGACAAGCUGGAAGAUGUAAGAGCAUCCGCCU
1	AAUGUGGAUCUGGAGGCCGCAACAAGGAAGGGCAUCUUGGU
0	AGUUCAGAGAACUGGUUGACAGGAAGAAGGAUGCCCUCCUG
0	UGGUCAGUCAGAGGGUGAGAAGGAGGAACCAACAAAAGCUC
1	GCUGUGCCGUGGCCCACCGCAAGAUCGGAGAGCGCCUGGCC
0	AAAGAAGUGGGGAGAUAAAAACUAGAAGAAGCAAGAGAGGU
0	GCAGCUGUUGCAAGGUGUUCAGAUUGUAUAAACAUAAAUGU
1	CUACUUGGAUAACUGUGGUAAUUCUAGAGCUAAUACAUGCC
1	GUGAACAAGUAGAGAAGAACAAGAUCAACAACCGGUGAGAG
1	CAGAGGUAGAAAUGGUACAAAAGAUGAAGAGCACAGAAGCU
1	CUCCGUCCUGUAAGCUCGAUAAGGUCACAUCAGAAGCACAG
0	AAUGUCUCGCCCUGUCACCCAAGCUGGAGUACAGUGGCGUG
1	ACCGGACCGGGUCGGAAACGAAGAAGGAAGCACCGAGAAAA
1	GCUAUGACGUGGAGAAGAACAACAGCCGCAUCAAGCUGGGU
0	AGAUUUUUAUUUUUUAAAGUACACAGCACAAUCAAUGUUUA
0	GGCCUAGGAAUCUGCUUUCUACCAGCAUCCCAGAUAAUUCU
1	UCACUGACUGGGCCUGGUACAAGAUCACUGACUCUGAGGAC
0	GAAGCCCCCUCGCCACUUCAAGAUGUCCUGCCUUUCCGGAC
1	UUAUAAACGGAAACCUGGCAAAGAUCCUGGAGCACCAGAUU
0	CUUGCUGCAGUGACAGGCAGAGCUUUCAAAAAUAUCACAUC
1	CAUCGUCAGGUCGCUCUACGAAGAUCUGGAAGACCACCCAA
0	CUUGAGUAUUGUUGCUACAGACCUAUGUAGAUAAUACUUUG
0	CCUGGACACAGGUAAGGUAAAUCAGGACACUGUGACCUCUU
0	GAUUAGGGACCUAGGUAGACAUUAAGUAGUGGGGUGGCUAU
0	GGUUUAUGAAUUGAAGAAAUAGGAUUAUAACAUCUUCUGGU
1	UAAAGUGGGCUCUAAGAUCUAAGAUGGCCCGGCGCGGUGGC
1	GCGGAUCAGCGAGCUCGAGAAAGGUACUGGGGCCAGGGGGA
1	UUCCCCUCCUCGACUGACUGAAGAUCGAAAGAAGGCCUCAC
1	GGAGCAGCUCUGAAGAUGCAAAGGUAAGAGCUUAGUUAAGC
0	CCCCAGCCAGUGACUGUCUAAAAGGAGCCGAGUUCCCACUG
0	AGGCUUUCUCAGCAGAGAUGACAGGGGCAUAUGUGGCCAGA
1	CCUAACUCUGCCACAUAUAUAAUAUCGGAGAUGGCAAAGGC
0	AGCAUCUAUCAUUUGGAUCAAAGGGACGUCGGGCAGGUGGU
0	UUUAAAGCCAGUGGCUCCAAAUGUCAGGGAGCCAAAGGCGG
1	GGGCGAUGAAGAAGCAGAGGAAGAACAAGAAGAGAACCUUG
0	ACUUCUGCCAUUUCCUAAAAACUCGGCCAUAACAUUAUGGA
1	GGGAAGAGAGCUUUGAAGAGAGGAGGGGGACUUUAGAGAGG
0	AACAACAACAACAAAAUAAUACAACAAAAAGGCGGGUCUCC
1	UGAUAGGAAACUCUGUACAGAAGAUCAGUGAACCUGAAGCU
0	AAAAAGAAGUUGGGAAAUUGAACCAUUCUCUUUCUUUUCUU
0	AUAUGUAUUUAGGGGUCAUUAGCUCACACAGAUGAUAUCUA
0	GGAUAGGGGCCUGUCCAGGCAUCCACAUAUAGAAUAUUUAC
0	UUGACACAUCAUGUCACUUGAACCAUGCGGAAGGUUUUACG
0	GCAAAAGCCCUAACUACCUAAUGAGUGAAUGACAAAUCAUU
0	CAAGUUAGUCAUCAGAAAGGACCAGAAACUGAUUAUGUAUG
1	AUGCUGUUGGAGAGCGAUAUAAGCAUAAGGAAAAGCACCGU
0	UCCCUGGAUGAUGGUAGAGGAGGGAUUAAAAAGGCAGAGUA
1	AAUCUUUGUCAUUCACAGACAGUUGUUUUGCUUCUUCCUUA
1	GAGUUUGGACAGGAUUCUUAAAGAUCGGAGAAAGGUAUGUU
1	UGAGGAGUGUCAGAAAGCGAAAGACCGGAUGGAGAGGAUUA
1	ACUUGUAGGACUUUGACUGUAAGAUGUGAAACCACGUUUCU
1	UGGACGGGGAGACCCUGAUCAAGAACAGGAGCGCAGAGCUU
0	CCCGGAACCUGGGAAUCAGAAAGAGAGAACACAAUACUAAA
1	CAGAAAGCUGGAGGGAAGACAAGAGCAGAAGAGACCAUUGU
0	CACAUUUUGCUUAUCCAUUCAUCUGUCACAGACACCUGGGU
0	AAUGAAAGGCCACAAGGUUAAGAUUAUGGGGAGGACCUGAA
0	AGGGAGGUUUGGGGCAGAAAACAUGAUAACAGUUUACCAUA
0	AAAUUGAGAAAUGCAUGCAAAUCAUUAGGAAAACACAUGCA
0	GUUUUCAUGCCUGCUAACACAACAUCUAUUUUGCAGCCCAU
0	CCGUCUCUAUUAAAAAUACAAAAUUAGCCCAGCGUGGUAGC
0	GAAAGCCAUGGUGCUAGCACAGGAGAUCCAGGGUUUCUUCA
1	UUACGAUCGAUACAGAAAUCAUGGGGCAAUUCUUCCGAUUU
1	CCCCGAGGACUUCGUGGACGACGUGAGCGAGGAAGGUGAGG
0	UAAUGCCUCUUAGAGCCUAAAGAAUCCGGCCAGGCGCGGUG
0	GAGCACCAGGUGCAGGGUAGACUCUUUCUGGAUGUUGUAGU
1	UUUGUGAAUAUUGUUUAUUAAACAAUUACUCCGCCAAAGGC
0	CACAGAAAACUACACUAACAAAUAUUUGGCUUAAUGGAUUA
1	UGCUGAAAGCCCGUGCCCUGAAGAUCCGGGAGGAGCGCAGC
1	CCAUCGUCAUCCUGCUGCUGAAGAUCUGGAAGACGCGCUCC
1	UUGUUUUAGUUACAGGUACAACGACUUGAUCGGUGCCGCGG
1	UGAAGUGACUUUAUCAACAAAAGCUCAACGCGCCUCGUGAG
0	AGAGUCAGAAGCCCAAAGGAAUUGCACUGUGGCAGCAUCAG
0	UGGUCUGGAGCAUUUUGGAUAAAGGAUAGUCAACCUGGCUG
1	UUGUAUUAACUAAGAGCGAAAGCAACUCAGUAUCGCCGGAU
1	CUGGGCGGCCAGGCUCACCGAAGAUGGAAGGGACAGGCAAG
0	UCAUCACCCAGAAUCCCUCCAUAUACAUAUCCAUCCCCAAA
1	GGAAGAAAUAAAGAGCAGCAAAGUAAGUUUCUUUGUGACAA
0	GGCCAGAAAAAUUGCAAGUAAAAUAGAUAUAUUUGGGCGUG
1	CUCGUGGACGUGGAAUGCCUACUACGCGGACAUUAUUAAAU
0	CUUUAUUAAGACUAAUCCAGAGAUGUUAGUUUUGCAUCCCU
1	AGGGCUGAAAAUAAAUAGGGAAGAUGGAGACACCCUCUGGG
1	GUGGUAGGACUUGUGCUCCAAAGAUCGGGAAAUUUUCAUAG
1	AGAGACUGAGCUGUGCAUGGAAGGUCGAGGCAUCCCUGCUC
0	UUCAGUUUUGUGAAUAGAUGACCUGUUUUUACUUCCUCACC
0	UUUGUGAUGGGUAUUCCAUGAGAGUGAGAUGGAUCUCCCAC
1	UGUUUCUGUGAUUGAUGAACAAGAUGGAAAGCCCUACUAUG
1	UGAAAAUAAAUUCUCAAAUAAAGAUAGAUGCACACCUGAAC
1	AUUGUCAAAAUAUCAGAUAUAGUGAGACAGGCGCCACAUGG
1	CUGUGGGGCUGGCGUGCAGAAAGAGCAUGAAGAGUACAUGA
0	GGGCUGGGCUUGGAGUGGGAAAAGUGAGUAGAAGAGGAGAG
1	CUUCAGGGUCAGAGGAGGUUAAGGUUAGUUCAGCAAAUGAA
0	GUCUUCAGAGCUUAUUGACAAGAUAUCAGAAAAAGGUGAGC
1	ACAUGUGCACUACUUCAAGAAAGAUUGGAAGCAUGUGUGGC
0	UGAGUUUUGAGCAUUUACUAACUCGGGCGAAAAAAGAUGCU
1	UUUGGUUGAUUUGACUGGUAAAGAUAGGAGGAGGCACUUUU
1	CUGUCAACUGGUGGAGGAAGAAGGUCGUGUAAGAGCCAUGC
0	CAUAGUGACAAGUUUGGAAGAAGGUCCAGCUAUGGAGGAAG
0	CCCAAGGGGACCCUAGCUUCAUGGGGGGCCUGGACUUCCCA
0	CUCAAAAACAAAAACAAAAAAAAGAAAGAAACAAAGAAAAA
0	ACCUCUACCAAAUGUUUUUGAAUAAUUGAAUACGGAUAUAA
0	GGCUUGGUGCUAUCCUUGCAAUAGUGAGUGAGUACUCAUGA
1	ACUGCUUGUAUGAGCAACAAAAAAUCAGAAAAGAGCCUUGA
0	AUUUCUCACCUAAAAGGCCCAAGAAAGAAAAUCUGAUUAAU
1	GGACUAUGGCUCCGGCGAGGAUGAUGGGAAGAGCGACAAGC
0	GGCAAAAUCUCUAAAUUUUGAUGAAGUUCAAUUUAUCGAUU
1	UUGUGCGCCGUCGAGUUUCAACCGCCUUCCCUUACGAGCUC
1	UAGGUGAGCUCUGUGAAACCAAGUUUGGGAAGACACACCCU
0	AAGCUGCGCUCUUGAGAAACAAAUACAUAAACAAAAAUAAA
0	UUGAGCACAGUCUUUGACAUAGGAUGACUUUGCACACACUU
1	GAAGAAUACAAUGAGACGAGAAGUAACGGUGGAGCUAAGUA
1	GGCCUGGUCUUGUGGAACUGAACUUAGCUCGACGGGGCUGA
0	AUCAUGAGGUCAGGAAAUUGAGACCAUCCUGGCUGACUAAA
1	CAAGGAAGUAGAAGUGAAAAAAGAUACAGAAGACAUUAAUA
1	UUCGAGUCCUGCCGCGGUCGAAGGGAGGUUAUGAUUAACUU
1	CGAAUUGGUAGCUCUAUGAAAAGUGUAGGAGAGGUGAGUCC
1	CAGUGGUUGGUGAAGUACAUAUAUAAAUAGUUUCGUUGUUA
1	GUGUUCUAAGUAGAACUGCUAAGAUCUGGAAGUACCACCUG
1	UUGUAGGACUUCUCUACACAAAGGGUGGAAGAGCCACUAAG
0	AACCCCAUCUCUGGUAAACAAAAAUACAAAAUUAGCCGGGU
0	UCAGCAAGGUUGCAGUACACAAAAUCAAUACAUAAAAAUCA
1	UUGGUCUGUAGAAUCCUGUGAAGACCAGAAAGAGCACUAUG
1	GGUACCGAGCAACGCUGUAUAGGGGGCUACGAUUAUUGGUA
0	UACCUUGGGUGCGUUUUCUCAGGACUUUUUAAGACUGUGUU
0	CUUGAGCCUGGGAAGCUUCAACUGCAGUGGGCUGAGAUUGC
1	AAUUCGAAUGCCCACCAAAGAAGAUGAGGUGAUUCCCUGGG
0	AGAGGAUAAAUCUCCGCAACAUUGUUCUGAGUAAUGAUGUU
0	AGCAGCUGUGAUUUUCUGCAAGCCUGAACUCGAGGUAAGCU
1	CUGAGAUGGAGAUGAUGAAGAUGAUCGGGAAACACAAAAAC
1	ACCAGGUGCUGAGUAAUCUCAAGAUUGGAAGCACAGCUGUG
1	CCAGCCAUGCUCAAUGUUACAAUCUUGAAAUUAGUCUAAGU
0	CUAAAUGUAAAUGAGAAGGUAGCCCCCUCUGAUAACAGCAC
0	GUAGUGGCUCAGUAAUGACCAAGCCAUGUUUGGUGUUGACU
0	AGCCUCUCGGCUCACCCCCAAGCAUUCCUGUGGGGCCUUCU
0	GCAUGGCCCCCGAGACCUCCAGACCCUUUACUGAAGGCCCC
1	AGGCAAGACUGUGGAAGUUAAAGUAAGUGAAAUUUUCCUAC
0	CAGGGAAUCCCACCCUCUCCAGCUCUACACCUGAGAGCAGC
1	UAUCAUGGACUACUGCAAAAAAGAAUGGAGAGGAAAUACAC
0	CCUGAUCAAUCAUAAUAGUUAUUAGUCAUUGCUGUUUGCCA
0	CUUCCCGAGUAGCUGGGACUAUAGGCACGCACCACCAUAUC
1	GCAGAUCAGAGAGCUCGAGAAGGAUCGGGAGACUCAGAGGA
1	UGAUGGAUGUUGAUCAUCAGAUUGCCAAGCUGAUGGUGGAA
1	CUCAACUGUCAGGCCCUACAAAGAAAAUGGAGAGCCUCUUC
1	GCUGGGCAGAGAAACUCUAAAAGGUAGUUGGGGCACACUUU
0	GCAGAGCUCUGAAGGGCGCGACAUUUUCCACGCUGUAUAAU
0	AGUCGUGUCACUCUAGGAGAAGCGGUUUGUGUUGGUGGCAG
1	AAGAAUCAAGAGGGACAGAGAAGAUCGAGAAGCGUGAGUAA
0	GCAUAGCACUGUGUAGCUAUAAAGCGCCAACGAAAAGGAAA
0	AGAACUCCUGAGAUUCUAGGAUUCUACGUAAAUCGCUGGUC
1	CUUCGGACAAGGAACGGAAGAAGAUGGUGCGCGAGCUCAUG
1	GAGCUAGAAGAAUGGUAUGCAAGACAGGACGAGCAGCUACA
1	AGAGCUUGAGCUCACACUCAAAGAUCAGAGGACCUACAGAG
0	ACCCCCUCCUUCCAGACCAAAUCGCCCCAUCUGAGUGGCUU
0	AAACAAAAUAUAGAAGGAAUAUAGCUCAAAAUAGUAAAGGC
0	UCUGAGGCAGAGUGCCAUCCAUCAGGGAGACAGCUGGGGUU
1	AAAAUGACAUCAGUUUCUGGAAGAAGAAGAAGAGCAUGAUC
1	UGGAGAAACUGAGAAGCCUGAAGUGAGGAAGAGCAUUGAUG
0	UAGGCAAAGCUUGUCUGUGAAGUUAGGGCGUCAGCUACAAG
1	UACCUACUUACGCGCCGCCCAAUACGUCUCCUGGUCGCUAG
1	GGUUAGCAGAUCUAUGUCUGAAUGAGCCUCUUAAAAGCCAU
0	AACUCUUUGGUUUUAAAGAUAAAAAAACAUGUUUCAUCUGG
0	CUAAAAUUGCAGACACUAGGACCAUGUCUUGGUUUUUGCAA
1	AGAAUCCCUGAAAAAAAUUGAAGAACUGAAGGCACACUGGA
1	UUUUUCUAGCUGAGGAGAAGAAAGUGGAAGCAAAGAAAGAA
0	CAUCCUGGCUAACAUGGUGAAUGAAACCCCAUCUCUAGUAA
0	UCUCAGAAAAAAGAAAAAAAAAGAAAUAGGUUGUUUAAAAC
1	GAUCUGGACAGAAUCGCCGGACAGGUAAGGCCUGCGUUUGG
1	AAGAAACUAAAGAACAAUCAAAGAUGGAAGACACUCUAGAG
0	AUUUCCUUAAACCUUAUAACAACCUUCUGUGAACCAAGUGC
0	UCAUUAAUUAAGAGGAAACGAGAGCAGCGGCAGUUGGUACG
1	GGAAAGAUUCAAAGGAAAAGAAGGCAAGUUGCUUAAUUCUU
1	UGUUCGUGCGGACAAAACACAAGAUCGACAAAAGCCACGAG
0	UUAUUGAAUUGCUGGUUCUGAUACUUUUUAAUGUGAUUUUU
0	GGCUCAAUAUCCAGAAGGAAACAAGGCCUUAUAAGAGGUUC
1	CCAGGACCGUCUGGAUCUGGAAGAACGGAAGAAAGUAGAGA
0	AUCCUACCUAAACAGAUAGGAAUCCUCUCAUGUUACACACU
1	GUUAUCCACCUGAGUUUUGGAGGGUACUGUGUUUGUGUGUC
0	AAUAGAAAAAGAAAAUCGCCACCAAAUAAAACCUAUAAAAA
1	CCCUAAACCACGCAAUAGCAAUAGAAAGACAGACGGUGUUU
0	CCCUGCUUCGCUUUAAAACAAACACCGCAACCAGCCCCCGC
1	AAGAAAGAGAACGUCUGCAAAAGGAGGAAGAGAAACGUAGG
0	GGCUACAAGCAUCAGCUAACAGAACAGAAAGUUUUACAAUG
1	CGGCCUUUUGGCUAAGAUCAAGUGUAGUAUCUGUUCUUAUC
1	AGUACUGGAUGAACAGAUACAAGAAAGGGAGAAUUCAAAGA
0	UACCUUAGGCCCUUAUAGGCACCCGGCCCUGACUCCACACC
0	AGACCCAGACCACCACAGACAGACAGAACCGGGCAUGGCAU
1	UCCGUGUGCCACCUCCAUCCACUUCAGCAUGAAAUAGUUUC
0	UCUAGUUCCUCAUUUGUAAAAACAGAGAUGAUUGGCCAGGG
1	GACGGAGGACUAUUAGGUAUAUUAGAAGUAAUAAUUGAUUG
0	GUCCACUGGAUCUAGAUAGUAAAUGAUGUACUGAGAGUUAA
0	GAGGUUUCACCGUGUUGCCAAGGCUUGGACCGAGGGAUCCA
1	CGGUCAACGGGAGGCUUCUCAAGGUAGGUAUGGUUGGGGAU
1	GGACAGAGGCCCAAUGGGUGAAGGCUUUGAAGAGCACACAG
1	UUGUCUGUGAAGUGGGCGUGAAGAUCGUUGCCACCUUCCAA
1	CCCUUUUAACUGUCGGGGGAAGUAUAUGCGUGUCGCCGACU
1	CUGUGACCCCAGCUACGUAAAAGAUCGGGUAGAAAAAGUGG
1	ACAACUCGGAGUGAACAAUGAAGAUUCAAAGGUAAGAAAUG
1	AGGUUUGAUAGAAAGCUGAAAAGAUGGGAAGAACCUAAGGA
1	AUGGAGAACCUGCUGAAAUUAAGAUCAUCAGAGAAGCAUAU
1	GAACCUGUAAAGCCAAGAAGAAGAAUGGAGAGCCGUGCACG
0	AAGUUAUAGCAAAUUUUACUAUUCCUUUUUUUUGAGAUGGA
1	UCUGUCCGAACAGUAGCGACAAGCACGGCGCAGCUUGAGCU
0	GCGAUGAGAGGAUAUCACUUAAUUGAGUAGGGAAUGCAGUG
0	UAAGAAAGGAGAAUAAGCCAAAGAGAAGCAACAGUGGGGAU
0	GCAGUGAGACCAAGGGAAGAAGGGACAGGACCCCGCGAAGG
1	AUCAUCGGUCUGUGGCCGGAAAGAUCCAGAAGCUCUCCAAA
1	UCCAAGUCGAGAACACUUGAACACACAGAAGGGAGACCCCG
1	UCUGGAGAAUCAGUACCGGAAAGAAAAGGAAGAAGCCGAUC
0	ACCGUACUCCUUCUAAAGAGAGUAGUCAACUGAUAUUAAAG
1	GCCUGAAACAGACCUGCAUGAAGUUCUACGCACGCGUCUGC
1	GGCGCUAGCAAACUUCUGCCAAGAUCGGAACUGAGUACUAA
0	UCUGAGAUGCCAACUGACGUAGCUCAUGAGUAGCGUAUCCU
1	GGUCAACGAAUAGGAGGUCGAGUCCAUGUCGUGGUAGCCAA
0	GAGGGCAAACUGGCCAUCUGAGGAGAUAACCACAUCACUAA
0	UGCAACUACACAUCCUCCUUAUAGUUCUUGCUUUCCUUUCA
1	GAGCAUUAAACCUGAACCAGAAGAUCGAGAGCCUAACUUUG
0	GGCCACUGUUAGCCCCUACAAGCUGGCUUCUGUGUCCUUUU
0	CAGGCCCCUGAAUCUUAUGAAGAUGGCCUCUUCCUUUGCCU
1	CACUGAUAUAUCGUAGAACAAAAUGAUACACCGUCCGUCGC
0	AACGAGAACAGGUUUGUGUUAAGAUUUGAGUUCAACUUCUA
0	GGCCUGUGCCUUGCUAGCUGACCUGGAGAUGCUGCCUGGUG
0	GCACUUGUAAAUAAUUCUCCAUGGCCAGCAUAAAGCGGGUU
0	AAUAUUCAAAAAUAAAAACCAGUUCAUAAAAUAGCUGAAAG
0	AUACUGAACUAUACACUUAAAAAUGGUUAACAUGGGCCGGG
0	CAAUGCUGCAGUUCCUGAUGAGAUCCCCCCUCUCGAGGGCG
0	UAAUAGAUAAUGUUGCAAUUAACAUCUCUGCAUAAAGUUUU
0	AUUUGCUCAUCUUGCCAUUCAAACCCCUCUUAUUCAUGUUG
1	UUAUGGACUCCGUGGCUCGGAAGUCGGAAGAGCACUGGACC
1	UCAAGGCUGAGUCUGAGCACAAGAGGAAGAAGCUCGACGCG
0	UCAGCAGAAUUCAUCAUUCUACUAAUACAUGUGAUUACUCA
0	UGUUUUCUUUCUUUGCUGCUAUAGGGAAAUGAGACUUUUAU
1	ACAACAUGGAACUCAUUAGAAAGAUCUAUAGCACUCUGGCU
0	AGAAACGUUUAAUAGAAAUAAAAAGGUCUGCAUAGAGCCGA
1	UGAUCAUCGCAGACUGCGGCAAGAUCGAGGUGGAGAAGCCC
0	UCUCAUAUCACGAACAGCAAAGCGACCUAUUAAAAAAAAAG
1	GCCGGCUCUACCUAGAGAACAAGAUCCACACACUGGAGCUG
1	UAGAAGGCUAUGGCAGCAAGAAGAUCGAUGCUGAGCGGCAG
1	CUUUUCUAGACAUAGGUCGGAGGUCAAAAUCAGAAUAUCUA
1	UACAGGUUGUUAGUAGAGAGAUCCUCAGCAUGAGCCUAGGG
1	CGUGCUCAAAUCACUGCUGGAAUAUUGGAAGAGCCAACAGA
0	UCUACCCAGCGUAUAUGCAAAGAACAUUCACUUGAGCCUGU
0	AGAGAGUAAUGAGUAGAACAAUCUGUGUUUUCUGGAACACU
0	AGCCACACCCAGGUCUCAGGAUCAUCCAUAGCUGCUUGGUU
1	AGGCAGUCCGAGCCCUGAAGAACAGUAAUGAUAUUGUAAAU
0	AGAGAGAGAGAGGGGAAAAAAAUACCAAACCCUUGGGAAGA
0	CAUGGGGCGGCAGUCAUGUUACACUCCUGCAGGGCACAAGA
1	CGGGCAAGAUGCUGAUGAGCAAGAUGAACAAGAGCCGCCAG
0	CAGAAACCCCAACUUUUCAAACUAAAGCUCCCCCUAAAAAU
1	CACUGUAGGUAUGGACAGGGAAGAAAGGAAGACCAUCAAUC
0	UCAUGCCAGCCUUGUAUCCCAGGAAGGCUGUGAGGUGGACC
0	CCCCCCAGCUCGCCCGACCCAUCCUGUUCGUGAAUAGGUCU
0	GUGUAGGUGACAGUGUGCACAGGUAGGUGACAGCUGUGUGC
0	AGGAAACUGCUUAUUUUUCCAUUUAAAGAUAGUUUUUUUCC
1	AUCGAAGUCUGAAGCCUGUGAAGAUCGCUGAGAGCGACACU
0	AUUGAUACAGUAGGCAAUGCAAGAUUUGAUCUCAAGGAGAA
1	ACCAGUUGAUUAACAAUUAUAAUGGACUAAAUAAAGCGUUG
1	GCAAGCCCGUGGACUUCAAGAAGAUAAAGGUAACCCUGACG
1	GUCGAAUCGGUCUUCGUCGAACGACUAGGGCUAUCAGAGCA
1	GGAACUUUGAUCUUCCUAAGAAUUAAAGUUGCCAAAUUAUU
1	AUGCAGCCGGGCUGAGGCUGAAGCCUGGUACCAGACCAAGG
0	UUCCCUUGGCUAGGAAAGGGAAUUCCCUGACCCCUUGUGCU
0	ACUGUUUAAGGCGGAACCCCAGCUGCCUGGGGAAAGGAGAG
1	GGUAACCUGGCCUGGGCCUGAAGUGAGUGAGAGGCACAUGA
1	AAUUGAUGCAUGUUGACUGGAAAUUCCACUUUGAGGAAGCC
0	UAUGACUUGCAUUCAUCCCAAAAGUCCUAUAACUAAGGUCA
1	AUCGUCUGACAUGAUAAUGUAUUUUUGUCCUCUAAGAAGUU
1	AAACCUCUGGCGGCACGCAUACUCGUCAAGCAUGCGCUAGC
1	ACUCUGUGCAGCUAACCAGGAAGAAGGAAGAGGAAACAUUU
1	UUGGACGUAUUGGAACCCCAACUGCAUCUAGGCCGCCGAGG
0	CCCGACGCUGUUCGGAUUAGAUUGCUAAUGAAAAGGCACAA
0	CAUGUUGCAACAAAAUUUUAAAAACAUAUUAUUUUGGAGAA
0	GCAGGUGCUGUGAGAUGUCGAUUGGUGUCUCUCCAGAGCAC
1	AGUUCGGAGUGUCCCCUGACAAGAUCAGUCUCCAGCAAGGC
0	UCCCAGGGGCCACAACACCGAGGAGCCUUCCAGGGAAAGGU
0	UUUAGUUUGAAUUAUGUGACAGUUGGCAUGGCAUAGUGGUA
0	GAAUAGAAAUCAGGAUGAUCAAGGUGAAGAACAACACAAUU
1	UUUAACGCACUAGUCGUCUAAUGUAGUAAAGGACAUGCAGA
1	UUGACCAGAAAGAAUGACAGACACACUAAAUGAGGAGCUAA
0	GGUAUGAGAAGAUUGACUCCAGUUUUGAAAGAACUUCUAAU
1	GGACAAGGAUCUGCAAAUUGAAGUGCAGGUAAGAGGGCACA
0	CUUUCACAAACCUACAUGGUAUAGCCUACGACACACCUAGG
0	CUGCUGGCCACGUGCUGGCCAUUUUUCUUCACAUGCACCAG
0	UUUUUGUGGGGGUGGGGGCAAAAUAUGUUUUCAGUUCUUUU
0	AAUGAGUUAUGUAAUGAGGGAAACUCAGUAUUACAUUAACA
0	AUAAUGUCAGCAGAUAACAAAAAUGAUCUCUUUAUAGAAUA
0	UACACACUGAAUUUAUUAAUACAGCAUUAAGUUUCUUUGUG
1	AAGAGGGUUGGAGACUGUUCAAGAUCGACAAGGAGUACUUG
1	GUCUACGGCUUAAACUUUGCAAGUAAAGAAGAGGCAACCAC
1	AACCCCCAGCACUGCCACCAAAGAUCGGAACUCCAACAAGA
0	UGAUGUACACGUAGGUUCUCAUCUGCAAUGUGGUUCGCCCG
1	CUCCUCGCGAAGUGAACCUGAAGGGCGGAAAGGCACUAUUU
0	AGAGUUCUUAGAAUCCCCCAAAGCAGGGGCCAAGUAGGAAU
0	CAACAGAGGAGAUUCUGUCGAAAGAAAGAGAGAGAGAGAGA
1	ACUUGAGAGGACCAGAUGUUAAGCUCGAAGGGCCCGAUGUU
1	AGAGCCCUGUAGCAACUUGGAAGACACAGAAGACACACGGA
0	CUUGUAUCCACCUUAAAACUACCAGAUAUAAAAUAGCUUUU
1	GCACCAAGAACUGGACAGAGAAGAUCUUGAGGCAGACAGAG
0	CAGCCUGGACUGUUUGUCUCAGAGGCGCAUACGUUAACCUG
0	GGCAUAGGGCAUGACAACCCAGGGCCAGCCCUGGAACACAG
1	AUUUAUUGUGAACACUCUGAAAGACGGAAGGUAUGUGCUGU
0	GGGCUGCUUGGUGGAGAGCAACAGAAGGCUUUGAAGGGGAA
0	CCCUUGCCCCUCUACAGUAUAUCAUCCACAUAACCUUCUCA
1	CGGCUACGAUUAUUUUAGGUAAUGAAGUGAAGUAUCAUAUA
1	GGAUUACCCUGCAAAACAGGAAGACAAAGGAAGGGCCAAGG
0	AUAAGAAAAAUGUGCAGUAGACGCUGUUUGUCCGACGAUGA
1	AGGAGCGUCUUAUAGCUCCCAUCAGACACUUCCUUUGCAUG
1	GAGGCGACUAGCCACUGUGGAAGAGAGGAAGAAAAUAGUUG
1	UUGGGAGGAAAUUAUUCCAGAAGAUCAAAGAAGACGAUUAG
1	AGUGAUCGAACACCAGACAGACAUGAAAUACUAGACCAGAA
0	UCCUAAUUUCAAAGAGUAGAACAUGUGAGUUGUGACCAGAC
1	AGGACUUCAGUGACUCGACGAAGAUCCCGGUCAAGAGCAUC
1	GAAGAAGCUUGGACCUAAGAAAGAGAAGAAGAGCAAAUCCA
1	GAAAUUUUGAACAGAUCACCAAGAAACAGAAAGCCACGAAG
0	CAAUCUGGGGAAAAGCAGGGAAGGGAGUUUCAGGAUAACAG
0	AGCUAAAGACAACUGAAUAAAAUGUUUGCAAGUGUUUUAAG
0	CAGCAGUCUGGGAGACAAAGAAGGCAGGAGGCUUGCUCAAG
0	GAUGAGGCUUUGGGGAUUCUACUGCCGUUGCUGCCAUUAGC
1	CCGACAGCUAGUGACAGAUGAAGAUGGAAGAACAUACCUUU
1	GAUCCAGAACCGGCUGGAGGAAGAUCAGGAAGACAUGAACG
0	GCCCGGGGCACGUGCUUGCCAGCGCCCGUCUCACUGAAGAA
1	GACUCUAGAGAAGAUGCGAAAAGAUCAAGAGGAAAGAGAAC
1	CUGGCGGACUUGUCUUCUGGAAGUUCGGGUGAGGACGAUGA
1	UCGCGUUUAACAGUGUUCGAACUUGUCCGGACCGACAUUCU
0	GAAGUGGAGCUGUUGUCCCAAACCUUCCUGUCCUUGCUCCC
0	GAUUAUCCAUGAAUUGUUGAAGGUAGGUGAUCAGUACAAAG
0	AAAGAGUACUUUUGAAAUACAUUUUAAAAUACAUUCUUGAU
0	AUAAAAGCACACAGAGAAAAAUAAAAGAAAAAAAUAAAACA
1	UAAGGACUCUGUCCCCAAGGAAGAUGGGAAGGAAAGCACAA
0	CUGGCUACCAGAUGCUUGUUAUUCAAAGAUUUCAUUACGGU
0	ACUUGAUGAUACCAACCAAAACCUAAUAAGAUUUUUCUUGU
1	UCGCAUUACUUGUAGAAAACAGGAUCAAGGAAGAGAUGGAG
0	GUAAAAAACCUACAGAUAAUAUUAUUCUUAAUGGGAAAAAU
1	GAUGCUCCCCGAACAAGAUGAAGACAGUGAAGUGCGCGCCG
1	ACUGUUCCGAUCUUGGAUAUAGCCUCAGCACACUUUCGUUA
1	GAGUUGCUGUUACACAUAGGACGAUGAAAAAGUUAGUGCUC
1	CAAAGUGUGUUCGUCCCUAAACCCAUCACUGCUCCCAUGGG
0	UCACAAAAAGGAGAACUGAAAAUUUAGACAUACAGUUGGCC
1	CGCGCUGUACUCUUUCUUGGAGGUAGCCCUUGUGAUACAUC
0	UAGUUCCAAUAUAGCAAAGAAAGAAACUCUAGAGUUUAAGA
1	ACCUGCAGAAUGUGGACAUGAAGAUUGGGGUGUAACACCUA
1	ACCGUUACUGUGAAUGAGUGAAGAUCCUGGAGGACCCUGGG
1	GUCUACUGUAGGAACAAUGAAAGAUCUCAGUGAGCACAGCG
1	UGGAAAACUCAGAGAGGAUAAAGAUCAUACGACAAAACCUA
1	CAUCGAGCGACGGCCUGUCAAAGACGGUGUGUGUGUGUUCA
0	AUUCACAUAGGCAUCCCCCCACCCCACCCCACCCUCCACCC
0	GGUUAAAGGAAUUGCUAACUAGAAUAACCAGUUUAGAGAGG
1	UGAUGCCGAGUUUGAUCGAAAUGGAUGAGGGUAAGUUGGAG
1	GGAGAUCGACGUGUGGACCGAGGAGCGGAAGGGCACCCUCA
0	CGGGAGAGGGGCGGGACCAGAAUGGGGCAGGAGUUGGGGCA
1	AAGUUUUAGUUACUCUGGAGAGGAGAAAGGGCCGGCGCGCG
1	UGAAGAAGGACCCUGGGAAGAAGAUCAAGAGAAAGAAGAAA
1	GAAAGAAACUGCAAAGGAUGAAGAGGAAGAGCCUCCCAGCA
0	ACACACACACACACACACACACCUCUCUUAUUCCUGGCCAA
1	CAGUGUUGCCUCUAACAAUAAAGAUCAGAAUUCCAUGAAAC
1	AUGAGGGAUCCUGCAAGCAAAAGAUCAAGAGGAUUUGGUUU
1	GCCUGGGGAACAGGAGAGCAAAGAAGGGGAGCACUUAGAUU
0	UUCCAGCACUGUGGGAGGCCAAGGGUGGGUAGGUCACUUGA
0	GCAUUCCUGUUUUGUAUAUGAAAUUAGAGUUUAAAUUGCUC
1	GCUGUAUUUUGGUUCCUAGGAGUUCCUCACUGAGGCCUUGC
0	AGAUCAGAAGGUGGGAGGAGAGAAAGGUUGGUGUGUUCAUU
1	CGUCUGACCCUCUGACUGUAAAGAUGGGGAAACCGAGGCAC
0	AGCUCAGUCAGGUACUGGCAAGACAGCCACAUUUGCUAUUU
0	AGACCCUAUUUCAGAAAUACAACUAUAAAAAAAUAAAUAAA
1	GUCCAUGCACUAGUGGGCCAAUCCAUUGAGGGCUAGUUUGU
1	ACUGGACUUACAGUUUUCCGAAGAUGAGAAGAGGUUGUUGU
0	CUUCACACAGGUAGAGCUGCAAGGGCCCAGGAAUGCCCCAC
0	UUAAUAGCAACUGGUACCAUAAAAUUUCUCUACCUUUGGUU
1	AGAAUGUGGCUGGAGCAAUGAGGAUCGGAUGCACUCGUUGU
0	UGGGGUAUGCCGGCUCCAGGAAUGUGAUGCUCAUCUGGUUG
1	GGAGUUGACGUCAACGUGGUAGGUGUACAAAUUACCCUGAA
1	UACAUCACCGCCCCGACCUUAGCUCUCACCAUCGCUCUUCU
0	CUGCUAUGAAUUAUUUUUUUAAAAUAUGGCCAUUGCACUCC
1	CUUAAAUUCAGCGGGUCGCCACGUCUGAUCUGAGGUCGCGG
1	ACAAUAAAAACUCUGUCCUCAAGUUUGAACAGGCACAGAUG
0	AGAGAGAGAGAGAGAAAAAAAAAAUAACACUAGGUCUCUCA
0	AGCGCUGAACACUGCACGAAAGCUGAGUUCUCCUCUCCUGA
0	UGCUGGCCAGGCCCCCUUUCAAGGCCUCAGUUUACCUGUGA
1	GACACGUGCCCAGAAAGUAGAAGUGAAGGAGGAGCUGUUAG
0	GUCCAGUAAGUAAAACUCAAAAAUUAGUUCUUUAAGUAGAA
0	UGAUGCUGGUAAUGAUGAAAAACCGACAACUCCCGAGCUCC
0	AAACAACUUCAUGUGAACUUAGGUGUACUCUCUAUGUUCCC
0	AACUUACAAUUUGGUGCCAGAUUUUCAUCUUAGGAGACACU
0	AUAUUUGGAAUGACUAUUAAAAAAACAACAAUGUGCAAUCA
1	AGGAAUGUCUCUGAAUGAUUAAGAUCUAAGAGUGGAUAAUG
1	AAAGGGGGAACCUGAGAAUGAAGAGAAGGAAGAAAAUAAGU
1	GUGGAGGAAGAGCCACCUGCAAGAUGGACACGAGCCACAAG
0	CAUAUAUAUCUAAUAUACAUAUAUGUAAAUAUUUAUUUAUA
0	CUUCAUUAUUUCUUUUCAAAAUUUCUUAGUUUUAUGUAUUU
0	UGGGACCACAGGUGUGUGCCACCACACCUGGCUAAUUUUUA
0	AUUAUGGCUUUACAUUGAAGAAUCAAGGCCUAUAGUGAUUA
1	GAGAAGGAAUCUGUCAUGUGAAGAUCUGGGAAGCAGGUGUA
1	AGAUGAAAAAAGUGACAAUGAAGAUAAGGAAGAGACGGAAU
1	UGGCUGAACAACUGCUAGAAAAGAUCCAGAAGGAGCCCACA
0	UACAAAGUGUAAUUUUAAAAAAUCUCAGUUUUAAAUUAGUG
0	CCCGCCACACGCCACCCGUCACCUGCCACCCGCCCCCCGCC
0	AAAAAAAAAAAAAAAAAAAAAAAAAAAAGUAGCCAGGCGUG
0	CUAAGAGCACUGAUAGCCUAAUAUUCUAUAAUUAUAUCAUU
0	AGCUCCGCCCUUGCGGCGCCAUCUGCCCGGAGCCUCCUUCC
0	GAGAGAGAGAGGACAGUAACAAUGCUGGCAUGGGGAGAUGU
1	GGACGAAGAUGGAGACGAGAAAGUAAAGGCGGGUUAUUUGU
1	AAAAGUUUCAGCCAAUGAACAAGAUCGAGAGGAGCAUACUG
1	CCAGGGAAUUUAUCAGAGCAAAGUUCGGGAGCUGAUCAGUG
0	AUCUCUUAGUUACUAGAAUUAGACUGUUGAAUGGCUAUAAU
1	UUGGAGCAUUUGUGUUGAUGAAGAUGAAAGAGACUGCAGGU
1	AUUUCCAGGCCUUGGACAAGAUUCGCUAUGAGAGCCUGACA
1	GAGGGCACCGUGGAGCUCAGAAGGUGGGUGCAGAGAGGGCU
1	ACUCCAAAGACUGCAGCUUGAAGAUAAAAGAGAGCACUGCG
0	UCAGCCAGUCACAAAAGGACAAAUGUGAUUCCACUUAUAUG
0	AGGUACUGCUAUUAUUUCCCAUUUUUAUAGAUGAAAAGAUU
0	ACAUAUUCACAAUUCUAUAAAACUGUGUACUGGAAAUCAAU
0	GCAACCUCCGCUUUAAUGAAAAUGCUCUUCUUCUGAACAAU
1	ACCUUCGAUCUCAUGAUGCGAGAGUGAGGACCGCGAUUUAU
0	ACCUGUCCUCCACUUCUGUCAGGACUUGACAGCAAAUCUGU
0	UACAUGAAGAAACAAUAAAAAUAAGAACCAAAAAAUGUGAU
0	CUCGAUCUCUUGACCUCGUGAUCUGCCCGCCUCGGCCUUCC
1	AAUUGUAUUUUAAGAUGAAGAUUUCGAAACAGCUGUCAAGA
1	GGUGCGAGAAUCAAGGGCGCAUGUAUUAGCUGCGCAUAGAG
1	UGUCGUCUCUGGGACUGUGAAACAGGUAAGCUGGGUUCAUU
0	UUCUGGGAAUGCUUCAAGAUACAUCUGACCCAAACACCUGC
0	GUGUUUUCAUCCAUUUAGCCAUUUGUUUCACCUGCUAUGGC
1	ACAAGUUUGUGGAGGAUACAAAGAAGGGAGUGCACCAGAAG
0	GGCUACAGGGAUUCAAUUGUAAUCAAAAGAGGCUCCAGAGU
0	UUUGCCAAAGAGGUAAAGCUAUUUUACAUUUUCAUGAGCAA
1	GAGUACAGAAUUACAGUAUCAAUGCUUAUCGCCAUUAGUGU
1	GCGCGAUUAUUGCUAAUUGAAAACUUUUCCCAAUACCCCGC
1	UGUAGUGACACAGCCCAGGAAAGAGCGAAGAGCAGAGUCAG
1	CCAAGAGGGACAAGAAGAAGAAGAAGGAGCGGAGCAACCGG
1	UUUGGCGGAGUAACUUGACGAUUUCUGAACAUUGUUGUUUA
1	AAGACUGGGAUGAGCGGGCCAAGAUCGAUGAUCCCACAGAC
0	CCCCUGAGUGCUUCAGAUCCAAACUGAUUCAUCCCACUGCC
1	UCACGGACUUCGGCCUGUCCAAGAUCGGCCUCAUGAGCAUG
1	CAGCAGAGGCCAAGAUCAAGAAGAUGGAAGAGGAGAUUCUG
0	CAUUUUGAAAGCUCUCAUGUAAGGCUGAAGCAGGAGAUAUA
1	CUUUAACUUGGAAGGACCAAAAGUGAAAGGGAGCCUUGGGG
1	CAGGCAUCGCAGGACUCAUGAAGGUUAGUUGGGCAGGUUUU
1	CUCUCUACGUCAAGGAGAACAAGGUGGGUGCGUGGGCGAGG
1	AACGUGAAAGUGAACCUGAAAAGAAAGGAAGAAAUAAAAAA
1	CAAGAACUCUUUGACAUCUAAAGAUCCAGAUAUCAAGGCAC
1	AGUCUGUUGCCAAGGACUCUAAGAUCAAUGCACGUCACUUU
1	GGGGCAAAUUACCAAGGGCAAGGAUGGGAAAAGCAAGUACU
0	UGCUUUAAAUAUUUCACUUCACUCUCUCCUUGCUUGCAUUG
1	ACUCGAGCCUGACUCGGGAGAAGAUCGAGGCCAAGAUUAAG
0	GCAAAAGCAGUGCUAAGAGGAAAGUUUAUAGCAAUAAAUGC
0	UUCUUUAUCUAGAUCUUUAAAAGUGAGUAGAUGUUAGUAGU
0	AGGGCAGGGUUGCCCACGCUAAUGCUGCAUAUAAAACAGAC
0	AGAUGCAGUUCAAAAAAAAAAGACAGCUUCUUAUAUUAGUA
1	CAAGGGCCACGUCAUCUACGAAGGCAAGAAGGGCCACGUCU
